order_item_id,order_id,product_id,quantity,unit_price
1,1,195,3,97.24
2,2,57,1,51.30
3,2,49,4,182.19
4,2,35,1,291.27
5,2,46,3,30.13
6,2,48,1,206.81
7,3,133,1,46.80
8,3,23,1,311.08
9,3,121,3,40.24
10,4,77,2,28.30
11,5,128,4,46.60
12,5,148,2,42.76
13,5,97,3,388.13
14,5,57,2,51.30
15,6,130,2,40.37
16,7,135,2,53.76
17,7,79,3,233.68
18,7,57,1,51.30
19,7,64,4,50.42
20,8,56,2,174.98
21,8,2,2,239.88
22,8,62,4,205.44
23,8,93,3,318.36
24,9,134,3,19.36
25,9,112,2,307.14
26,10,94,3,281.05
27,11,189,4,57.74
28,12,1,2,500.72
29,12,135,4,53.76
30,12,100,4,86.91
31,12,46,3,30.13
32,13,151,1,53.45
33,13,11,2,691.54
34,13,180,3,109.81
35,13,56,1,174.98
36,13,102,1,17.15
37,14,150,3,45.00
38,14,14,3,750.61
39,14,71,3,271.85
40,14,192,4,14.31
41,15,138,1,54.31
42,16,150,3,45.00
43,16,146,3,27.35
44,17,116,4,163.33
45,17,19,2,816.54
46,17,15,2,875.17
47,18,124,3,44.55
48,18,29,2,665.28
49,18,114,4,386.72
50,18,75,1,108.00
51,19,142,2,36.11
52,19,180,3,109.81
53,19,117,3,298.11
54,19,200,1,21.95
55,20,164,3,69.89
56,21,101,3,329.79
57,21,191,3,103.44
58,22,141,2,44.68
59,22,112,3,307.14
60,22,76,3,248.97
61,23,161,2,9.08
62,23,157,4,19.33
63,23,55,1,247.20
64,23,164,1,69.89
65,24,99,1,151.45
66,25,19,4,816.54
67,26,72,1,207.50
68,26,110,4,431.78
69,26,169,4,96.92
70,26,136,2,16.82
71,26,194,4,74.31
72,27,186,2,118.92
73,27,185,4,4.70
74,27,167,1,106.22
75,27,197,3,63.01
76,27,184,3,93.38
77,28,2,3,239.88
78,28,4,2,327.69
79,28,67,1,39.92
80,28,200,4,21.95
81,29,180,4,109.81
82,29,64,4,50.42
83,29,72,1,207.50
84,29,110,3,431.78
85,29,72,4,207.50
86,30,78,2,92.26
87,30,75,3,108.00
88,30,13,1,522.46
89,30,54,1,52.55
90,30,70,3,47.08
91,31,93,4,318.36
92,31,13,4,522.46
93,32,24,4,811.59
94,32,25,4,250.49
95,33,151,3,53.45
96,33,168,4,4.90
97,33,180,4,109.81
98,33,77,1,28.30
99,34,172,2,66.83
100,34,163,4,81.90
101,35,92,3,391.62
102,35,128,4,46.60
103,36,188,3,16.87
104,36,77,4,28.30
105,37,155,4,24.51
106,37,176,2,24.47
107,37,177,3,103.55
108,38,31,3,609.25
109,38,15,2,875.17
110,38,166,3,61.71
111,38,122,4,11.28
112,39,105,1,27.39
113,39,28,4,549.50
114,39,188,3,16.87
115,39,109,2,191.43
116,39,129,2,31.16
117,40,105,1,27.39
118,41,16,2,537.37
119,42,83,2,88.66
120,42,55,1,247.20
121,43,9,2,746.78
122,43,138,1,54.31
123,43,41,3,224.09
124,43,52,1,47.09
125,43,98,4,324.18
126,44,13,4,522.46
127,45,38,1,117.99
128,45,177,3,103.55
129,45,139,4,26.08
130,45,135,3,53.76
131,46,46,1,30.13
132,46,70,3,47.08
133,46,127,2,45.09
134,46,63,4,293.35
135,47,95,3,418.23
136,48,87,4,282.19
137,49,167,3,106.22
138,49,151,3,53.45
139,49,188,2,16.87
140,50,182,1,100.88
141,50,31,4,609.25
142,50,97,4,388.13
143,51,57,2,51.30
144,51,35,2,291.27
145,52,42,1,81.37
146,52,76,1,248.97
147,53,103,4,258.65
148,53,150,4,45.00
149,53,79,3,233.68
150,54,93,2,318.36
151,54,130,1,40.37
152,54,163,4,81.90
153,55,81,3,310.43
154,56,164,2,69.89
155,56,101,2,329.79
156,56,60,2,179.81
157,57,39,3,380.34
158,58,95,3,418.23
159,58,67,2,39.92
160,59,124,4,44.55
161,59,142,1,36.11
162,60,34,3,426.41
163,60,143,4,59.98
164,61,2,4,239.88
165,61,45,4,150.59
166,61,114,2,386.72
167,61,17,3,446.15
168,61,153,1,53.97
169,62,126,4,25.37
170,62,35,4,291.27
171,62,32,2,574.26
172,63,90,4,370.03
173,63,16,4,537.37
174,63,95,4,418.23
175,63,161,4,9.08
176,64,183,3,92.22
177,64,42,1,81.37
178,65,188,4,16.87
179,66,178,4,39.29
180,66,40,4,633.55
181,66,175,3,53.39
182,66,153,3,53.97
183,67,68,2,104.26
184,67,22,3,129.18
185,67,141,4,44.68
186,67,198,1,49.14
187,67,197,2,63.01
188,68,125,4,32.57
189,68,11,1,691.54
190,68,57,2,51.30
191,68,132,4,33.38
192,69,14,3,750.61
193,69,128,3,46.60
194,69,22,2,129.18
195,70,66,1,60.34
196,70,151,3,53.45
197,70,128,1,46.60
198,70,79,2,233.68
199,70,99,4,151.45
200,71,32,1,574.26
201,71,188,3,16.87
202,72,42,4,81.37
203,73,134,1,19.36
204,73,172,2,66.83
205,73,62,2,205.44
206,74,41,1,224.09
207,74,155,4,24.51
208,74,181,4,13.99
209,74,42,1,81.37
210,75,93,3,318.36
211,75,117,4,298.11
212,75,136,2,16.82
213,75,59,4,264.27
214,75,56,1,174.98
215,76,138,2,54.31
216,76,50,3,237.25
217,76,118,2,259.42
218,77,145,1,16.73
219,77,145,2,16.73
220,77,22,3,129.18
221,78,119,1,390.51
222,78,146,2,27.35
223,79,30,2,281.92
224,79,6,2,871.62
225,80,169,1,96.92
226,80,116,3,163.33
227,80,100,3,86.91
228,80,113,4,78.35
229,81,77,2,28.30
230,81,108,2,231.27
231,81,89,3,183.76
232,82,23,1,311.08
233,82,150,1,45.00
234,82,49,3,182.19
235,82,144,1,46.06
236,83,3,4,136.62
237,83,94,1,281.05
238,83,31,2,609.25
239,84,12,2,788.04
240,85,110,3,431.78
241,85,160,3,45.74
242,85,37,3,429.72
243,86,9,3,746.78
244,86,108,3,231.27
245,86,188,3,16.87
246,86,168,3,4.90
247,86,168,3,4.90
248,87,105,4,27.39
249,88,197,2,63.01
250,88,84,3,198.78
251,88,145,4,16.73
252,88,149,3,28.06
253,89,165,2,65.60
254,90,55,4,247.20
255,91,166,2,61.71
256,91,200,3,21.95
257,92,131,4,51.37
258,92,24,4,811.59
259,92,66,3,60.34
260,93,116,3,163.33
261,93,154,3,6.98
262,93,42,4,81.37
263,94,163,4,81.90
264,95,49,3,182.19
265,95,125,4,32.57
266,96,134,1,19.36
267,96,34,4,426.41
268,96,31,2,609.25
269,96,192,3,14.31
270,97,84,2,198.78
271,97,36,1,558.56
272,97,169,2,96.92
273,98,69,4,258.65
274,98,37,1,429.72
275,99,148,1,42.76
276,99,170,3,16.89
277,99,187,4,12.37
278,99,138,1,54.31
279,100,12,4,788.04
280,100,116,3,163.33
281,100,37,4,429.72
282,100,130,1,40.37
283,100,179,4,29.88
284,101,156,2,47.44
285,101,42,1,81.37
286,101,161,4,9.08
287,101,144,3,46.06
288,102,128,4,46.60
289,102,80,3,253.61
290,102,198,2,49.14
291,102,52,4,47.09
292,102,131,3,51.37
293,103,3,3,136.62
294,103,123,1,37.05
295,104,8,1,743.01
296,104,144,2,46.06
297,105,200,4,21.95
298,105,101,4,329.79
299,105,94,3,281.05
300,105,176,4,24.47
301,106,123,4,37.05
302,106,30,4,281.92
303,106,129,4,31.16
304,106,84,1,198.78
305,106,130,2,40.37
306,107,108,1,231.27
307,107,100,3,86.91
308,107,161,1,9.08
309,108,94,3,281.05
310,109,140,1,13.39
311,110,42,1,81.37
312,110,96,4,48.32
313,110,5,1,294.97
314,110,49,3,182.19
315,110,112,2,307.14
316,111,47,1,66.78
317,111,121,2,40.24
318,112,78,4,92.26
319,112,137,3,16.72
320,112,127,2,45.09
321,112,126,1,25.37
322,113,100,3,86.91
323,113,180,3,109.81
324,113,183,1,92.22
325,114,68,2,104.26
326,115,198,4,49.14
327,116,186,1,118.92
328,116,154,2,6.98
329,116,70,1,47.08
330,117,72,2,207.50
331,118,108,3,231.27
332,119,65,1,153.24
333,119,83,2,88.66
334,120,154,2,6.98
335,121,131,1,51.37
336,121,105,2,27.39
337,121,165,4,65.60
338,122,38,3,117.99
339,122,129,2,31.16
340,122,2,2,239.88
341,122,197,1,63.01
342,122,52,1,47.09
343,123,151,3,53.45
344,123,68,2,104.26
345,124,49,2,182.19
346,124,169,4,96.92
347,124,50,3,237.25
348,124,189,1,57.74
349,124,137,1,16.72
350,125,169,4,96.92
351,125,47,4,66.78
352,125,158,2,59.27
353,125,160,4,45.74
354,125,48,2,206.81
355,126,42,3,81.37
356,126,156,1,47.44
357,126,4,3,327.69
358,127,152,2,48.13
359,127,132,1,33.38
360,127,19,1,816.54
361,127,93,4,318.36
362,127,63,3,293.35
363,128,43,1,30.78
364,128,179,2,29.88
365,128,148,4,42.76
366,129,73,2,25.03
367,129,107,4,368.95
368,130,150,2,45.00
369,130,102,1,17.15
370,130,91,3,265.75
371,130,157,4,19.33
372,130,124,2,44.55
373,131,143,4,59.98
374,131,93,3,318.36
375,131,48,2,206.81
376,131,159,1,26.55
377,132,172,1,66.83
378,132,55,3,247.20
379,133,131,3,51.37
380,133,8,3,743.01
381,133,75,2,108.00
382,133,29,3,665.28
383,133,86,3,333.64
384,134,134,3,19.36
385,134,156,2,47.44
386,135,124,2,44.55
387,136,74,1,54.80
388,136,131,3,51.37
389,136,23,2,311.08
390,137,83,2,88.66
391,137,29,1,665.28
392,137,123,2,37.05
393,138,90,1,370.03
394,138,153,1,53.97
395,138,163,2,81.90
396,139,145,3,16.73
397,140,130,1,40.37
398,140,200,3,21.95
399,140,84,4,198.78
400,140,84,1,198.78
401,140,113,1,78.35
402,141,188,4,16.87
403,141,72,3,207.50
404,141,25,3,250.49
405,142,11,3,691.54
406,142,112,4,307.14
407,143,112,3,307.14
408,144,87,2,282.19
409,145,30,4,281.92
410,145,45,4,150.59
411,145,159,4,26.55
412,146,58,3,199.52
413,147,108,3,231.27
414,147,98,4,324.18
415,147,140,4,13.39
416,147,6,2,871.62
417,147,193,4,94.03
418,148,137,3,16.72
419,148,136,3,16.82
420,149,178,4,39.29
421,149,80,2,253.61
422,149,142,2,36.11
423,149,90,3,370.03
424,150,51,4,23.32
425,151,26,2,43.63
426,151,52,2,47.09
427,152,68,4,104.26
428,152,182,3,100.88
429,152,149,4,28.06
430,152,172,2,66.83
431,152,15,2,875.17
432,153,192,3,14.31
433,153,86,2,333.64
434,153,41,1,224.09
435,153,176,2,24.47
436,153,58,1,199.52
437,154,21,2,540.25
438,154,175,3,53.39
439,154,24,4,811.59
440,154,160,3,45.74
441,155,161,4,9.08
442,155,154,3,6.98
443,155,128,2,46.60
444,155,97,1,388.13
445,156,109,4,191.43
446,156,166,2,61.71
447,157,175,1,53.39
448,157,122,1,11.28
449,158,158,4,59.27
450,158,5,1,294.97
451,158,66,2,60.34
452,159,177,2,103.55
453,159,25,1,250.49
454,160,197,3,63.01
455,160,177,1,103.55
456,160,67,4,39.92
457,161,188,1,16.87
458,161,111,2,295.40
459,161,46,4,30.13
460,161,107,2,368.95
461,161,93,3,318.36
462,162,112,2,307.14
463,162,92,1,391.62
464,162,32,2,574.26
465,162,103,3,258.65
466,163,70,1,47.08
467,163,89,1,183.76
468,163,2,3,239.88
469,163,138,4,54.31
470,163,35,2,291.27
471,164,34,1,426.41
472,164,148,3,42.76
473,164,123,2,37.05
474,164,169,4,96.92
475,165,85,1,126.48
476,165,38,4,117.99
477,165,57,1,51.30
478,165,127,4,45.09
479,165,53,1,108.74
480,166,89,1,183.76
481,167,29,3,665.28
482,167,26,2,43.63
483,167,137,1,16.72
484,167,200,1,21.95
485,167,111,4,295.40
486,168,123,1,37.05
487,168,177,4,103.55
488,168,90,2,370.03
489,168,151,3,53.45
490,168,121,1,40.24
491,169,55,1,247.20
492,169,12,1,788.04
493,169,36,4,558.56
494,170,122,2,11.28
495,170,92,1,391.62
496,171,177,2,103.55
497,171,49,2,182.19
498,171,2,3,239.88
499,171,166,1,61.71
500,171,132,1,33.38
501,172,83,2,88.66
502,172,119,1,390.51
503,172,20,4,150.57
504,172,57,2,51.30
505,173,198,2,49.14
506,174,44,3,168.63
507,174,166,3,61.71
508,174,10,4,273.35
509,175,138,3,54.31
510,176,141,4,44.68
511,176,163,4,81.90
512,177,142,2,36.11
513,177,174,4,114.93
514,177,69,1,258.65
515,177,114,3,386.72
516,178,102,3,17.15
517,179,196,2,66.42
518,180,109,3,191.43
519,181,181,2,13.99
520,182,115,4,308.68
521,182,98,4,324.18
522,182,181,2,13.99
523,182,85,4,126.48
524,183,158,2,59.27
525,183,55,3,247.20
526,183,181,2,13.99
527,184,93,3,318.36
528,184,107,1,368.95
529,184,195,4,97.24
530,184,6,3,871.62
531,184,6,1,871.62
532,185,55,2,247.20
533,186,1,4,500.72
534,187,164,2,69.89
535,187,59,3,264.27
536,188,49,1,182.19
537,188,179,4,29.88
538,189,2,4,239.88
539,189,194,1,74.31
540,189,68,1,104.26
541,190,193,1,94.03
542,190,90,1,370.03
543,191,191,1,103.44
544,192,158,2,59.27
545,192,121,2,40.24
546,192,65,4,153.24
547,193,49,3,182.19
548,194,16,3,537.37
549,194,196,4,66.42
550,194,181,3,13.99
551,194,73,1,25.03
552,195,178,1,39.29
553,195,68,4,104.26
554,195,115,4,308.68
555,195,115,4,308.68
556,196,16,1,537.37
557,196,133,3,46.80
558,196,181,2,13.99
559,196,153,4,53.97
560,196,20,4,150.57
561,197,151,1,53.45
562,197,81,4,310.43
563,197,78,4,92.26
564,197,65,3,153.24
565,198,46,2,30.13
566,198,143,4,59.98
567,198,109,1,191.43
568,198,194,3,74.31
569,198,113,1,78.35
570,199,47,2,66.78
571,199,173,3,93.51
572,199,142,3,36.11
573,199,133,3,46.80
574,200,182,3,100.88
575,200,145,4,16.73
576,200,63,3,293.35
577,200,192,4,14.31
578,201,48,4,206.81
579,201,182,4,100.88
580,201,69,2,258.65
581,202,12,4,788.04
582,202,6,1,871.62
583,202,132,2,33.38
584,202,133,3,46.80
585,202,26,1,43.63
586,203,197,4,63.01
587,203,141,1,44.68
588,203,188,4,16.87
589,203,20,2,150.57
590,203,49,4,182.19
591,204,74,1,54.80
592,204,96,1,48.32
593,205,160,3,45.74
594,205,43,1,30.78
595,205,165,3,65.60
596,206,111,1,295.40
597,207,118,1,259.42
598,207,5,4,294.97
599,207,143,3,59.98
600,207,12,4,788.04
601,207,181,3,13.99
602,208,179,1,29.88
603,209,189,3,57.74
604,209,137,2,16.72
605,209,99,3,151.45
606,210,176,4,24.47
607,210,92,1,391.62
608,210,196,1,66.42
609,210,53,4,108.74
610,210,134,2,19.36
611,211,181,2,13.99
612,211,87,3,282.19
613,211,177,2,103.55
614,211,20,2,150.57
615,212,90,3,370.03
616,213,36,3,558.56
617,213,198,2,49.14
618,213,83,3,88.66
619,213,180,3,109.81
620,213,37,2,429.72
621,214,161,3,9.08
622,214,162,3,21.49
623,215,17,3,446.15
624,215,152,3,48.13
625,215,50,4,237.25
626,216,114,1,386.72
627,216,79,4,233.68
628,216,91,2,265.75
629,216,25,4,250.49
630,216,27,4,225.51
631,217,11,2,691.54
632,218,161,1,9.08
633,218,20,4,150.57
634,219,28,4,549.50
635,219,114,1,386.72
636,219,167,3,106.22
637,219,161,2,9.08
638,220,31,4,609.25
639,221,156,1,47.44
640,221,163,2,81.90
641,221,181,2,13.99
642,221,167,3,106.22
643,222,72,4,207.50
644,222,156,1,47.44
645,222,81,3,310.43
646,222,38,2,117.99
647,223,119,2,390.51
648,223,152,2,48.13
649,223,174,3,114.93
650,223,42,4,81.37
651,223,188,2,16.87
652,224,4,4,327.69
653,225,137,1,16.72
654,225,163,1,81.90
655,225,1,3,500.72
656,225,127,3,45.09
657,226,149,3,28.06
658,226,85,2,126.48
659,227,22,4,129.18
660,228,168,2,4.90
661,229,68,3,104.26
662,229,174,2,114.93
663,229,39,1,380.34
664,230,126,2,25.37
665,230,107,2,368.95
666,230,42,4,81.37
667,230,58,1,199.52
668,230,172,3,66.83
669,231,6,1,871.62
670,231,152,4,48.13
671,231,134,2,19.36
672,231,188,2,16.87
673,231,4,2,327.69
674,232,83,2,88.66
675,232,155,3,24.51
676,232,82,3,164.45
677,232,9,1,746.78
678,232,39,3,380.34
679,233,45,4,150.59
680,233,74,3,54.80
681,234,71,3,271.85
682,235,155,2,24.51
683,235,116,3,163.33
684,235,38,2,117.99
685,236,18,4,293.07
686,237,21,2,540.25
687,237,64,2,50.42
688,237,99,4,151.45
689,237,79,2,233.68
690,238,117,2,298.11
691,238,15,3,875.17
692,238,80,4,253.61
693,238,32,4,574.26
694,238,24,3,811.59
695,239,41,4,224.09
696,239,154,3,6.98
697,239,122,1,11.28
698,239,184,1,93.38
699,239,123,3,37.05
700,240,178,2,39.29
701,241,35,1,291.27
702,241,169,2,96.92
703,242,177,1,103.55
704,243,168,4,4.90
705,244,193,2,94.03
706,244,89,2,183.76
707,244,192,2,14.31
708,244,75,3,108.00
709,245,60,1,179.81
710,245,1,3,500.72
711,245,75,2,108.00
712,246,78,1,92.26
713,246,52,4,47.09
714,246,130,3,40.37
715,246,101,2,329.79
716,246,173,2,93.51
717,247,180,4,109.81
718,247,24,4,811.59
719,247,156,2,47.44
720,247,93,2,318.36
721,247,184,2,93.38
722,248,155,2,24.51
723,248,159,4,26.55
724,248,190,1,109.95
725,248,153,1,53.97
726,248,68,3,104.26
727,249,158,2,59.27
728,249,91,2,265.75
729,249,184,1,93.38
730,249,28,4,549.50
731,250,165,2,65.60
732,250,25,3,250.49
733,250,186,4,118.92
734,250,63,2,293.35
735,251,80,4,253.61
736,251,114,2,386.72
737,252,168,1,4.90
738,252,163,3,81.90
739,252,4,2,327.69
740,252,2,4,239.88
741,253,95,3,418.23
742,253,43,3,30.78
743,253,82,1,164.45
744,253,31,3,609.25
745,253,26,4,43.63
746,254,74,2,54.80
747,255,179,2,29.88
748,256,14,2,750.61
749,256,59,1,264.27
750,257,173,4,93.51
751,257,84,2,198.78
752,257,70,4,47.08
753,258,124,1,44.55
754,258,31,2,609.25
755,258,26,1,43.63
756,258,148,4,42.76
757,258,126,4,25.37
758,259,190,3,109.95
759,259,119,2,390.51
760,260,53,3,108.74
761,260,26,4,43.63
762,260,139,1,26.08
763,261,172,1,66.83
764,261,11,4,691.54
765,261,192,1,14.31
766,261,133,2,46.80
767,262,53,4,108.74
768,262,125,4,32.57
769,262,28,3,549.50
770,262,55,2,247.20
771,262,94,2,281.05
772,263,128,4,46.60
773,264,134,3,19.36
774,264,49,3,182.19
775,264,111,3,295.40
776,264,153,1,53.97
777,265,92,3,391.62
778,265,19,1,816.54
779,266,179,2,29.88
780,266,45,4,150.59
781,267,10,2,273.35
782,268,129,2,31.16
783,268,12,3,788.04
784,268,200,3,21.95
785,268,72,1,207.50
786,269,122,1,11.28
787,269,128,4,46.60
788,270,16,3,537.37
789,271,186,4,118.92
790,271,5,1,294.97
791,271,79,3,233.68
792,271,136,3,16.82
793,271,3,3,136.62
794,272,10,1,273.35
795,272,167,4,106.22
796,273,173,2,93.51
797,273,179,4,29.88
798,273,142,3,36.11
799,273,172,2,66.83
800,274,2,1,239.88
801,275,2,3,239.88
802,275,121,2,40.24
803,275,59,3,264.27
804,275,161,4,9.08
805,275,160,3,45.74
806,276,6,2,871.62
807,276,72,1,207.50
808,276,89,3,183.76
809,276,193,1,94.03
810,277,70,3,47.08
811,277,86,3,333.64
812,277,30,2,281.92
813,277,101,3,329.79
814,278,84,2,198.78
815,278,113,3,78.35
816,278,10,2,273.35
817,279,123,2,37.05
818,279,179,3,29.88
819,279,89,2,183.76
820,280,49,4,182.19
821,281,130,2,40.37
822,281,170,3,16.89
823,282,127,3,45.09
824,282,182,2,100.88
825,283,156,3,47.44
826,283,80,1,253.61
827,283,5,3,294.97
828,283,48,3,206.81
829,284,10,3,273.35
830,284,108,4,231.27
831,284,121,1,40.24
832,285,132,2,33.38
833,285,112,3,307.14
834,285,143,4,59.98
835,285,40,2,633.55
836,286,195,4,97.24
837,286,34,4,426.41
838,287,68,2,104.26
839,287,146,2,27.35
840,287,121,3,40.24
841,287,22,2,129.18
842,287,194,1,74.31
843,288,123,1,37.05
844,288,86,2,333.64
845,288,143,2,59.98
846,288,173,4,93.51
847,289,177,4,103.55
848,289,160,4,45.74
849,289,111,2,295.40
850,290,126,1,25.37
851,290,66,4,60.34
852,290,22,1,129.18
853,290,108,3,231.27
854,290,185,1,4.70
855,291,77,3,28.30
856,291,126,4,25.37
857,291,162,3,21.49
858,291,87,1,282.19
859,291,192,3,14.31
860,292,134,3,19.36
861,293,74,4,54.80
862,293,173,4,93.51
863,293,39,3,380.34
864,293,55,3,247.20
865,294,93,2,318.36
866,294,8,1,743.01
867,294,20,4,150.57
868,295,3,2,136.62
869,295,114,1,386.72
870,295,4,1,327.69
871,296,36,3,558.56
872,297,196,1,66.42
873,298,159,2,26.55
874,298,66,1,60.34
875,298,28,4,549.50
876,299,60,3,179.81
877,300,138,4,54.31
878,300,158,4,59.27
879,300,30,1,281.92
880,300,152,2,48.13
881,300,150,2,45.00
882,301,63,3,293.35
883,301,114,1,386.72
884,302,113,3,78.35
885,302,158,3,59.27
886,302,184,3,93.38
887,302,127,2,45.09
888,303,24,4,811.59
889,304,67,1,39.92
890,305,167,1,106.22
891,305,139,3,26.08
892,305,126,4,25.37
893,305,99,4,151.45
894,306,68,3,104.26
895,306,177,2,103.55
896,306,8,3,743.01
897,307,117,1,298.11
898,307,158,3,59.27
899,307,101,4,329.79
900,308,139,2,26.08
901,308,143,1,59.98
902,308,190,2,109.95
903,309,2,2,239.88
904,309,23,1,311.08
905,309,128,4,46.60
906,310,189,2,57.74
907,311,155,4,24.51
908,311,71,4,271.85
909,311,178,1,39.29
910,311,38,1,117.99
911,312,67,3,39.92
912,312,10,1,273.35
913,312,190,3,109.95
914,313,193,3,94.03
915,313,156,4,47.44
916,313,122,3,11.28
917,314,9,3,746.78
918,314,168,1,4.90
919,314,153,1,53.97
920,315,96,3,48.32
921,316,140,2,13.39
922,317,188,4,16.87
923,318,30,2,281.92
924,318,2,1,239.88
925,318,23,1,311.08
926,318,1,1,500.72
927,318,58,4,199.52
928,319,18,3,293.07
929,319,124,1,44.55
930,319,135,4,53.76
931,319,105,2,27.39
932,319,170,2,16.89
933,320,107,3,368.95
934,321,130,4,40.37
935,322,184,3,93.38
936,323,96,4,48.32
937,323,80,1,253.61
938,323,8,1,743.01
939,323,157,1,19.33
940,324,121,4,40.24
941,324,132,2,33.38
942,324,123,4,37.05
943,325,42,4,81.37
944,325,169,2,96.92
945,325,177,3,103.55
946,325,12,1,788.04
947,326,17,1,446.15
948,326,142,1,36.11
949,326,59,4,264.27
950,326,6,1,871.62
951,327,72,1,207.50
952,327,90,1,370.03
953,327,31,3,609.25
954,327,56,4,174.98
955,328,105,2,27.39
956,328,92,2,391.62
957,328,98,2,324.18
958,329,125,3,32.57
959,329,6,3,871.62
960,330,193,1,94.03
961,331,23,3,311.08
962,331,103,4,258.65
963,331,122,4,11.28
964,331,37,2,429.72
965,331,13,4,522.46
966,332,174,3,114.93
967,332,143,1,59.98
968,332,191,4,103.44
969,332,111,3,295.40
970,333,48,2,206.81
971,333,105,1,27.39
972,334,153,2,53.97
973,334,102,3,17.15
974,334,99,3,151.45
975,334,5,3,294.97
976,334,94,1,281.05
977,335,46,3,30.13
978,336,132,3,33.38
979,337,77,1,28.30
980,337,117,1,298.11
981,338,90,2,370.03
982,338,195,3,97.24
983,338,28,3,549.50
984,339,31,4,609.25
985,339,142,4,36.11
986,340,94,4,281.05
987,340,97,3,388.13
988,340,107,3,368.95
989,340,101,3,329.79
990,340,140,2,13.39
991,341,56,1,174.98
992,342,39,2,380.34
993,342,103,4,258.65
994,342,187,1,12.37
995,342,63,1,293.35
996,342,73,2,25.03
997,343,103,3,258.65
998,343,189,4,57.74
999,343,39,1,380.34
1000,343,156,4,47.44
1001,344,166,1,61.71
1002,344,96,4,48.32
1003,344,19,2,816.54
1004,344,158,2,59.27
1005,344,71,2,271.85
1006,345,10,2,273.35
1007,345,133,4,46.80
1008,345,59,1,264.27
1009,345,39,2,380.34
1010,345,165,3,65.60
1011,346,118,2,259.42
1012,346,35,2,291.27
1013,347,128,1,46.60
1014,347,129,1,31.16
1015,348,83,2,88.66
1016,349,16,1,537.37
1017,349,142,3,36.11
1018,349,90,2,370.03
1019,349,193,4,94.03
1020,349,127,3,45.09
1021,350,51,4,23.32
1022,350,68,4,104.26
1023,350,8,4,743.01
1024,350,54,3,52.55
1025,351,198,4,49.14
1026,351,36,3,558.56
1027,351,185,2,4.70
1028,352,160,4,45.74
1029,352,184,1,93.38
1030,352,84,1,198.78
1031,353,175,1,53.39
1032,353,195,4,97.24
1033,353,181,2,13.99
1034,353,79,2,233.68
1035,354,34,2,426.41
1036,354,159,3,26.55
1037,354,136,1,16.82
1038,354,160,1,45.74
1039,354,136,3,16.82
1040,355,155,1,24.51
1041,355,137,4,16.72
1042,355,48,3,206.81
1043,355,30,3,281.92
1044,356,70,1,47.08
1045,357,2,3,239.88
1046,357,83,3,88.66
1047,358,103,3,258.65
1048,358,54,2,52.55
1049,358,71,1,271.85
1050,358,71,4,271.85
1051,359,25,1,250.49
1052,359,164,3,69.89
1053,359,95,1,418.23
1054,360,173,1,93.51
1055,361,165,4,65.60
1056,361,185,3,4.70
1057,362,109,2,191.43
1058,362,186,4,118.92
1059,362,37,2,429.72
1060,362,56,3,174.98
1061,363,188,3,16.87
1062,363,132,4,33.38
1063,364,95,3,418.23
1064,364,68,4,104.26
1065,364,81,4,310.43
1066,364,11,2,691.54
1067,364,79,4,233.68
1068,365,42,4,81.37
1069,365,72,2,207.50
1070,365,132,1,33.38
1071,366,136,4,16.82
1072,366,123,4,37.05
1073,367,60,1,179.81
1074,367,145,3,16.73
1075,368,194,2,74.31
1076,368,95,4,418.23
1077,368,131,1,51.37
1078,369,18,1,293.07
1079,370,100,3,86.91
1080,370,9,2,746.78
1081,371,39,2,380.34
1082,371,105,2,27.39
1083,372,41,4,224.09
1084,372,10,3,273.35
1085,372,191,4,103.44
1086,372,117,3,298.11
1087,373,196,2,66.42
1088,373,116,2,163.33
1089,373,83,3,88.66
1090,374,89,1,183.76
1091,374,180,1,109.81
1092,374,190,1,109.95
1093,374,77,3,28.30
1094,375,28,1,549.50
1095,375,80,2,253.61
1096,375,80,1,253.61
1097,376,84,2,198.78
1098,376,177,1,103.55
1099,376,141,3,44.68
1100,376,70,2,47.08
1101,377,42,4,81.37
1102,378,74,3,54.80
1103,378,69,1,258.65
1104,378,200,2,21.95
1105,379,81,3,310.43
1106,379,44,3,168.63
1107,379,12,2,788.04
1108,379,178,3,39.29
1109,380,40,4,633.55
1110,380,143,1,59.98
1111,380,180,3,109.81
1112,380,136,3,16.82
1113,380,46,1,30.13
1114,381,79,4,233.68
1115,382,56,2,174.98
1116,382,20,1,150.57
1117,382,190,3,109.95
1118,382,67,1,39.92
1119,382,146,4,27.35
1120,383,95,4,418.23
1121,384,31,4,609.25
1122,384,90,3,370.03
1123,384,9,4,746.78
1124,384,52,4,47.09
1125,385,125,1,32.57
1126,385,169,4,96.92
1127,385,92,3,391.62
1128,385,149,1,28.06
1129,386,191,2,103.44
1130,386,146,2,27.35
1131,386,89,3,183.76
1132,386,39,3,380.34
1133,387,84,1,198.78
1134,387,144,3,46.06
1135,387,136,1,16.82
1136,388,99,3,151.45
1137,388,80,3,253.61
1138,389,175,1,53.39
1139,389,35,2,291.27
1140,389,191,1,103.44
1141,390,75,4,108.00
1142,390,14,3,750.61
1143,390,116,2,163.33
1144,391,9,1,746.78
1145,391,118,2,259.42
1146,391,80,4,253.61
1147,391,63,1,293.35
1148,391,45,4,150.59
1149,392,143,4,59.98
1150,392,36,4,558.56
1151,392,175,3,53.39
1152,392,180,4,109.81
1153,392,144,4,46.06
1154,393,17,3,446.15
1155,393,26,2,43.63
1156,393,23,4,311.08
1157,393,99,2,151.45
1158,393,178,1,39.29
1159,394,86,4,333.64
1160,395,77,4,28.30
1161,395,26,4,43.63
1162,396,160,2,45.74
1163,396,192,3,14.31
1164,396,38,2,117.99
1165,397,169,2,96.92
1166,397,14,1,750.61
1167,398,124,3,44.55
1168,399,10,3,273.35
1169,400,42,3,81.37
1170,400,98,4,324.18
1171,400,151,3,53.45
1172,401,144,1,46.06
1173,402,5,3,294.97
1174,403,177,4,103.55
1175,403,121,1,40.24
1176,404,110,2,431.78
1177,404,5,2,294.97
1178,404,187,1,12.37
1179,405,158,3,59.27
1180,405,150,3,45.00
1181,405,23,2,311.08
1182,405,69,3,258.65
1183,406,141,1,44.68
1184,406,87,2,282.19
1185,406,79,4,233.68
1186,406,89,3,183.76
1187,406,110,4,431.78
1188,407,59,2,264.27
1189,407,64,3,50.42
1190,407,189,3,57.74
1191,407,178,1,39.29
1192,407,137,4,16.72
1193,408,156,4,47.44
1194,408,23,4,311.08
1195,408,16,1,537.37
1196,408,99,4,151.45
1197,409,70,4,47.08
1198,409,65,4,153.24
1199,409,15,2,875.17
1200,410,153,2,53.97
1201,411,153,1,53.97
1202,411,178,4,39.29
1203,411,166,4,61.71
1204,412,14,2,750.61
1205,412,89,2,183.76
1206,413,153,4,53.97
1207,413,74,2,54.80
1208,414,6,1,871.62
1209,414,164,4,69.89
1210,414,158,3,59.27
1211,415,119,4,390.51
1212,415,155,2,24.51
1213,415,65,4,153.24
1214,415,78,2,92.26
1215,416,60,1,179.81
1216,417,172,2,66.83
1217,417,72,2,207.50
1218,418,84,1,198.78
1219,419,108,4,231.27
1220,419,60,3,179.81
1221,419,127,4,45.09
1222,419,153,4,53.97
1223,420,67,1,39.92
1224,420,169,1,96.92
1225,420,77,1,28.30
1226,420,47,4,66.78
1227,420,9,3,746.78
1228,421,176,4,24.47
1229,421,196,3,66.42
1230,421,121,3,40.24
1231,421,158,4,59.27
1232,422,98,2,324.18
1233,423,92,1,391.62
1234,423,186,2,118.92
1235,423,110,3,431.78
1236,424,52,2,47.09
1237,424,68,3,104.26
1238,424,160,1,45.74
1239,424,133,1,46.80
1240,425,62,2,205.44
1241,425,112,3,307.14
1242,425,178,4,39.29
1243,425,31,1,609.25
1244,426,8,2,743.01
1245,426,193,2,94.03
1246,426,178,4,39.29
1247,426,166,1,61.71
1248,426,140,4,13.39
1249,427,180,2,109.81
1250,427,179,4,29.88
1251,427,126,2,25.37
1252,427,99,4,151.45
1253,427,2,3,239.88
1254,428,167,3,106.22
1255,428,44,2,168.63
1256,428,79,2,233.68
1257,428,157,1,19.33
1258,428,157,4,19.33
1259,429,105,2,27.39
1260,430,41,2,224.09
1261,430,110,2,431.78
1262,430,106,2,377.39
1263,430,146,3,27.35
1264,431,73,3,25.03
1265,431,92,1,391.62
1266,431,66,3,60.34
1267,431,108,3,231.27
1268,431,26,3,43.63
1269,432,3,3,136.62
1270,432,97,3,388.13
1271,433,91,4,265.75
1272,433,173,4,93.51
1273,433,62,2,205.44
1274,433,13,4,522.46
1275,434,2,4,239.88
1276,434,100,1,86.91
1277,434,121,4,40.24
1278,434,149,4,28.06
1279,435,108,1,231.27
1280,435,158,4,59.27
1281,435,138,4,54.31
1282,436,99,4,151.45
1283,437,40,4,633.55
1284,437,189,1,57.74
1285,437,179,1,29.88
1286,438,109,2,191.43
1287,438,19,3,816.54
1288,438,84,2,198.78
1289,438,126,1,25.37
1290,438,79,2,233.68
1291,439,167,2,106.22
1292,439,186,1,118.92
1293,439,51,3,23.32
1294,440,187,3,12.37
1295,440,161,1,9.08
1296,441,189,4,57.74
1297,441,58,3,199.52
1298,441,40,3,633.55
1299,441,20,4,150.57
1300,442,44,3,168.63
1301,442,73,4,25.03
1302,442,15,2,875.17
1303,443,51,2,23.32
1304,443,11,4,691.54
1305,443,151,3,53.45
1306,444,138,4,54.31
1307,444,102,1,17.15
1308,445,194,4,74.31
1309,445,173,2,93.51
1310,446,136,4,16.82
1311,446,128,1,46.60
1312,446,176,2,24.47
1313,446,48,4,206.81
1314,446,9,4,746.78
1315,447,117,4,298.11
1316,447,130,3,40.37
1317,447,6,1,871.62
1318,447,83,3,88.66
1319,447,132,3,33.38
1320,448,24,3,811.59
1321,448,153,4,53.97
1322,448,150,2,45.00
1323,448,65,4,153.24
1324,448,150,3,45.00
1325,449,117,3,298.11
1326,450,146,3,27.35
1327,450,13,1,522.46
1328,450,126,2,25.37
1329,450,174,1,114.93
1330,451,158,3,59.27
1331,451,109,3,191.43
1332,451,74,1,54.80
1333,451,183,4,92.22
1334,451,73,2,25.03
1335,452,3,4,136.62
1336,452,156,3,47.44
1337,452,108,3,231.27
1338,452,57,3,51.30
1339,453,110,2,431.78
1340,453,12,3,788.04
1341,453,162,1,21.49
1342,453,113,3,78.35
1343,453,101,2,329.79
1344,454,56,2,174.98
1345,454,10,4,273.35
1346,454,170,3,16.89
1347,454,153,3,53.97
1348,454,66,3,60.34
1349,455,65,4,153.24
1350,455,118,1,259.42
1351,455,22,4,129.18
1352,456,136,3,16.82
1353,456,82,2,164.45
1354,457,110,3,431.78
1355,457,170,3,16.89
1356,457,37,2,429.72
1357,458,103,3,258.65
1358,458,132,3,33.38
1359,459,50,3,237.25
1360,460,30,2,281.92
1361,460,74,4,54.80
1362,460,144,1,46.06
1363,460,82,2,164.45
1364,460,121,2,40.24
1365,461,55,1,247.20
1366,461,142,4,36.11
1367,461,128,3,46.60
1368,461,49,4,182.19
1369,462,105,4,27.39
1370,462,40,2,633.55
1371,462,63,3,293.35
1372,462,129,1,31.16
1373,462,183,2,92.22
1374,463,141,3,44.68
1375,464,141,3,44.68
1376,465,186,4,118.92
1377,465,110,1,431.78
1378,466,111,3,295.40
1379,466,109,3,191.43
1380,466,117,4,298.11
1381,466,60,4,179.81
1382,467,165,3,65.60
1383,467,103,1,258.65
1384,467,25,3,250.49
1385,468,113,2,78.35
1386,468,8,4,743.01
1387,468,139,3,26.08
1388,468,131,1,51.37
1389,468,111,2,295.40
1390,469,69,2,258.65
1391,469,79,1,233.68
1392,469,143,1,59.98
1393,470,114,4,386.72
1394,470,141,2,44.68
1395,470,49,3,182.19
1396,470,149,1,28.06
1397,471,1,1,500.72
1398,472,27,3,225.51
1399,472,107,2,368.95
1400,473,22,3,129.18
1401,473,10,2,273.35
1402,473,40,4,633.55
1403,473,5,2,294.97
1404,474,163,4,81.90
1405,474,160,2,45.74
1406,474,22,1,129.18
1407,474,113,2,78.35
1408,474,66,1,60.34
1409,475,36,1,558.56
1410,475,34,2,426.41
1411,475,56,2,174.98
1412,475,117,1,298.11
1413,476,1,1,500.72
1414,476,95,2,418.23
1415,476,195,3,97.24
1416,477,168,1,4.90
1417,477,91,4,265.75
1418,477,75,4,108.00
1419,477,10,4,273.35
1420,478,135,1,53.76
1421,478,182,4,100.88
1422,478,23,2,311.08
1423,478,151,2,53.45
1424,478,86,4,333.64
1425,479,122,2,11.28
1426,479,17,1,446.15
1427,480,180,2,109.81
1428,480,190,4,109.95
1429,481,8,3,743.01
1430,481,136,3,16.82
1431,482,3,3,136.62
1432,483,79,4,233.68
1433,483,70,4,47.08
1434,483,165,3,65.60
1435,483,44,3,168.63
1436,483,65,4,153.24
1437,484,82,2,164.45
1438,484,155,3,24.51
1439,485,12,2,788.04
1440,485,185,2,4.70
1441,486,66,1,60.34
1442,486,163,1,81.90
1443,486,113,1,78.35
1444,486,85,2,126.48
1445,487,54,4,52.55
1446,487,114,2,386.72
1447,487,49,1,182.19
1448,488,126,1,25.37
1449,488,22,1,129.18
1450,488,10,4,273.35
1451,489,72,2,207.50
1452,489,43,2,30.78
1453,490,84,1,198.78
1454,490,140,1,13.39
1455,490,170,2,16.89
1456,490,93,1,318.36
1457,490,188,3,16.87
1458,491,194,2,74.31
1459,491,2,1,239.88
1460,491,133,4,46.80
1461,492,20,4,150.57
1462,492,117,4,298.11
1463,493,189,4,57.74
1464,494,43,2,30.78
1465,495,47,1,66.78
1466,495,38,4,117.99
1467,496,91,3,265.75
1468,497,75,1,108.00
1469,497,66,4,60.34
1470,497,154,1,6.98
1471,497,156,4,47.44
1472,498,37,1,429.72
1473,498,166,4,61.71
1474,498,142,4,36.11
1475,499,42,3,81.37
1476,499,35,3,291.27
1477,499,184,4,93.38
1478,500,154,3,6.98
1479,500,135,2,53.76
1480,500,89,2,183.76
1481,500,69,3,258.65
1482,500,12,2,788.04
1483,501,52,3,47.09
1484,501,180,2,109.81
1485,501,191,1,103.44
1486,501,20,4,150.57
1487,502,99,2,151.45
1488,502,49,1,182.19
1489,502,27,3,225.51
1490,502,70,4,47.08
1491,503,126,1,25.37
1492,503,16,4,537.37
1493,503,60,1,179.81
1494,504,133,4,46.80
1495,504,25,1,250.49
1496,504,178,1,39.29
1497,504,134,2,19.36
1498,504,107,3,368.95
1499,505,79,1,233.68
1500,506,178,3,39.29
1501,506,43,1,30.78
1502,506,57,3,51.30
1503,507,29,1,665.28
1504,507,79,2,233.68
1505,507,94,3,281.05
1506,508,170,3,16.89
1507,508,32,3,574.26
1508,509,83,2,88.66
1509,509,11,4,691.54
1510,509,34,3,426.41
1511,510,43,2,30.78
1512,510,176,1,24.47
1513,511,46,1,30.13
1514,511,169,2,96.92
1515,511,172,1,66.83
1516,511,56,3,174.98
1517,511,200,2,21.95
1518,512,163,3,81.90
1519,512,192,2,14.31
1520,512,145,2,16.73
1521,513,75,2,108.00
1522,513,148,1,42.76
1523,513,183,4,92.22
1524,513,136,4,16.82
1525,514,42,2,81.37
1526,514,91,4,265.75
1527,514,75,2,108.00
1528,514,118,3,259.42
1529,514,23,2,311.08
1530,515,136,3,16.82
1531,516,144,1,46.06
1532,517,158,2,59.27
1533,517,29,4,665.28
1534,517,11,3,691.54
1535,518,75,4,108.00
1536,518,87,2,282.19
1537,518,49,1,182.19
1538,519,52,1,47.09
1539,519,28,1,549.50
1540,520,173,1,93.51
1541,520,78,3,92.26
1542,521,60,2,179.81
1543,521,28,4,549.50
1544,521,194,1,74.31
1545,521,57,3,51.30
1546,521,86,4,333.64
1547,522,77,2,28.30
1548,522,188,2,16.87
1549,523,54,1,52.55
1550,524,97,2,388.13
1551,525,156,3,47.44
1552,525,62,2,205.44
1553,525,196,1,66.42
1554,525,90,3,370.03
1555,526,67,3,39.92
1556,526,54,1,52.55
1557,526,141,2,44.68
1558,526,139,4,26.08
1559,527,90,1,370.03
1560,527,183,2,92.22
1561,528,65,1,153.24
1562,528,149,1,28.06
1563,528,67,1,39.92
1564,529,18,1,293.07
1565,529,24,4,811.59
1566,529,19,2,816.54
1567,530,43,2,30.78
1568,530,138,2,54.31
1569,530,67,3,39.92
1570,531,197,4,63.01
1571,531,101,1,329.79
1572,531,192,4,14.31
1573,531,154,4,6.98
1574,532,4,3,327.69
1575,533,32,4,574.26
1576,533,50,1,237.25
1577,533,1,4,500.72
1578,533,25,1,250.49
1579,534,42,3,81.37
1580,535,46,1,30.13
1581,535,53,1,108.74
1582,535,62,2,205.44
1583,535,112,4,307.14
1584,535,165,3,65.60
1585,536,166,1,61.71
1586,536,149,3,28.06
1587,537,70,3,47.08
1588,537,152,3,48.13
1589,538,56,3,174.98
1590,538,140,3,13.39
1591,539,160,3,45.74
1592,539,39,1,380.34
1593,539,164,3,69.89
1594,539,192,3,14.31
1595,540,179,2,29.88
1596,540,188,1,16.87
1597,540,185,2,4.70
1598,541,82,2,164.45
1599,541,76,1,248.97
1600,541,164,3,69.89
1601,542,9,2,746.78
1602,542,124,1,44.55
1603,543,157,4,19.33
1604,543,1,3,500.72
1605,543,106,4,377.39
1606,543,28,2,549.50
1607,544,59,4,264.27
1608,544,150,4,45.00
1609,544,105,3,27.39
1610,545,152,4,48.13
1611,545,144,1,46.06
1612,545,90,2,370.03
1613,545,127,1,45.09
1614,546,69,2,258.65
1615,547,197,4,63.01
1616,547,96,2,48.32
1617,547,12,4,788.04
1618,547,48,2,206.81
1619,548,180,3,109.81
1620,548,58,3,199.52
1621,548,122,3,11.28
1622,548,25,1,250.49
1623,549,193,3,94.03
1624,549,44,2,168.63
1625,550,155,3,24.51
1626,550,109,4,191.43
1627,550,135,4,53.76
1628,551,59,3,264.27
1629,551,100,2,86.91
1630,551,167,3,106.22
1631,551,34,1,426.41
1632,552,21,2,540.25
1633,552,45,3,150.59
1634,552,127,2,45.09
1635,552,29,4,665.28
1636,552,41,3,224.09
1637,553,83,2,88.66
1638,553,68,3,104.26
1639,554,139,4,26.08
1640,554,157,3,19.33
1641,554,57,3,51.30
1642,555,132,2,33.38
1643,555,150,2,45.00
1644,555,36,1,558.56
1645,556,50,4,237.25
1646,556,29,1,665.28
1647,556,83,1,88.66
1648,557,76,1,248.97
1649,557,196,2,66.42
1650,557,56,4,174.98
1651,558,73,3,25.03
1652,558,23,2,311.08
1653,558,149,1,28.06
1654,558,168,4,4.90
1655,558,27,4,225.51
1656,559,146,4,27.35
1657,559,62,3,205.44
1658,559,197,4,63.01
1659,559,168,4,4.90
1660,559,94,2,281.05
1661,560,77,3,28.30
1662,560,11,1,691.54
1663,560,134,2,19.36
1664,560,196,2,66.42
1665,560,139,2,26.08
1666,561,3,1,136.62
1667,561,13,1,522.46
1668,561,29,3,665.28
1669,561,92,3,391.62
1670,562,133,4,46.80
1671,562,8,4,743.01
1672,562,148,3,42.76
1673,562,99,3,151.45
1674,563,105,3,27.39
1675,564,140,3,13.39
1676,564,200,2,21.95
1677,564,60,2,179.81
1678,565,14,3,750.61
1679,565,45,1,150.59
1680,566,44,3,168.63
1681,566,133,2,46.80
1682,566,173,4,93.51
1683,566,164,2,69.89
1684,567,114,1,386.72
1685,567,31,4,609.25
1686,567,155,3,24.51
1687,568,20,4,150.57
1688,568,26,4,43.63
1689,569,65,3,153.24
1690,569,12,4,788.04
1691,569,105,4,27.39
1692,570,69,1,258.65
1693,570,91,2,265.75
1694,570,85,2,126.48
1695,571,159,2,26.55
1696,571,187,4,12.37
1697,571,46,4,30.13
1698,572,5,2,294.97
1699,572,139,3,26.08
1700,572,139,2,26.08
1701,573,124,1,44.55
1702,573,103,4,258.65
1703,574,4,3,327.69
1704,575,138,3,54.31
1705,575,20,3,150.57
1706,575,177,3,103.55
1707,575,52,1,47.09
1708,576,57,3,51.30
1709,576,193,2,94.03
1710,577,181,2,13.99
1711,577,36,1,558.56
1712,577,106,4,377.39
1713,577,166,1,61.71
1714,578,9,2,746.78
1715,578,71,1,271.85
1716,578,144,2,46.06
1717,578,54,3,52.55
1718,578,128,1,46.60
1719,579,31,2,609.25
1720,579,198,2,49.14
1721,580,136,3,16.82
1722,580,196,2,66.42
1723,580,87,2,282.19
1724,580,4,4,327.69
1725,581,77,2,28.30
1726,581,179,1,29.88
1727,581,25,4,250.49
1728,582,3,2,136.62
1729,582,58,1,199.52
1730,582,178,3,39.29
1731,582,149,4,28.06
1732,583,30,2,281.92
1733,583,196,4,66.42
1734,583,175,2,53.39
1735,583,32,3,574.26
1736,583,67,1,39.92
1737,584,40,3,633.55
1738,584,117,3,298.11
1739,584,129,2,31.16
1740,584,22,3,129.18
1741,585,193,4,94.03
1742,585,182,3,100.88
1743,585,94,4,281.05
1744,586,110,4,431.78
1745,587,104,2,42.38
1746,588,128,3,46.60
1747,588,6,1,871.62
1748,588,182,3,100.88
1749,589,165,1,65.60
1750,589,29,4,665.28
1751,589,82,3,164.45
1752,589,83,1,88.66
1753,590,21,3,540.25
1754,590,49,2,182.19
1755,590,12,3,788.04
1756,591,151,4,53.45
1757,592,32,4,574.26
1758,592,37,2,429.72
1759,593,189,3,57.74
1760,594,193,3,94.03
1761,594,166,3,61.71
1762,594,84,2,198.78
1763,594,185,2,4.70
1764,595,72,1,207.50
1765,595,168,4,4.90
1766,595,149,1,28.06
1767,595,65,4,153.24
1768,595,138,4,54.31
1769,596,82,4,164.45
1770,596,135,4,53.76
1771,596,52,1,47.09
1772,596,1,2,500.72
1773,597,114,4,386.72
1774,597,39,2,380.34
1775,598,71,1,271.85
1776,598,131,4,51.37
1777,598,161,2,9.08
1778,598,1,4,500.72
1779,599,176,1,24.47
1780,599,141,4,44.68
1781,599,168,4,4.90
1782,600,27,4,225.51
1783,601,54,1,52.55
1784,602,162,2,21.49
1785,602,153,3,53.97
1786,603,104,2,42.38
1787,603,90,3,370.03
1788,604,193,2,94.03
1789,604,187,1,12.37
1790,604,32,3,574.26
1791,605,170,1,16.89
1792,605,151,4,53.45
1793,605,56,3,174.98
1794,605,64,4,50.42
1795,606,142,4,36.11
1796,606,20,2,150.57
1797,607,110,1,431.78
1798,607,35,1,291.27
1799,607,118,4,259.42
1800,607,126,1,25.37
1801,608,76,3,248.97
1802,609,50,4,237.25
1803,609,109,1,191.43
1804,609,166,2,61.71
1805,609,163,2,81.90
1806,610,114,1,386.72
1807,610,87,2,282.19
1808,610,169,4,96.92
1809,610,41,3,224.09
1810,610,85,3,126.48
1811,611,6,1,871.62
1812,612,152,1,48.13
1813,612,161,1,9.08
1814,612,161,3,9.08
1815,612,179,3,29.88
1816,613,145,1,16.73
1817,613,119,4,390.51
1818,613,128,2,46.60
1819,613,30,4,281.92
1820,613,90,4,370.03
1821,614,139,3,26.08
1822,614,110,2,431.78
1823,614,83,2,88.66
1824,614,116,3,163.33
1825,614,173,4,93.51
1826,615,107,1,368.95
1827,615,21,4,540.25
1828,616,47,3,66.78
1829,616,87,4,282.19
1830,617,133,4,46.80
1831,617,103,3,258.65
1832,617,71,4,271.85
1833,618,44,2,168.63
1834,618,119,2,390.51
1835,619,64,2,50.42
1836,620,108,2,231.27
1837,620,153,4,53.97
1838,620,100,4,86.91
1839,621,191,3,103.44
1840,621,2,3,239.88
1841,621,143,2,59.98
1842,621,87,2,282.19
1843,621,114,1,386.72
1844,622,108,2,231.27
1845,622,46,4,30.13
1846,622,179,1,29.88
1847,622,197,1,63.01
1848,623,185,2,4.70
1849,623,90,2,370.03
1850,623,111,1,295.40
1851,623,50,2,237.25
1852,623,111,3,295.40
1853,624,156,4,47.44
1854,624,166,1,61.71
1855,624,9,1,746.78
1856,625,169,3,96.92
1857,625,51,1,23.32
1858,625,6,3,871.62
1859,625,160,3,45.74
1860,625,16,1,537.37
1861,626,3,1,136.62
1862,626,100,1,86.91
1863,626,168,4,4.90
1864,626,197,4,63.01
1865,626,162,1,21.49
1866,627,95,2,418.23
1867,627,3,1,136.62
1868,628,131,4,51.37
1869,629,180,4,109.81
1870,629,46,3,30.13
1871,629,69,1,258.65
1872,629,54,4,52.55
1873,629,43,4,30.78
1874,630,121,1,40.24
1875,630,6,4,871.62
1876,630,3,4,136.62
1877,630,148,4,42.76
1878,630,189,4,57.74
1879,631,1,1,500.72
1880,631,168,2,4.90
1881,631,179,2,29.88
1882,632,95,3,418.23
1883,632,32,2,574.26
1884,632,90,4,370.03
1885,632,44,2,168.63
1886,633,32,1,574.26
1887,633,132,4,33.38
1888,634,97,4,388.13
1889,635,52,4,47.09
1890,636,71,2,271.85
1891,637,101,2,329.79
1892,637,11,3,691.54
1893,638,186,4,118.92
1894,639,8,3,743.01
1895,639,149,1,28.06
1896,640,113,1,78.35
1897,640,2,4,239.88
1898,641,37,1,429.72
1899,641,174,3,114.93
1900,642,52,4,47.09
1901,643,166,2,61.71
1902,643,6,2,871.62
1903,643,21,3,540.25
1904,644,179,1,29.88
1905,644,25,1,250.49
1906,645,113,1,78.35
1907,645,134,3,19.36
1908,645,172,1,66.83
1909,646,63,1,293.35
1910,646,34,4,426.41
1911,647,186,2,118.92
1912,648,153,1,53.97
1913,648,154,2,6.98
1914,649,74,3,54.80
1915,649,115,1,308.68
1916,649,44,1,168.63
1917,650,102,1,17.15
1918,650,154,1,6.98
1919,650,28,1,549.50
1920,650,28,1,549.50
1921,650,127,2,45.09
1922,651,105,4,27.39
1923,651,170,4,16.89
1924,652,63,2,293.35
1925,653,21,4,540.25
1926,653,176,2,24.47
1927,653,17,4,446.15
1928,654,80,2,253.61
1929,654,43,4,30.78
1930,655,73,1,25.03
1931,655,12,4,788.04
1932,656,55,4,247.20
1933,656,26,3,43.63
1934,656,181,3,13.99
1935,656,59,4,264.27
1936,656,97,2,388.13
1937,657,168,1,4.90
1938,657,200,2,21.95
1939,658,126,4,25.37
1940,658,43,1,30.78
1941,658,149,4,28.06
1942,659,153,4,53.97
1943,659,30,2,281.92
1944,659,184,4,93.38
1945,659,55,2,247.20
1946,660,1,4,500.72
1947,660,186,4,118.92
1948,660,86,3,333.64
1949,660,49,1,182.19
1950,661,56,4,174.98
1951,661,156,4,47.44
1952,661,46,1,30.13
1953,661,117,1,298.11
1954,662,115,3,308.68
1955,662,169,3,96.92
1956,662,9,4,746.78
1957,663,176,2,24.47
1958,663,28,3,549.50
1959,664,152,1,48.13
1960,664,191,3,103.44
1961,664,162,1,21.49
1962,664,43,1,30.78
1963,665,36,2,558.56
1964,666,94,3,281.05
1965,666,47,1,66.78
1966,666,73,1,25.03
1967,666,158,1,59.27
1968,667,25,4,250.49
1969,667,156,1,47.44
1970,667,164,1,69.89
1971,668,123,3,37.05
1972,668,55,2,247.20
1973,668,32,4,574.26
1974,668,40,2,633.55
1975,669,184,4,93.38
1976,669,100,1,86.91
1977,670,134,1,19.36
1978,670,2,4,239.88
1979,670,12,2,788.04
1980,671,83,4,88.66
1981,672,41,4,224.09
1982,672,137,4,16.72
1983,673,164,4,69.89
1984,673,148,2,42.76
1985,673,41,1,224.09
1986,673,79,4,233.68
1987,673,129,4,31.16
1988,674,150,1,45.00
1989,674,189,3,57.74
1990,674,139,2,26.08
1991,675,69,4,258.65
1992,675,187,2,12.37
1993,675,119,2,390.51
1994,675,197,2,63.01
1995,675,70,4,47.08
1996,676,195,2,97.24
1997,676,194,2,74.31
1998,676,102,1,17.15
1999,676,141,1,44.68
2000,677,85,4,126.48
2001,677,55,2,247.20
2002,677,166,2,61.71
2003,677,113,4,78.35
2004,678,117,2,298.11
2005,679,91,3,265.75
2006,679,75,1,108.00
2007,680,129,4,31.16
2008,680,109,3,191.43
2009,680,54,2,52.55
2010,680,146,3,27.35
2011,681,69,2,258.65
2012,682,59,1,264.27
2013,682,52,1,47.09
2014,682,109,1,191.43
2015,682,111,3,295.40
2016,683,45,3,150.59
2017,683,129,2,31.16
2018,683,179,3,29.88
2019,683,165,2,65.60
2020,684,34,1,426.41
2021,684,68,3,104.26
2022,684,132,3,33.38
2023,684,196,2,66.42
2024,684,5,3,294.97
2025,685,4,2,327.69
2026,685,137,1,16.72
2027,686,134,3,19.36
2028,686,76,1,248.97
2029,686,105,4,27.39
2030,686,74,4,54.80
2031,686,49,2,182.19
2032,687,22,1,129.18
2033,687,35,3,291.27
2034,687,197,2,63.01
2035,688,83,1,88.66
2036,689,174,4,114.93
2037,689,114,2,386.72
2038,689,107,2,368.95
2039,689,168,3,4.90
2040,690,188,2,16.87
2041,690,28,4,549.50
2042,690,174,2,114.93
2043,690,163,2,81.90
2044,691,127,3,45.09
2045,691,86,3,333.64
2046,692,101,4,329.79
2047,693,31,3,609.25
2048,694,4,1,327.69
2049,694,78,1,92.26
2050,695,52,1,47.09
2051,695,150,3,45.00
2052,696,50,2,237.25
2053,696,57,2,51.30
2054,696,155,4,24.51
2055,697,70,4,47.08
2056,697,74,2,54.80
2057,698,47,2,66.78
2058,699,78,4,92.26
2059,699,23,1,311.08
2060,699,156,1,47.44
2061,700,12,2,788.04
2062,700,126,2,25.37
2063,700,50,2,237.25
2064,701,62,4,205.44
2065,701,16,1,537.37
2066,702,72,1,207.50
2067,702,4,1,327.69
2068,702,28,3,549.50
2069,702,94,2,281.05
2070,702,25,1,250.49
2071,703,185,2,4.70
2072,703,173,3,93.51
2073,703,108,2,231.27
2074,703,165,3,65.60
2075,704,50,2,237.25
2076,704,114,4,386.72
2077,704,104,1,42.38
2078,705,94,2,281.05
2079,705,6,4,871.62
2080,706,182,4,100.88
2081,706,182,2,100.88
2082,706,50,3,237.25
2083,706,51,2,23.32
2084,706,36,3,558.56
2085,707,35,4,291.27
2086,708,42,2,81.37
2087,708,174,1,114.93
2088,708,197,4,63.01
2089,709,96,3,48.32
2090,709,43,1,30.78
2091,709,140,1,13.39
2092,709,47,2,66.78
2093,709,49,1,182.19
2094,710,32,3,574.26
2095,710,11,3,691.54
2096,710,74,3,54.80
2097,711,44,4,168.63
2098,711,192,3,14.31
2099,712,106,2,377.39
2100,712,116,2,163.33
2101,713,169,3,96.92
2102,713,14,3,750.61
2103,713,15,1,875.17
2104,713,17,4,446.15
2105,713,141,2,44.68
2106,714,125,3,32.57
2107,714,136,3,16.82
2108,715,149,3,28.06
2109,715,158,2,59.27
2110,715,174,1,114.93
2111,715,48,1,206.81
2112,716,145,4,16.73
2113,716,128,4,46.60
2114,717,152,3,48.13
2115,718,153,2,53.97
2116,719,108,2,231.27
2117,720,156,3,47.44
2118,720,156,4,47.44
2119,720,51,1,23.32
2120,720,87,1,282.19
2121,720,131,1,51.37
2122,721,76,4,248.97
2123,721,146,1,27.35
2124,721,86,2,333.64
2125,722,46,2,30.13
2126,722,116,2,163.33
2127,722,135,4,53.76
2128,722,72,3,207.50
2129,723,66,2,60.34
2130,723,126,3,25.37
2131,723,160,3,45.74
2132,723,162,2,21.49
2133,724,47,3,66.78
2134,724,182,4,100.88
2135,724,68,1,104.26
2136,724,138,1,54.31
2137,724,175,1,53.39
2138,725,85,4,126.48
2139,725,165,2,65.60
2140,725,174,3,114.93
2141,726,108,1,231.27
2142,726,42,1,81.37
2143,726,65,4,153.24
2144,727,152,1,48.13
2145,727,113,3,78.35
2146,728,177,4,103.55
2147,729,195,3,97.24
2148,729,5,1,294.97
2149,729,31,2,609.25
2150,729,72,4,207.50
2151,730,32,2,574.26
2152,731,26,1,43.63
2153,731,200,4,21.95
2154,731,193,1,94.03
2155,731,66,3,60.34
2156,732,16,3,537.37
2157,733,106,1,377.39
2158,733,80,2,253.61
2159,733,158,2,59.27
2160,733,24,3,811.59
2161,733,146,2,27.35
2162,734,58,1,199.52
2163,734,126,3,25.37
2164,735,157,1,19.33
2165,735,139,1,26.08
2166,735,182,4,100.88
2167,735,162,1,21.49
2168,735,87,2,282.19
2169,736,133,3,46.80
2170,736,77,1,28.30
2171,736,6,4,871.62
2172,736,184,3,93.38
2173,736,97,1,388.13
2174,737,9,2,746.78
2175,738,36,3,558.56
2176,738,138,4,54.31
2177,738,105,2,27.39
2178,738,50,1,237.25
2179,739,167,2,106.22
2180,739,83,4,88.66
2181,739,75,2,108.00
2182,740,128,3,46.60
2183,740,178,4,39.29
2184,741,124,1,44.55
2185,741,35,1,291.27
2186,741,5,1,294.97
2187,742,145,4,16.73
2188,742,198,3,49.14
2189,742,66,4,60.34
2190,743,187,4,12.37
2191,743,64,3,50.42
2192,743,170,4,16.89
2193,743,183,1,92.22
2194,743,72,3,207.50
2195,744,32,1,574.26
2196,744,152,4,48.13
2197,744,83,1,88.66
2198,744,117,3,298.11
2199,744,79,4,233.68
2200,745,137,3,16.72
2201,746,177,4,103.55
2202,746,25,3,250.49
2203,747,129,3,31.16
2204,747,97,3,388.13
2205,747,155,1,24.51
2206,747,158,3,59.27
2207,748,156,3,47.44
2208,748,197,2,63.01
2209,748,92,2,391.62
2210,748,187,4,12.37
2211,749,48,3,206.81
2212,749,22,3,129.18
2213,750,156,1,47.44
2214,751,83,4,88.66
2215,751,95,2,418.23
2216,751,70,3,47.08
2217,752,186,1,118.92
2218,752,185,2,4.70
2219,753,94,2,281.05
2220,754,125,3,32.57
2221,754,22,2,129.18
2222,754,10,1,273.35
2223,754,165,4,65.60
2224,755,44,4,168.63
2225,755,129,3,31.16
2226,755,133,2,46.80
2227,755,2,1,239.88
2228,756,47,2,66.78
2229,756,144,3,46.06
2230,757,155,4,24.51
2231,757,83,2,88.66
2232,757,92,3,391.62
2233,757,50,1,237.25
2234,757,187,4,12.37
2235,758,188,4,16.87
2236,758,118,3,259.42
2237,759,53,3,108.74
2238,759,100,2,86.91
2239,759,189,2,57.74
2240,759,15,2,875.17
2241,760,189,2,57.74
2242,760,141,2,44.68
2243,760,164,3,69.89
2244,760,91,4,265.75
2245,760,137,4,16.72
2246,761,80,3,253.61
2247,761,131,4,51.37
2248,761,13,1,522.46
2249,761,31,3,609.25
2250,761,87,1,282.19
2251,762,36,1,558.56
2252,762,81,1,310.43
2253,762,64,1,50.42
2254,762,100,2,86.91
2255,763,193,3,94.03
2256,763,108,2,231.27
2257,763,195,4,97.24
2258,764,4,3,327.69
2259,764,104,4,42.38
2260,765,191,3,103.44
2261,766,72,3,207.50
2262,766,200,2,21.95
2263,766,136,1,16.82
2264,767,128,1,46.60
2265,768,10,4,273.35
2266,769,165,1,65.60
2267,769,95,3,418.23
2268,769,159,4,26.55
2269,770,98,2,324.18
2270,770,115,1,308.68
2271,770,106,3,377.39
2272,770,97,3,388.13
2273,771,178,2,39.29
2274,771,126,2,25.37
2275,771,5,3,294.97
2276,772,52,2,47.09
2277,772,96,2,48.32
2278,772,113,3,78.35
2279,772,124,3,44.55
2280,772,50,3,237.25
2281,773,20,3,150.57
2282,773,194,1,74.31
2283,773,108,3,231.27
2284,773,50,3,237.25
2285,773,138,2,54.31
2286,774,179,4,29.88
2287,775,146,4,27.35
2288,775,113,1,78.35
2289,775,109,2,191.43
2290,775,166,1,61.71
2291,776,123,2,37.05
2292,776,175,1,53.39
2293,776,137,1,16.72
2294,776,18,1,293.07
2295,777,158,1,59.27
2296,777,153,2,53.97
2297,777,150,1,45.00
2298,778,15,2,875.17
2299,778,54,4,52.55
2300,778,108,4,231.27
2301,778,67,3,39.92
2302,778,77,4,28.30
2303,779,13,2,522.46
2304,779,157,4,19.33
2305,779,81,3,310.43
2306,779,130,4,40.37
2307,779,141,1,44.68
2308,780,119,3,390.51
2309,780,116,2,163.33
2310,780,118,3,259.42
2311,780,196,2,66.42
2312,781,27,2,225.51
2313,781,141,3,44.68
2314,782,41,4,224.09
2315,782,179,2,29.88
2316,782,52,3,47.09
2317,783,154,4,6.98
2318,783,129,3,31.16
2319,783,39,1,380.34
2320,783,181,2,13.99
2321,783,195,2,97.24
2322,784,160,4,45.74
2323,784,95,1,418.23
2324,784,51,2,23.32
2325,784,67,2,39.92
2326,784,123,1,37.05
2327,785,71,4,271.85
2328,785,58,2,199.52
2329,785,71,1,271.85
2330,786,167,3,106.22
2331,786,54,2,52.55
2332,786,38,4,117.99
2333,786,117,3,298.11
2334,787,132,3,33.38
2335,787,25,2,250.49
2336,787,8,4,743.01
2337,787,36,3,558.56
2338,788,30,4,281.92
2339,788,141,1,44.68
2340,788,94,2,281.05
2341,788,153,2,53.97
2342,788,183,4,92.22
2343,789,97,2,388.13
2344,789,184,4,93.38
2345,790,139,2,26.08
2346,790,94,1,281.05
2347,790,17,1,446.15
2348,791,153,2,53.97
2349,791,55,4,247.20
2350,791,149,4,28.06
2351,791,197,2,63.01
2352,791,81,3,310.43
2353,792,117,2,298.11
2354,792,144,3,46.06
2355,792,131,1,51.37
2356,792,195,3,97.24
2357,792,104,2,42.38
2358,793,123,4,37.05
2359,793,64,1,50.42
2360,793,156,4,47.44
2361,794,50,4,237.25
2362,795,195,3,97.24
2363,795,65,4,153.24
2364,795,143,3,59.98
2365,795,113,2,78.35
2366,796,131,3,51.37
2367,796,104,4,42.38
2368,796,40,4,633.55
2369,796,13,3,522.46
2370,797,92,2,391.62
2371,797,110,1,431.78
2372,797,55,2,247.20
2373,797,64,4,50.42
2374,797,177,3,103.55
2375,798,115,3,308.68
2376,799,176,1,24.47
2377,800,38,2,117.99
2378,800,14,2,750.61
2379,800,66,1,60.34
2380,801,195,1,97.24
2381,801,110,1,431.78
2382,801,64,3,50.42
2383,802,113,4,78.35
2384,802,90,2,370.03
2385,802,38,1,117.99
2386,803,92,2,391.62
2387,803,196,3,66.42
2388,803,135,1,53.76
2389,804,164,3,69.89
2390,804,84,2,198.78
2391,805,118,2,259.42
2392,805,168,1,4.90
2393,805,28,2,549.50
2394,805,107,3,368.95
2395,806,84,2,198.78
2396,806,94,3,281.05
2397,806,159,4,26.55
2398,807,4,3,327.69
2399,808,59,1,264.27
2400,808,149,3,28.06
2401,808,100,1,86.91
2402,808,12,4,788.04
2403,808,185,2,4.70
2404,809,169,2,96.92
2405,809,101,4,329.79
2406,809,41,4,224.09
2407,809,77,3,28.30
2408,810,66,1,60.34
2409,811,192,1,14.31
2410,812,111,1,295.40
2411,812,127,3,45.09
2412,812,48,1,206.81
2413,813,191,2,103.44
2414,813,140,2,13.39
2415,814,117,1,298.11
2416,814,135,1,53.76
2417,814,49,3,182.19
2418,814,11,4,691.54
2419,815,90,1,370.03
2420,815,169,4,96.92
2421,815,34,1,426.41
2422,815,164,3,69.89
2423,815,162,2,21.49
2424,816,149,3,28.06
2425,817,19,1,816.54
2426,817,12,4,788.04
2427,818,92,3,391.62
2428,819,46,1,30.13
2429,819,166,3,61.71
2430,819,162,4,21.49
2431,819,11,1,691.54
2432,820,60,2,179.81
2433,821,9,3,746.78
2434,821,191,4,103.44
2435,821,83,3,88.66
2436,821,198,3,49.14
2437,821,195,1,97.24
2438,822,132,1,33.38
2439,822,187,4,12.37
2440,822,126,3,25.37
2441,822,5,3,294.97
2442,822,196,4,66.42
2443,823,54,2,52.55
2444,823,48,4,206.81
2445,823,132,1,33.38
2446,824,68,2,104.26
2447,824,177,3,103.55
2448,824,148,2,42.76
2449,825,90,1,370.03
2450,826,118,2,259.42
2451,826,185,2,4.70
2452,826,57,4,51.30
2453,827,97,1,388.13
2454,827,118,3,259.42
2455,827,2,1,239.88
2456,827,10,4,273.35
2457,827,49,4,182.19
2458,828,75,4,108.00
2459,828,89,2,183.76
2460,828,24,1,811.59
2461,828,198,1,49.14
2462,829,114,4,386.72
2463,829,44,1,168.63
2464,829,92,1,391.62
2465,830,47,3,66.78
2466,830,198,1,49.14
2467,830,156,4,47.44
2468,830,126,2,25.37
2469,830,15,4,875.17
2470,831,47,2,66.78
2471,831,63,3,293.35
2472,831,68,2,104.26
2473,832,15,4,875.17
2474,832,12,1,788.04
2475,832,68,3,104.26
2476,832,9,1,746.78
2477,832,111,1,295.40
2478,833,115,2,308.68
2479,833,85,4,126.48
2480,834,80,3,253.61
2481,834,189,4,57.74
2482,835,95,4,418.23
2483,835,16,2,537.37
2484,836,140,4,13.39
2485,836,46,4,30.13
2486,836,1,2,500.72
2487,837,113,2,78.35
2488,837,138,1,54.31
2489,837,87,1,282.19
2490,837,113,2,78.35
2491,837,14,2,750.61
2492,838,4,4,327.69
2493,838,43,3,30.78
2494,838,39,3,380.34
2495,839,137,4,16.72
2496,839,196,1,66.42
2497,840,87,4,282.19
2498,840,142,2,36.11
2499,840,154,3,6.98
2500,840,116,4,163.33
2501,840,49,3,182.19
2502,841,20,4,150.57
2503,841,190,1,109.95
2504,841,6,4,871.62
2505,841,107,3,368.95
2506,842,155,1,24.51
2507,842,112,2,307.14
2508,842,126,2,25.37
2509,842,119,3,390.51
2510,842,66,4,60.34
2511,843,11,3,691.54
2512,843,22,1,129.18
2513,844,16,2,537.37
2514,844,197,4,63.01
2515,844,133,3,46.80
2516,844,15,3,875.17
2517,845,119,1,390.51
2518,846,37,1,429.72
2519,846,94,1,281.05
2520,846,99,2,151.45
2521,846,103,3,258.65
2522,847,105,3,27.39
2523,847,36,2,558.56
2524,847,143,1,59.98
2525,847,151,4,53.45
2526,848,152,1,48.13
2527,848,62,4,205.44
2528,849,64,4,50.42
2529,849,72,4,207.50
2530,850,98,1,324.18
2531,850,174,1,114.93
2532,850,138,1,54.31
2533,851,154,2,6.98
2534,852,163,2,81.90
2535,852,156,4,47.44
2536,852,95,1,418.23
2537,853,5,2,294.97
2538,853,69,4,258.65
2539,853,200,4,21.95
2540,853,191,1,103.44
2541,854,45,1,150.59
2542,854,143,2,59.98
2543,854,146,1,27.35
2544,855,90,3,370.03
2545,855,59,1,264.27
2546,855,115,1,308.68
2547,855,15,4,875.17
2548,856,35,1,291.27
2549,856,35,2,291.27
2550,857,94,4,281.05
2551,857,161,1,9.08
2552,857,112,2,307.14
2553,857,136,2,16.82
2554,857,125,3,32.57
2555,858,56,4,174.98
2556,858,156,1,47.44
2557,858,98,2,324.18
2558,858,136,1,16.82
2559,858,158,1,59.27
2560,859,50,4,237.25
2561,859,108,2,231.27
2562,860,69,1,258.65
2563,860,77,3,28.30
2564,860,152,2,48.13
2565,861,90,4,370.03
2566,862,4,4,327.69
2567,862,126,2,25.37
2568,863,101,3,329.79
2569,864,80,3,253.61
2570,864,76,4,248.97
2571,864,107,2,368.95
2572,865,42,1,81.37
2573,865,58,3,199.52
2574,865,129,2,31.16
2575,865,40,2,633.55
2576,866,112,2,307.14
2577,867,189,2,57.74
2578,867,54,4,52.55
2579,867,49,4,182.19
2580,867,39,4,380.34
2581,867,141,2,44.68
2582,868,74,4,54.80
2583,868,27,2,225.51
2584,868,63,2,293.35
2585,868,156,2,47.44
2586,868,152,1,48.13
2587,869,163,1,81.90
2588,869,3,1,136.62
2589,869,113,3,78.35
2590,869,75,2,108.00
2591,869,123,1,37.05
2592,870,138,2,54.31
2593,870,159,4,26.55
2594,871,196,2,66.42
2595,871,177,2,103.55
2596,871,22,3,129.18
2597,872,67,1,39.92
2598,872,32,1,574.26
2599,872,131,3,51.37
2600,872,52,4,47.09
2601,873,103,3,258.65
2602,873,14,4,750.61
2603,873,29,2,665.28
2604,873,51,2,23.32
2605,874,12,2,788.04
2606,874,59,3,264.27
2607,874,4,3,327.69
2608,875,132,1,33.38
2609,875,200,4,21.95
2610,875,55,3,247.20
2611,876,122,4,11.28
2612,876,92,4,391.62
2613,876,29,2,665.28
2614,876,143,1,59.98
2615,877,102,4,17.15
2616,877,86,2,333.64
2617,877,187,1,12.37
2618,877,149,1,28.06
2619,877,114,2,386.72
2620,878,144,3,46.06
2621,878,111,2,295.40
2622,879,158,4,59.27
2623,879,38,4,117.99
2624,879,133,1,46.80
2625,880,90,1,370.03
2626,880,50,1,237.25
2627,880,59,4,264.27
2628,880,75,1,108.00
2629,880,145,1,16.73
2630,881,36,1,558.56
2631,881,134,3,19.36
2632,881,83,3,88.66
2633,882,118,3,259.42
2634,882,79,2,233.68
2635,882,9,3,746.78
2636,882,175,3,53.39
2637,883,5,4,294.97
2638,884,77,4,28.30
2639,884,153,2,53.97
2640,884,122,4,11.28
2641,885,133,1,46.80
2642,885,140,3,13.39
2643,885,108,1,231.27
2644,885,110,3,431.78
2645,885,54,1,52.55
2646,886,42,4,81.37
2647,886,11,3,691.54
2648,886,114,3,386.72
2649,886,182,3,100.88
2650,886,4,4,327.69
2651,887,146,4,27.35
2652,888,8,1,743.01
2653,888,26,1,43.63
2654,888,21,2,540.25
2655,888,54,4,52.55
2656,888,90,3,370.03
2657,889,71,2,271.85
2658,889,188,2,16.87
2659,889,69,4,258.65
2660,889,83,2,88.66
2661,890,81,3,310.43
2662,890,54,2,52.55
2663,890,193,3,94.03
2664,890,52,1,47.09
2665,890,82,1,164.45
2666,891,17,1,446.15
2667,891,129,2,31.16
2668,891,96,1,48.32
2669,892,108,1,231.27
2670,892,26,4,43.63
2671,892,167,3,106.22
2672,892,149,2,28.06
2673,892,110,3,431.78
2674,893,48,2,206.81
2675,893,79,4,233.68
2676,894,97,4,388.13
2677,894,170,4,16.89
2678,894,125,2,32.57
2679,895,91,1,265.75
2680,895,119,3,390.51
2681,895,119,3,390.51
2682,896,62,1,205.44
2683,896,72,3,207.50
2684,897,198,4,49.14
2685,897,104,1,42.38
2686,897,154,2,6.98
2687,897,66,2,60.34
2688,898,123,2,37.05
2689,898,83,4,88.66
2690,898,87,1,282.19
2691,899,22,4,129.18
2692,900,48,1,206.81
2693,900,44,1,168.63
2694,900,115,4,308.68
2695,900,59,4,264.27
2696,900,110,4,431.78
2697,901,127,2,45.09
2698,901,126,4,25.37
2699,901,194,3,74.31
2700,901,123,2,37.05
2701,901,133,1,46.80
2702,902,159,3,26.55
2703,902,149,4,28.06
2704,902,125,1,32.57
2705,902,175,3,53.39
2706,902,127,2,45.09
2707,903,155,2,24.51
2708,903,49,3,182.19
2709,903,15,3,875.17
2710,904,156,4,47.44
2711,904,188,3,16.87
2712,904,83,3,88.66
2713,905,116,3,163.33
2714,905,138,4,54.31
2715,906,193,4,94.03
2716,906,175,1,53.39
2717,906,47,4,66.78
2718,906,58,1,199.52
2719,906,1,4,500.72
2720,907,117,4,298.11
2721,907,43,4,30.78
2722,908,157,4,19.33
2723,908,123,1,37.05
2724,908,151,3,53.45
2725,908,135,3,53.76
2726,908,72,1,207.50
2727,909,39,4,380.34
2728,909,66,4,60.34
2729,910,104,3,42.38
2730,910,141,1,44.68
2731,910,188,4,16.87
2732,911,189,2,57.74
2733,911,49,2,182.19
2734,911,118,2,259.42
2735,911,75,2,108.00
2736,911,96,4,48.32
2737,912,5,2,294.97
2738,913,77,3,28.30
2739,913,181,2,13.99
2740,914,148,4,42.76
2741,915,29,3,665.28
2742,915,94,2,281.05
2743,915,68,3,104.26
2744,915,52,3,47.09
2745,916,124,2,44.55
2746,916,23,2,311.08
2747,916,143,3,59.98
2748,917,135,1,53.76
2749,917,142,1,36.11
2750,917,50,2,237.25
2751,917,170,3,16.89
2752,918,10,1,273.35
2753,918,197,1,63.01
2754,919,134,3,19.36
2755,920,72,2,207.50
2756,921,76,3,248.97
2757,921,157,1,19.33
2758,921,12,3,788.04
2759,921,12,4,788.04
2760,921,174,3,114.93
2761,922,36,3,558.56
2762,922,144,3,46.06
2763,922,153,2,53.97
2764,922,47,2,66.78
2765,922,131,1,51.37
2766,923,144,4,46.06
2767,923,98,4,324.18
2768,923,160,1,45.74
2769,924,126,2,25.37
2770,924,125,1,32.57
2771,924,159,3,26.55
2772,925,183,2,92.22
2773,925,6,4,871.62
2774,925,101,2,329.79
2775,926,34,1,426.41
2776,926,2,4,239.88
2777,926,25,4,250.49
2778,927,118,3,259.42
2779,927,42,2,81.37
2780,927,132,3,33.38
2781,928,106,1,377.39
2782,928,39,4,380.34
2783,928,45,3,150.59
2784,929,170,3,16.89
2785,929,72,3,207.50
2786,929,155,4,24.51
2787,930,60,3,179.81
2788,930,16,1,537.37
2789,930,141,2,44.68
2790,930,170,2,16.89
2791,930,17,2,446.15
2792,931,64,3,50.42
2793,931,63,2,293.35
2794,931,38,2,117.99
2795,931,86,1,333.64
2796,931,60,3,179.81
2797,932,137,4,16.72
2798,933,139,2,26.08
2799,933,123,3,37.05
2800,933,151,2,53.45
2801,933,3,4,136.62
2802,934,184,4,93.38
2803,935,125,2,32.57
2804,935,75,1,108.00
2805,935,48,3,206.81
2806,935,67,4,39.92
2807,936,115,1,308.68
2808,937,188,2,16.87
2809,937,78,2,92.26
2810,938,195,1,97.24
2811,938,84,3,198.78
2812,938,103,2,258.65
2813,938,79,3,233.68
2814,938,106,3,377.39
2815,939,77,4,28.30
2816,940,194,1,74.31
2817,940,36,1,558.56
2818,940,144,2,46.06
2819,941,167,4,106.22
2820,941,4,2,327.69
2821,941,181,1,13.99
2822,942,114,2,386.72
2823,942,153,3,53.97
2824,942,71,1,271.85
2825,942,154,4,6.98
2826,943,76,2,248.97
2827,943,9,4,746.78
2828,944,105,1,27.39
2829,944,82,2,164.45
2830,944,87,2,282.19
2831,944,18,1,293.07
2832,945,195,4,97.24
2833,945,109,1,191.43
2834,945,105,4,27.39
2835,945,156,1,47.44
2836,946,75,4,108.00
2837,946,4,1,327.69
2838,946,162,1,21.49
2839,947,59,2,264.27
2840,947,37,2,429.72
2841,947,93,2,318.36
2842,948,71,4,271.85
2843,948,137,4,16.72
2844,948,90,2,370.03
2845,949,60,2,179.81
2846,950,166,4,61.71
2847,950,121,2,40.24
2848,950,158,4,59.27
2849,950,2,2,239.88
2850,951,8,4,743.01
2851,951,126,4,25.37
2852,951,5,4,294.97
2853,951,71,2,271.85
2854,952,158,3,59.27
2855,953,111,4,295.40
2856,953,173,4,93.51
2857,953,62,1,205.44
2858,953,128,4,46.60
2859,953,5,4,294.97
2860,954,129,3,31.16
2861,954,168,3,4.90
2862,954,172,1,66.83
2863,954,125,4,32.57
2864,955,101,4,329.79
2865,955,12,2,788.04
2866,955,124,1,44.55
2867,956,186,1,118.92
2868,956,112,2,307.14
2869,956,165,2,65.60
2870,956,149,3,28.06
2871,957,75,4,108.00
2872,957,62,2,205.44
2873,957,16,2,537.37
2874,958,172,4,66.83
2875,958,32,2,574.26
2876,959,116,3,163.33
2877,960,110,2,431.78
2878,960,89,2,183.76
2879,960,196,4,66.42
2880,961,129,1,31.16
2881,961,124,2,44.55
2882,962,58,2,199.52
2883,962,130,1,40.37
2884,963,129,1,31.16
2885,963,62,4,205.44
2886,964,98,1,324.18
2887,965,115,3,308.68
2888,965,60,2,179.81
2889,965,98,3,324.18
2890,965,117,3,298.11
2891,965,144,1,46.06
2892,966,97,1,388.13
2893,966,87,2,282.19
2894,967,35,3,291.27
2895,968,109,4,191.43
2896,968,91,4,265.75
2897,968,72,4,207.50
2898,968,58,3,199.52
2899,968,143,4,59.98
2900,969,117,3,298.11
2901,969,140,3,13.39
2902,969,98,3,324.18
2903,970,27,2,225.51
2904,970,52,2,47.09
2905,970,103,3,258.65
2906,971,101,2,329.79
2907,972,53,2,108.74
2908,972,183,1,92.22
2909,972,172,2,66.83
2910,972,51,1,23.32
2911,972,48,1,206.81
2912,973,162,1,21.49
2913,973,91,2,265.75
2914,974,49,1,182.19
2915,974,197,1,63.01
2916,974,52,1,47.09
2917,975,189,3,57.74
2918,975,15,1,875.17
2919,975,121,2,40.24
2920,975,153,2,53.97
2921,976,72,4,207.50
2922,976,151,4,53.45
2923,976,145,3,16.73
2924,977,182,2,100.88
2925,977,24,3,811.59
2926,978,142,3,36.11
2927,978,100,1,86.91
2928,979,57,4,51.30
2929,979,87,4,282.19
2930,980,185,2,4.70
2931,980,52,1,47.09
2932,980,29,1,665.28
2933,981,112,4,307.14
2934,981,40,4,633.55
2935,981,169,3,96.92
2936,982,113,4,78.35
2937,982,1,4,500.72
2938,982,62,3,205.44
2939,982,91,2,265.75
2940,982,108,2,231.27
2941,983,117,2,298.11
2942,983,20,2,150.57
2943,983,12,1,788.04
2944,984,29,4,665.28
2945,984,197,4,63.01
2946,984,95,1,418.23
2947,984,38,3,117.99
2948,984,62,2,205.44
2949,985,169,3,96.92
2950,986,9,1,746.78
2951,986,111,3,295.40
2952,986,135,1,53.76
2953,986,65,1,153.24
2954,986,198,1,49.14
2955,987,67,3,39.92
2956,987,175,2,53.39
2957,987,59,4,264.27
2958,987,27,1,225.51
2959,987,124,3,44.55
2960,988,14,3,750.61
2961,988,59,1,264.27
2962,988,152,2,48.13
2963,989,179,1,29.88
2964,989,6,3,871.62
2965,990,150,2,45.00
2966,990,9,1,746.78
2967,990,51,1,23.32
2968,991,176,4,24.47
2969,991,62,3,205.44
2970,991,63,2,293.35
2971,991,130,2,40.37
2972,991,119,3,390.51
2973,992,40,1,633.55
2974,992,174,3,114.93
2975,992,5,1,294.97
2976,992,78,2,92.26
2977,992,72,4,207.50
2978,993,115,3,308.68
2979,993,176,4,24.47
2980,993,153,2,53.97
2981,994,14,1,750.61
2982,994,6,2,871.62
2983,994,10,2,273.35
2984,994,114,3,386.72
2985,995,117,4,298.11
2986,995,140,2,13.39
2987,995,169,3,96.92
2988,995,166,1,61.71
2989,996,89,4,183.76
2990,996,150,4,45.00
2991,996,45,2,150.59
2992,997,75,4,108.00
2993,998,75,4,108.00
2994,998,46,3,30.13
2995,998,158,2,59.27
2996,998,188,1,16.87
2997,998,85,2,126.48
2998,999,194,3,74.31
2999,1000,87,2,282.19
3000,1001,143,2,59.98
3001,1001,196,2,66.42
3002,1001,157,2,19.33
3003,1002,143,2,59.98
3004,1002,196,2,66.42
3005,1002,63,4,293.35
3006,1002,36,2,558.56
3007,1003,151,4,53.45
3008,1004,53,3,108.74
3009,1005,11,3,691.54
3010,1006,42,4,81.37
3011,1006,152,2,48.13
3012,1006,59,4,264.27
3013,1006,71,3,271.85
3014,1007,34,3,426.41
3015,1007,94,1,281.05
3016,1008,79,4,233.68
3017,1008,40,1,633.55
3018,1008,175,4,53.39
3019,1008,192,3,14.31
3020,1008,95,1,418.23
3021,1009,104,3,42.38
3022,1009,109,3,191.43
3023,1010,128,3,46.60
3024,1011,112,4,307.14
3025,1011,11,3,691.54
3026,1011,185,1,4.70
3027,1012,30,4,281.92
3028,1012,194,2,74.31
3029,1012,163,4,81.90
3030,1013,99,4,151.45
3031,1013,135,2,53.76
3032,1014,176,4,24.47
3033,1015,106,3,377.39
3034,1015,48,2,206.81
3035,1015,132,2,33.38
3036,1015,36,3,558.56
3037,1016,65,2,153.24
3038,1017,165,4,65.60
3039,1017,191,2,103.44
3040,1017,40,2,633.55
3041,1018,32,1,574.26
3042,1018,56,4,174.98
3043,1018,29,4,665.28
3044,1019,181,1,13.99
3045,1020,84,4,198.78
3046,1020,194,2,74.31
3047,1020,44,3,168.63
3048,1020,65,4,153.24
3049,1021,110,3,431.78
3050,1021,126,3,25.37
3051,1022,118,2,259.42
3052,1022,79,4,233.68
3053,1022,52,3,47.09
3054,1022,131,1,51.37
3055,1023,176,2,24.47
3056,1023,156,4,47.44
3057,1023,35,4,291.27
3058,1023,178,4,39.29
3059,1024,16,3,537.37
3060,1024,5,2,294.97
3061,1024,167,4,106.22
3062,1025,128,1,46.60
3063,1025,12,2,788.04
3064,1025,122,4,11.28
3065,1025,135,3,53.76
3066,1025,191,3,103.44
3067,1026,6,4,871.62
3068,1026,129,2,31.16
3069,1026,45,3,150.59
3070,1026,59,3,264.27
3071,1026,140,4,13.39
3072,1027,134,2,19.36
3073,1027,12,3,788.04
3074,1027,170,4,16.89
3075,1027,5,3,294.97
3076,1028,117,4,298.11
3077,1028,169,1,96.92
3078,1028,27,2,225.51
3079,1028,87,3,282.19
3080,1029,67,4,39.92
3081,1029,32,2,574.26
3082,1030,71,4,271.85
3083,1031,79,4,233.68
3084,1032,146,3,27.35
3085,1033,154,2,6.98
3086,1034,102,3,17.15
3087,1034,19,1,816.54
3088,1034,31,2,609.25
3089,1035,90,1,370.03
3090,1035,145,4,16.73
3091,1036,97,2,388.13
3092,1036,30,4,281.92
3093,1036,10,2,273.35
3094,1037,57,1,51.30
3095,1037,128,1,46.60
3096,1037,128,4,46.60
3097,1037,73,1,25.03
3098,1037,184,3,93.38
3099,1038,155,2,24.51
3100,1038,56,2,174.98
3101,1038,38,1,117.99
3102,1039,35,2,291.27
3103,1040,103,2,258.65
3104,1040,66,1,60.34
3105,1040,67,2,39.92
3106,1041,80,3,253.61
3107,1041,198,3,49.14
3108,1042,93,3,318.36
3109,1043,34,4,426.41
3110,1043,63,1,293.35
3111,1043,161,2,9.08
3112,1043,162,4,21.49
3113,1044,19,4,816.54
3114,1044,162,2,21.49
3115,1044,198,1,49.14
3116,1045,176,3,24.47
3117,1045,198,1,49.14
3118,1045,168,1,4.90
3119,1046,118,1,259.42
3120,1046,87,4,282.19
3121,1046,119,2,390.51
3122,1046,144,1,46.06
3123,1047,76,3,248.97
3124,1047,135,2,53.76
3125,1047,94,1,281.05
3126,1047,1,4,500.72
3127,1048,118,4,259.42
3128,1048,68,4,104.26
3129,1048,37,1,429.72
3130,1048,140,1,13.39
3131,1048,194,2,74.31
3132,1049,173,4,93.51
3133,1049,63,4,293.35
3134,1050,194,2,74.31
3135,1051,37,3,429.72
3136,1051,196,3,66.42
3137,1051,12,4,788.04
3138,1051,128,1,46.60
3139,1051,10,3,273.35
3140,1052,168,1,4.90
3141,1052,99,4,151.45
3142,1052,102,1,17.15
3143,1052,92,2,391.62
3144,1052,106,3,377.39
3145,1053,40,3,633.55
3146,1053,36,1,558.56
3147,1054,173,1,93.51
3148,1054,63,1,293.35
3149,1054,44,3,168.63
3150,1054,91,1,265.75
3151,1054,119,2,390.51
3152,1055,186,4,118.92
3153,1055,100,4,86.91
3154,1055,97,1,388.13
3155,1055,76,1,248.97
3156,1056,64,2,50.42
3157,1056,62,2,205.44
3158,1056,65,1,153.24
3159,1057,8,1,743.01
3160,1057,69,4,258.65
3161,1057,55,1,247.20
3162,1057,3,3,136.62
3163,1058,39,3,380.34
3164,1058,3,3,136.62
3165,1058,26,4,43.63
3166,1058,186,3,118.92
3167,1058,17,2,446.15
3168,1059,89,3,183.76
3169,1060,97,3,388.13
3170,1060,62,3,205.44
3171,1060,169,2,96.92
3172,1060,46,4,30.13
3173,1061,102,4,17.15
3174,1061,183,2,92.22
3175,1061,118,4,259.42
3176,1062,64,3,50.42
3177,1062,95,4,418.23
3178,1062,169,3,96.92
3179,1062,115,4,308.68
3180,1062,96,2,48.32
3181,1063,138,2,54.31
3182,1064,52,3,47.09
3183,1064,28,3,549.50
3184,1065,121,2,40.24
3185,1065,165,3,65.60
3186,1065,152,4,48.13
3187,1065,118,1,259.42
3188,1065,126,1,25.37
3189,1066,17,3,446.15
3190,1066,159,4,26.55
3191,1067,17,4,446.15
3192,1067,116,3,163.33
3193,1067,157,4,19.33
3194,1067,55,4,247.20
3195,1068,40,4,633.55
3196,1068,32,3,574.26
3197,1068,67,2,39.92
3198,1068,191,3,103.44
3199,1069,196,2,66.42
3200,1069,66,2,60.34
3201,1070,40,2,633.55
3202,1071,170,3,16.89
3203,1071,43,2,30.78
3204,1072,197,2,63.01
3205,1072,37,1,429.72
3206,1072,194,3,74.31
3207,1072,128,2,46.60
3208,1073,59,2,264.27
3209,1073,197,4,63.01
3210,1073,182,1,100.88
3211,1073,169,4,96.92
3212,1074,122,3,11.28
3213,1074,5,2,294.97
3214,1074,11,4,691.54
3215,1074,126,1,25.37
3216,1074,175,4,53.39
3217,1075,44,3,168.63
3218,1075,6,1,871.62
3219,1075,97,3,388.13
3220,1076,91,3,265.75
3221,1076,125,4,32.57
3222,1076,71,2,271.85
3223,1076,84,3,198.78
3224,1077,138,3,54.31
3225,1077,143,1,59.98
3226,1077,98,1,324.18
3227,1077,6,4,871.62
3228,1078,117,3,298.11
3229,1078,165,3,65.60
3230,1078,191,3,103.44
3231,1078,177,3,103.55
3232,1079,95,2,418.23
3233,1079,27,1,225.51
3234,1079,180,2,109.81
3235,1080,23,3,311.08
3236,1081,36,2,558.56
3237,1081,161,4,9.08
3238,1081,170,3,16.89
3239,1081,174,3,114.93
3240,1082,2,2,239.88
3241,1083,6,2,871.62
3242,1083,45,1,150.59
3243,1083,103,3,258.65
3244,1083,146,2,27.35
3245,1083,48,4,206.81
3246,1084,128,4,46.60
3247,1084,75,1,108.00
3248,1084,17,2,446.15
3249,1084,53,2,108.74
3250,1085,44,4,168.63
3251,1085,134,1,19.36
3252,1085,73,2,25.03
3253,1085,17,2,446.15
3254,1086,80,1,253.61
3255,1086,12,1,788.04
3256,1087,195,3,97.24
3257,1088,104,3,42.38
3258,1088,136,4,16.82
3259,1089,22,4,129.18
3260,1089,26,3,43.63
3261,1089,53,2,108.74
3262,1089,141,4,44.68
3263,1089,38,2,117.99
3264,1090,142,3,36.11
3265,1090,23,2,311.08
3266,1090,20,3,150.57
3267,1090,3,1,136.62
3268,1090,139,4,26.08
3269,1091,112,1,307.14
3270,1091,178,4,39.29
3271,1092,113,3,78.35
3272,1092,167,1,106.22
3273,1093,106,1,377.39
3274,1093,66,3,60.34
3275,1094,79,4,233.68
3276,1094,180,1,109.81
3277,1094,136,3,16.82
3278,1094,154,2,6.98
3279,1095,10,4,273.35
3280,1095,49,3,182.19
3281,1096,126,1,25.37
3282,1096,109,2,191.43
3283,1096,183,1,92.22
3284,1097,145,4,16.73
3285,1097,98,3,324.18
3286,1097,178,1,39.29
3287,1098,29,1,665.28
3288,1098,91,2,265.75
3289,1099,35,2,291.27
3290,1099,143,4,59.98
3291,1099,197,4,63.01
3292,1099,194,3,74.31
3293,1100,81,3,310.43
3294,1100,83,2,88.66
3295,1100,83,4,88.66
3296,1100,188,4,16.87
3297,1101,67,4,39.92
3298,1102,96,3,48.32
3299,1102,56,4,174.98
3300,1102,183,3,92.22
3301,1102,133,4,46.80
3302,1103,166,1,61.71
3303,1103,109,2,191.43
3304,1103,24,1,811.59
3305,1103,155,2,24.51
3306,1103,65,2,153.24
3307,1104,67,4,39.92
3308,1104,195,2,97.24
3309,1104,52,4,47.09
3310,1104,67,1,39.92
3311,1104,56,3,174.98
3312,1105,115,3,308.68
3313,1105,190,1,109.95
3314,1105,142,3,36.11
3315,1105,170,3,16.89
3316,1106,29,1,665.28
3317,1106,80,4,253.61
3318,1106,195,2,97.24
3319,1106,129,3,31.16
3320,1107,81,2,310.43
3321,1108,50,3,237.25
3322,1108,172,4,66.83
3323,1108,112,3,307.14
3324,1109,183,4,92.22
3325,1109,106,1,377.39
3326,1109,172,4,66.83
3327,1109,68,2,104.26
3328,1109,85,4,126.48
3329,1110,50,1,237.25
3330,1110,30,4,281.92
3331,1111,150,1,45.00
3332,1112,151,3,53.45
3333,1113,193,3,94.03
3334,1113,175,2,53.39
3335,1113,141,3,44.68
3336,1113,134,2,19.36
3337,1113,15,1,875.17
3338,1114,108,3,231.27
3339,1114,181,2,13.99
3340,1115,180,1,109.81
3341,1115,140,1,13.39
3342,1116,18,4,293.07
3343,1117,86,1,333.64
3344,1117,188,3,16.87
3345,1117,137,3,16.72
3346,1118,136,2,16.82
3347,1119,181,4,13.99
3348,1119,188,3,16.87
3349,1119,150,1,45.00
3350,1120,175,1,53.39
3351,1120,19,2,816.54
3352,1120,114,2,386.72
3353,1120,44,2,168.63
3354,1121,142,2,36.11
3355,1121,84,2,198.78
3356,1121,168,2,4.90
3357,1121,99,3,151.45
3358,1122,168,3,4.90
3359,1122,138,1,54.31
3360,1122,200,3,21.95
3361,1122,155,1,24.51
3362,1122,52,1,47.09
3363,1123,50,3,237.25
3364,1123,8,2,743.01
3365,1123,30,3,281.92
3366,1124,74,3,54.80
3367,1124,194,4,74.31
3368,1125,65,2,153.24
3369,1126,37,2,429.72
3370,1127,68,3,104.26
3371,1128,136,4,16.82
3372,1128,151,1,53.45
3373,1129,80,4,253.61
3374,1129,106,4,377.39
3375,1129,155,2,24.51
3376,1129,84,3,198.78
3377,1130,36,2,558.56
3378,1130,187,4,12.37
3379,1130,130,3,40.37
3380,1130,22,3,129.18
3381,1130,27,4,225.51
3382,1131,40,2,633.55
3383,1131,191,2,103.44
3384,1132,46,1,30.13
3385,1132,53,2,108.74
3386,1132,86,3,333.64
3387,1132,104,3,42.38
3388,1132,1,4,500.72
3389,1133,1,3,500.72
3390,1133,194,2,74.31
3391,1134,176,4,24.47
3392,1134,26,4,43.63
3393,1134,60,3,179.81
3394,1134,112,3,307.14
3395,1134,17,3,446.15
3396,1135,110,2,431.78
3397,1135,22,4,129.18
3398,1135,138,1,54.31
3399,1135,158,4,59.27
3400,1136,72,4,207.50
3401,1137,150,2,45.00
3402,1138,144,2,46.06
3403,1138,166,3,61.71
3404,1139,46,3,30.13
3405,1139,37,2,429.72
3406,1139,185,2,4.70
3407,1139,178,2,39.29
3408,1139,8,2,743.01
3409,1140,155,1,24.51
3410,1140,117,3,298.11
3411,1141,150,4,45.00
3412,1141,167,3,106.22
3413,1141,86,3,333.64
3414,1141,177,3,103.55
3415,1141,31,1,609.25
3416,1142,10,1,273.35
3417,1142,155,1,24.51
3418,1142,55,4,247.20
3419,1142,106,4,377.39
3420,1142,122,4,11.28
3421,1143,24,4,811.59
3422,1143,149,2,28.06
3423,1143,35,4,291.27
3424,1143,184,1,93.38
3425,1144,91,4,265.75
3426,1144,110,4,431.78
3427,1144,81,1,310.43
3428,1144,101,2,329.79
3429,1145,102,2,17.15
3430,1146,19,3,816.54
3431,1146,194,4,74.31
3432,1147,136,4,16.82
3433,1147,23,1,311.08
3434,1147,104,3,42.38
3435,1147,40,2,633.55
3436,1148,182,4,100.88
3437,1149,65,1,153.24
3438,1149,124,3,44.55
3439,1149,66,3,60.34
3440,1149,196,1,66.42
3441,1149,125,2,32.57
3442,1150,52,3,47.09
3443,1150,123,3,37.05
3444,1150,161,1,9.08
3445,1150,85,3,126.48
3446,1150,177,2,103.55
3447,1151,14,1,750.61
3448,1151,52,1,47.09
3449,1152,146,2,27.35
3450,1152,129,3,31.16
3451,1152,116,1,163.33
3452,1152,158,4,59.27
3453,1152,154,4,6.98
3454,1153,129,4,31.16
3455,1153,67,3,39.92
3456,1154,108,1,231.27
3457,1154,198,2,49.14
3458,1154,157,2,19.33
3459,1154,68,3,104.26
3460,1155,175,3,53.39
3461,1155,59,2,264.27
3462,1155,137,4,16.72
3463,1155,183,1,92.22
3464,1155,132,1,33.38
3465,1156,44,2,168.63
3466,1156,126,3,25.37
3467,1157,35,4,291.27
3468,1157,195,1,97.24
3469,1157,74,4,54.80
3470,1157,182,3,100.88
3471,1157,178,4,39.29
3472,1158,69,4,258.65
3473,1158,143,1,59.98
3474,1158,49,4,182.19
3475,1158,160,2,45.74
3476,1158,200,4,21.95
3477,1159,106,1,377.39
3478,1159,180,3,109.81
3479,1160,193,1,94.03
3480,1160,124,3,44.55
3481,1160,110,2,431.78
3482,1160,165,1,65.60
3483,1161,4,1,327.69
3484,1161,82,1,164.45
3485,1162,47,3,66.78
3486,1162,62,3,205.44
3487,1162,19,4,816.54
3488,1162,49,4,182.19
3489,1163,196,3,66.42
3490,1163,51,3,23.32
3491,1163,57,3,51.30
3492,1163,177,4,103.55
3493,1163,178,1,39.29
3494,1164,74,2,54.80
3495,1164,64,2,50.42
3496,1164,91,4,265.75
3497,1164,44,3,168.63
3498,1165,74,4,54.80
3499,1165,41,4,224.09
3500,1165,18,4,293.07
3501,1166,186,2,118.92
3502,1166,137,2,16.72
3503,1166,113,2,78.35
3504,1167,51,2,23.32
3505,1167,82,3,164.45
3506,1167,29,3,665.28
3507,1168,60,2,179.81
3508,1168,188,4,16.87
3509,1168,145,1,16.73
3510,1168,130,4,40.37
3511,1168,111,2,295.40
3512,1169,42,3,81.37
3513,1169,70,3,47.08
3514,1169,40,2,633.55
3515,1169,48,2,206.81
3516,1169,143,2,59.98
3517,1170,129,4,31.16
3518,1170,87,4,282.19
3519,1170,135,2,53.76
3520,1171,25,1,250.49
3521,1171,155,4,24.51
3522,1171,23,4,311.08
3523,1172,129,2,31.16
3524,1172,100,3,86.91
3525,1172,13,2,522.46
3526,1173,194,4,74.31
3527,1174,143,1,59.98
3528,1174,96,4,48.32
3529,1174,74,4,54.80
3530,1175,119,1,390.51
3531,1175,68,3,104.26
3532,1175,149,3,28.06
3533,1176,15,1,875.17
3534,1176,8,1,743.01
3535,1176,193,3,94.03
3536,1177,40,3,633.55
3537,1177,6,2,871.62
3538,1177,184,4,93.38
3539,1178,50,4,237.25
3540,1179,143,3,59.98
3541,1180,52,3,47.09
3542,1180,180,3,109.81
3543,1181,104,2,42.38
3544,1181,55,2,247.20
3545,1182,155,4,24.51
3546,1183,38,4,117.99
3547,1183,190,1,109.95
3548,1183,177,3,103.55
3549,1183,104,1,42.38
3550,1183,138,3,54.31
3551,1184,65,4,153.24
3552,1184,152,4,48.13
3553,1185,129,1,31.16
3554,1185,50,1,237.25
3555,1186,138,4,54.31
3556,1186,39,4,380.34
3557,1186,159,1,26.55
3558,1186,69,2,258.65
3559,1186,42,4,81.37
3560,1187,32,4,574.26
3561,1187,166,2,61.71
3562,1187,90,3,370.03
3563,1187,109,2,191.43
3564,1187,44,2,168.63
3565,1188,152,1,48.13
3566,1188,55,2,247.20
3567,1188,137,2,16.72
3568,1189,172,4,66.83
3569,1190,156,1,47.44
3570,1190,169,2,96.92
3571,1191,170,3,16.89
3572,1191,97,3,388.13
3573,1191,191,2,103.44
3574,1191,70,1,47.08
3575,1192,164,1,69.89
3576,1192,9,3,746.78
3577,1192,194,3,74.31
3578,1192,140,1,13.39
3579,1192,167,4,106.22
3580,1193,9,1,746.78
3581,1194,27,2,225.51
3582,1194,67,3,39.92
3583,1195,87,1,282.19
3584,1195,182,4,100.88
3585,1196,183,1,92.22
3586,1196,102,1,17.15
3587,1196,128,1,46.60
3588,1196,44,3,168.63
3589,1196,5,4,294.97
3590,1197,194,3,74.31
3591,1197,136,4,16.82
3592,1197,12,3,788.04
3593,1197,23,3,311.08
3594,1197,177,1,103.55
3595,1198,87,3,282.19
3596,1198,16,2,537.37
3597,1198,95,2,418.23
3598,1199,164,1,69.89
3599,1199,111,4,295.40
3600,1199,186,2,118.92
3601,1200,90,3,370.03
3602,1200,197,4,63.01
3603,1200,196,4,66.42
3604,1200,94,2,281.05
3605,1200,106,3,377.39
3606,1201,112,2,307.14
3607,1201,27,1,225.51
3608,1201,43,3,30.78
3609,1201,11,3,691.54
3610,1201,26,3,43.63
3611,1202,176,2,24.47
3612,1202,194,2,74.31
3613,1202,176,2,24.47
3614,1203,161,3,9.08
3615,1203,107,2,368.95
3616,1204,73,4,25.03
3617,1205,52,2,47.09
3618,1205,10,2,273.35
3619,1205,41,1,224.09
3620,1206,133,3,46.80
3621,1206,82,3,164.45
3622,1206,128,2,46.60
3623,1206,24,2,811.59
3624,1207,159,3,26.55
3625,1207,137,3,16.72
3626,1207,60,2,179.81
3627,1208,76,1,248.97
3628,1208,180,2,109.81
3629,1209,183,3,92.22
3630,1210,193,4,94.03
3631,1210,27,1,225.51
3632,1210,188,2,16.87
3633,1210,167,3,106.22
3634,1211,184,2,93.38
3635,1211,188,4,16.87
3636,1212,173,3,93.51
3637,1212,85,1,126.48
3638,1212,144,4,46.06
3639,1213,8,4,743.01
3640,1213,153,1,53.97
3641,1213,92,4,391.62
3642,1214,92,1,391.62
3643,1214,43,4,30.78
3644,1215,194,1,74.31
3645,1215,126,2,25.37
3646,1215,196,2,66.42
3647,1215,92,2,391.62
3648,1215,151,4,53.45
3649,1216,167,2,106.22
3650,1217,132,1,33.38
3651,1217,83,3,88.66
3652,1217,71,3,271.85
3653,1218,56,2,174.98
3654,1218,185,3,4.70
3655,1219,40,4,633.55
3656,1220,83,1,88.66
3657,1220,41,3,224.09
3658,1220,165,2,65.60
3659,1220,130,2,40.37
3660,1220,75,4,108.00
3661,1221,84,1,198.78
3662,1222,191,1,103.44
3663,1222,114,1,386.72
3664,1222,123,1,37.05
3665,1222,27,2,225.51
3666,1222,75,2,108.00
3667,1223,15,1,875.17
3668,1223,136,3,16.82
3669,1223,195,2,97.24
3670,1224,125,4,32.57
3671,1225,91,4,265.75
3672,1225,9,3,746.78
3673,1225,140,1,13.39
3674,1225,78,4,92.26
3675,1226,145,1,16.73
3676,1226,80,2,253.61
3677,1226,113,3,78.35
3678,1226,30,4,281.92
3679,1226,179,3,29.88
3680,1227,64,1,50.42
3681,1227,10,2,273.35
3682,1227,130,4,40.37
3683,1227,25,2,250.49
3684,1228,3,2,136.62
3685,1228,40,3,633.55
3686,1228,48,3,206.81
3687,1228,116,3,163.33
3688,1228,156,2,47.44
3689,1229,115,1,308.68
3690,1230,151,2,53.45
3691,1230,50,2,237.25
3692,1230,9,4,746.78
3693,1230,163,4,81.90
3694,1230,76,1,248.97
3695,1231,166,3,61.71
3696,1231,13,1,522.46
3697,1231,196,4,66.42
3698,1231,6,4,871.62
3699,1232,174,3,114.93
3700,1233,118,2,259.42
3701,1234,49,2,182.19
3702,1234,145,1,16.73
3703,1234,160,1,45.74
3704,1234,133,4,46.80
3705,1234,101,3,329.79
3706,1235,128,2,46.60
3707,1235,69,2,258.65
3708,1235,48,1,206.81
3709,1235,157,2,19.33
3710,1235,89,4,183.76
3711,1236,141,2,44.68
3712,1236,17,4,446.15
3713,1236,18,4,293.07
3714,1237,159,2,26.55
3715,1237,193,3,94.03
3716,1237,22,1,129.18
3717,1237,97,2,388.13
3718,1238,100,2,86.91
3719,1239,177,4,103.55
3720,1239,16,3,537.37
3721,1239,109,3,191.43
3722,1239,96,3,48.32
3723,1239,11,1,691.54
3724,1240,186,4,118.92
3725,1240,150,1,45.00
3726,1240,188,2,16.87
3727,1241,197,3,63.01
3728,1241,11,4,691.54
3729,1241,112,4,307.14
3730,1242,129,1,31.16
3731,1242,149,4,28.06
3732,1243,96,1,48.32
3733,1244,123,3,37.05
3734,1245,162,3,21.49
3735,1245,62,4,205.44
3736,1245,178,1,39.29
3737,1246,16,4,537.37
3738,1246,149,1,28.06
3739,1246,139,1,26.08
3740,1247,141,2,44.68
3741,1247,133,2,46.80
3742,1247,169,4,96.92
3743,1247,129,2,31.16
3744,1248,105,4,27.39
3745,1248,30,3,281.92
3746,1249,32,2,574.26
3747,1249,123,4,37.05
3748,1249,108,3,231.27
3749,1249,153,1,53.97
3750,1249,18,3,293.07
3751,1250,106,4,377.39
3752,1250,92,3,391.62
3753,1250,140,4,13.39
3754,1250,162,1,21.49
3755,1250,98,4,324.18
3756,1251,17,1,446.15
3757,1251,75,1,108.00
3758,1252,55,1,247.20
3759,1252,118,4,259.42
3760,1252,13,4,522.46
3761,1252,55,4,247.20
3762,1252,100,1,86.91
3763,1253,197,2,63.01
3764,1253,159,2,26.55
3765,1253,103,3,258.65
3766,1253,117,3,298.11
3767,1253,134,2,19.36
3768,1254,78,3,92.26
3769,1254,128,1,46.60
3770,1254,71,4,271.85
3771,1254,53,2,108.74
3772,1254,21,1,540.25
3773,1255,34,4,426.41
3774,1255,105,2,27.39
3775,1256,143,1,59.98
3776,1256,6,2,871.62
3777,1256,181,4,13.99
3778,1256,191,4,103.44
3779,1256,36,4,558.56
3780,1257,137,2,16.72
3781,1258,86,1,333.64
3782,1258,127,1,45.09
3783,1259,127,4,45.09
3784,1260,166,3,61.71
3785,1260,101,1,329.79
3786,1260,13,4,522.46
3787,1260,91,3,265.75
3788,1261,85,1,126.48
3789,1261,94,2,281.05
3790,1261,4,1,327.69
3791,1262,98,4,324.18
3792,1263,139,3,26.08
3793,1263,124,1,44.55
3794,1263,35,3,291.27
3795,1263,170,2,16.89
3796,1263,173,3,93.51
3797,1264,10,1,273.35
3798,1264,89,3,183.76
3799,1264,176,2,24.47
3800,1264,154,4,6.98
3801,1265,166,3,61.71
3802,1265,104,3,42.38
3803,1265,71,1,271.85
3804,1265,12,4,788.04
3805,1265,200,4,21.95
3806,1266,138,4,54.31
3807,1266,82,2,164.45
3808,1266,138,1,54.31
3809,1266,57,3,51.30
3810,1267,75,1,108.00
3811,1268,129,4,31.16
3812,1269,116,1,163.33
3813,1269,124,2,44.55
3814,1269,135,3,53.76
3815,1270,174,3,114.93
3816,1270,149,3,28.06
3817,1270,71,3,271.85
3818,1270,153,4,53.97
3819,1270,73,1,25.03
3820,1271,128,4,46.60
3821,1271,150,2,45.00
3822,1271,132,1,33.38
3823,1272,194,1,74.31
3824,1272,188,2,16.87
3825,1272,6,3,871.62
3826,1272,185,4,4.70
3827,1273,198,2,49.14
3828,1273,126,3,25.37
3829,1274,46,2,30.13
3830,1274,15,4,875.17
3831,1274,185,4,4.70
3832,1274,189,2,57.74
3833,1275,131,1,51.37
3834,1275,37,3,429.72
3835,1276,166,1,61.71
3836,1276,193,3,94.03
3837,1276,23,2,311.08
3838,1276,124,1,44.55
3839,1277,87,1,282.19
3840,1277,133,4,46.80
3841,1277,53,3,108.74
3842,1277,176,4,24.47
3843,1277,173,2,93.51
3844,1278,18,4,293.07
3845,1278,179,3,29.88
3846,1278,190,4,109.95
3847,1278,62,4,205.44
3848,1278,135,1,53.76
3849,1279,185,1,4.70
3850,1280,159,4,26.55
3851,1280,157,3,19.33
3852,1281,148,2,42.76
3853,1281,143,4,59.98
3854,1281,60,1,179.81
3855,1282,150,3,45.00
3856,1282,60,3,179.81
3857,1282,62,1,205.44
3858,1282,129,1,31.16
3859,1282,131,3,51.37
3860,1283,193,4,94.03
3861,1283,193,2,94.03
3862,1284,126,3,25.37
3863,1285,48,1,206.81
3864,1285,194,3,74.31
3865,1285,92,4,391.62
3866,1286,3,1,136.62
3867,1286,83,3,88.66
3868,1286,72,2,207.50
3869,1286,105,3,27.39
3870,1286,163,3,81.90
3871,1287,10,1,273.35
3872,1288,14,2,750.61
3873,1288,31,4,609.25
3874,1288,193,4,94.03
3875,1288,126,3,25.37
3876,1289,136,3,16.82
3877,1289,123,2,37.05
3878,1289,165,2,65.60
3879,1289,77,1,28.30
3880,1290,109,4,191.43
3881,1290,63,3,293.35
3882,1290,70,3,47.08
3883,1291,112,2,307.14
3884,1291,97,4,388.13
3885,1292,116,1,163.33
3886,1293,60,4,179.81
3887,1293,40,1,633.55
3888,1293,167,1,106.22
3889,1293,22,3,129.18
3890,1293,90,2,370.03
3891,1294,132,4,33.38
3892,1295,93,3,318.36
3893,1295,21,3,540.25
3894,1296,24,1,811.59
3895,1296,68,2,104.26
3896,1297,182,3,100.88
3897,1297,89,1,183.76
3898,1297,152,2,48.13
3899,1297,159,3,26.55
3900,1297,180,1,109.81
3901,1298,73,1,25.03
3902,1298,86,2,333.64
3903,1298,187,3,12.37
3904,1299,90,2,370.03
3905,1299,146,1,27.35
3906,1299,4,2,327.69
3907,1299,37,1,429.72
3908,1300,179,4,29.88
3909,1300,94,3,281.05
3910,1301,187,3,12.37
3911,1301,189,3,57.74
3912,1301,20,4,150.57
3913,1301,37,3,429.72
3914,1302,184,1,93.38
3915,1302,69,1,258.65
3916,1302,153,2,53.97
3917,1302,26,3,43.63
3918,1302,42,3,81.37
3919,1303,96,3,48.32
3920,1304,107,2,368.95
3921,1304,115,3,308.68
3922,1304,155,1,24.51
3923,1304,193,3,94.03
3924,1304,65,2,153.24
3925,1305,100,4,86.91
3926,1306,14,3,750.61
3927,1306,165,3,65.60
3928,1306,68,2,104.26
3929,1306,87,2,282.19
3930,1306,128,4,46.60
3931,1307,141,1,44.68
3932,1307,152,4,48.13
3933,1308,10,3,273.35
3934,1308,125,1,32.57
3935,1309,94,4,281.05
3936,1309,164,4,69.89
3937,1310,86,2,333.64
3938,1311,166,2,61.71
3939,1311,57,3,51.30
3940,1312,86,2,333.64
3941,1312,92,4,391.62
3942,1312,92,2,391.62
3943,1312,104,3,42.38
3944,1313,128,2,46.60
3945,1313,30,4,281.92
3946,1314,194,1,74.31
3947,1314,107,2,368.95
3948,1314,153,2,53.97
3949,1314,63,3,293.35
3950,1315,103,1,258.65
3951,1315,51,3,23.32
3952,1315,81,1,310.43
3953,1315,110,3,431.78
3954,1316,130,3,40.37
3955,1316,38,3,117.99
3956,1317,35,2,291.27
3957,1317,118,2,259.42
3958,1317,84,3,198.78
3959,1317,25,4,250.49
3960,1318,155,1,24.51
3961,1318,44,4,168.63
3962,1318,142,4,36.11
3963,1319,17,1,446.15
3964,1319,106,4,377.39
3965,1319,78,2,92.26
3966,1319,116,1,163.33
3967,1320,144,3,46.06
3968,1320,50,3,237.25
3969,1320,28,4,549.50
3970,1320,82,1,164.45
3971,1321,102,4,17.15
3972,1322,81,2,310.43
3973,1322,18,4,293.07
3974,1322,116,2,163.33
3975,1323,89,1,183.76
3976,1323,194,2,74.31
3977,1323,74,3,54.80
3978,1323,27,4,225.51
3979,1324,109,1,191.43
3980,1325,175,4,53.39
3981,1325,73,4,25.03
3982,1326,18,1,293.07
3983,1326,145,1,16.73
3984,1326,28,1,549.50
3985,1327,170,1,16.89
3986,1328,18,4,293.07
3987,1329,85,1,126.48
3988,1329,107,2,368.95
3989,1329,94,4,281.05
3990,1329,41,1,224.09
3991,1329,119,4,390.51
3992,1330,117,3,298.11
3993,1330,188,2,16.87
3994,1331,113,2,78.35
3995,1331,154,1,6.98
3996,1332,143,4,59.98
3997,1332,173,1,93.51
3998,1332,172,3,66.83
3999,1332,77,3,28.30
4000,1333,97,4,388.13
4001,1334,134,1,19.36
4002,1334,27,3,225.51
4003,1334,28,2,549.50
4004,1334,96,4,48.32
4005,1335,103,2,258.65
4006,1335,79,4,233.68
4007,1335,36,4,558.56
4008,1335,129,1,31.16
4009,1336,74,4,54.80
4010,1336,193,1,94.03
4011,1336,145,4,16.73
4012,1336,158,3,59.27
4013,1337,43,1,30.78
4014,1337,190,2,109.95
4015,1337,135,2,53.76
4016,1337,121,3,40.24
4017,1337,68,3,104.26
4018,1338,59,1,264.27
4019,1338,44,1,168.63
4020,1338,117,4,298.11
4021,1338,59,4,264.27
4022,1338,180,4,109.81
4023,1339,139,3,26.08
4024,1340,183,4,92.22
4025,1340,51,2,23.32
4026,1341,122,2,11.28
4027,1341,191,3,103.44
4028,1341,63,1,293.35
4029,1342,172,2,66.83
4030,1343,35,4,291.27
4031,1343,64,4,50.42
4032,1343,40,2,633.55
4033,1343,117,1,298.11
4034,1344,172,1,66.83
4035,1345,68,3,104.26
4036,1345,15,4,875.17
4037,1345,106,3,377.39
4038,1346,42,4,81.37
4039,1346,6,1,871.62
4040,1346,167,1,106.22
4041,1346,175,1,53.39
4042,1346,196,4,66.42
4043,1347,69,3,258.65
4044,1347,42,3,81.37
4045,1348,152,2,48.13
4046,1348,169,1,96.92
4047,1349,22,3,129.18
4048,1350,51,3,23.32
4049,1351,67,3,39.92
4050,1351,53,2,108.74
4051,1351,47,2,66.78
4052,1352,165,2,65.60
4053,1352,84,3,198.78
4054,1352,37,1,429.72
4055,1352,42,3,81.37
4056,1353,136,2,16.82
4057,1353,176,4,24.47
4058,1353,83,4,88.66
4059,1353,121,3,40.24
4060,1354,162,3,21.49
4061,1354,124,4,44.55
4062,1354,168,4,4.90
4063,1355,177,3,103.55
4064,1355,127,1,45.09
4065,1355,1,3,500.72
4066,1356,14,4,750.61
4067,1357,39,4,380.34
4068,1358,157,3,19.33
4069,1358,150,1,45.00
4070,1358,103,2,258.65
4071,1359,32,2,574.26
4072,1359,103,4,258.65
4073,1359,31,2,609.25
4074,1360,118,4,259.42
4075,1360,86,3,333.64
4076,1360,68,3,104.26
4077,1361,200,1,21.95
4078,1361,126,4,25.37
4079,1361,108,1,231.27
4080,1361,20,4,150.57
4081,1362,112,2,307.14
4082,1362,112,2,307.14
4083,1363,121,4,40.24
4084,1363,102,2,17.15
4085,1363,146,2,27.35
4086,1363,162,2,21.49
4087,1363,126,4,25.37
4088,1364,161,2,9.08
4089,1364,38,2,117.99
4090,1364,93,4,318.36
4091,1365,146,3,27.35
4092,1365,81,1,310.43
4093,1365,152,1,48.13
4094,1366,27,1,225.51
4095,1366,97,3,388.13
4096,1367,8,3,743.01
4097,1368,24,3,811.59
4098,1368,63,3,293.35
4099,1368,47,1,66.78
4100,1368,128,3,46.60
4101,1368,46,4,30.13
4102,1369,68,1,104.26
4103,1369,98,4,324.18
4104,1369,102,4,17.15
4105,1369,78,3,92.26
4106,1369,190,3,109.95
4107,1370,75,1,108.00
4108,1370,115,2,308.68
4109,1370,78,4,92.26
4110,1370,25,1,250.49
4111,1370,170,3,16.89
4112,1371,13,4,522.46
4113,1372,177,3,103.55
4114,1372,47,4,66.78
4115,1372,100,4,86.91
4116,1372,133,4,46.80
4117,1372,111,4,295.40
4118,1373,40,2,633.55
4119,1373,46,3,30.13
4120,1374,182,4,100.88
4121,1375,65,3,153.24
4122,1375,12,3,788.04
4123,1375,92,1,391.62
4124,1376,87,4,282.19
4125,1376,200,4,21.95
4126,1376,137,4,16.72
4127,1377,41,3,224.09
4128,1377,96,4,48.32
4129,1378,94,1,281.05
4130,1378,125,4,32.57
4131,1378,14,2,750.61
4132,1378,39,1,380.34
4133,1379,143,4,59.98
4134,1379,9,3,746.78
4135,1379,182,2,100.88
4136,1380,66,1,60.34
4137,1380,139,1,26.08
4138,1381,170,1,16.89
4139,1381,187,4,12.37
4140,1381,172,2,66.83
4141,1382,64,2,50.42
4142,1382,18,2,293.07
4143,1382,176,2,24.47
4144,1383,142,1,36.11
4145,1383,132,1,33.38
4146,1383,87,1,282.19
4147,1384,42,4,81.37
4148,1384,151,1,53.45
4149,1384,21,1,540.25
4150,1384,91,4,265.75
4151,1384,128,1,46.60
4152,1385,170,3,16.89
4153,1386,179,3,29.88
4154,1386,68,3,104.26
4155,1386,19,1,816.54
4156,1386,56,2,174.98
4157,1386,142,3,36.11
4158,1387,67,1,39.92
4159,1388,43,2,30.78
4160,1389,188,2,16.87
4161,1389,172,3,66.83
4162,1390,187,4,12.37
4163,1391,111,2,295.40
4164,1391,144,4,46.06
4165,1392,62,4,205.44
4166,1392,148,4,42.76
4167,1393,41,1,224.09
4168,1393,196,3,66.42
4169,1393,180,2,109.81
4170,1393,43,3,30.78
4171,1394,188,4,16.87
4172,1394,138,1,54.31
4173,1395,51,3,23.32
4174,1395,151,4,53.45
4175,1395,177,4,103.55
4176,1395,62,3,205.44
4177,1395,70,4,47.08
4178,1396,24,3,811.59
4179,1397,155,1,24.51
4180,1397,110,2,431.78
4181,1397,87,2,282.19
4182,1397,155,1,24.51
4183,1397,164,3,69.89
4184,1398,190,2,109.95
4185,1399,152,4,48.13
4186,1399,66,2,60.34
4187,1399,42,4,81.37
4188,1399,108,2,231.27
4189,1400,15,3,875.17
4190,1401,72,2,207.50
4191,1401,177,1,103.55
4192,1402,131,3,51.37
4193,1402,184,4,93.38
4194,1402,36,2,558.56
4195,1402,176,4,24.47
4196,1402,34,3,426.41
4197,1403,51,3,23.32
4198,1403,75,1,108.00
4199,1403,99,4,151.45
4200,1404,121,3,40.24
4201,1405,175,4,53.39
4202,1405,58,4,199.52
4203,1405,127,3,45.09
4204,1406,63,1,293.35
4205,1406,165,1,65.60
4206,1407,112,3,307.14
4207,1407,81,4,310.43
4208,1407,71,3,271.85
4209,1407,107,1,368.95
4210,1407,189,2,57.74
4211,1408,143,2,59.98
4212,1408,128,1,46.60
4213,1408,189,4,57.74
4214,1409,154,4,6.98
4215,1409,84,3,198.78
4216,1409,99,4,151.45
4217,1410,108,2,231.27
4218,1410,116,3,163.33
4219,1411,4,1,327.69
4220,1411,14,2,750.61
4221,1411,24,1,811.59
4222,1412,114,3,386.72
4223,1413,83,4,88.66
4224,1414,1,4,500.72
4225,1414,98,1,324.18
4226,1415,34,4,426.41
4227,1415,83,3,88.66
4228,1415,102,3,17.15
4229,1415,177,1,103.55
4230,1416,60,4,179.81
4231,1416,44,2,168.63
4232,1417,130,3,40.37
4233,1417,94,3,281.05
4234,1417,83,2,88.66
4235,1417,47,3,66.78
4236,1418,24,1,811.59
4237,1418,30,4,281.92
4238,1419,196,1,66.42
4239,1419,121,2,40.24
4240,1419,100,2,86.91
4241,1419,4,3,327.69
4242,1419,163,4,81.90
4243,1420,89,3,183.76
4244,1420,101,2,329.79
4245,1420,34,1,426.41
4246,1421,140,3,13.39
4247,1421,90,1,370.03
4248,1422,84,4,198.78
4249,1422,190,3,109.95
4250,1423,166,3,61.71
4251,1424,87,3,282.19
4252,1424,103,3,258.65
4253,1424,182,4,100.88
4254,1424,145,4,16.73
4255,1425,132,4,33.38
4256,1425,187,4,12.37
4257,1425,32,4,574.26
4258,1425,94,2,281.05
4259,1426,26,4,43.63
4260,1426,121,4,40.24
4261,1426,73,2,25.03
4262,1427,39,2,380.34
4263,1427,73,1,25.03
4264,1427,53,2,108.74
4265,1428,191,1,103.44
4266,1428,77,3,28.30
4267,1429,100,2,86.91
4268,1429,1,4,500.72
4269,1429,139,1,26.08
4270,1429,166,2,61.71
4271,1429,116,2,163.33
4272,1430,184,1,93.38
4273,1430,189,1,57.74
4274,1431,174,2,114.93
4275,1431,5,3,294.97
4276,1431,91,2,265.75
4277,1432,59,3,264.27
4278,1432,102,1,17.15
4279,1432,193,3,94.03
4280,1432,117,2,298.11
4281,1432,79,1,233.68
4282,1433,1,3,500.72
4283,1433,4,3,327.69
4284,1433,14,2,750.61
4285,1433,194,3,74.31
4286,1433,150,1,45.00
4287,1434,163,3,81.90
4288,1434,63,1,293.35
4289,1434,84,2,198.78
4290,1434,37,3,429.72
4291,1435,109,3,191.43
4292,1435,8,4,743.01
4293,1435,45,1,150.59
4294,1435,63,2,293.35
4295,1436,6,3,871.62
4296,1436,124,3,44.55
4297,1436,142,3,36.11
4298,1436,131,4,51.37
4299,1437,105,3,27.39
4300,1437,87,3,282.19
4301,1437,172,2,66.83
4302,1437,119,4,390.51
4303,1438,149,1,28.06
4304,1439,44,1,168.63
4305,1440,170,1,16.89
4306,1440,168,4,4.90
4307,1440,74,2,54.80
4308,1441,118,1,259.42
4309,1441,113,1,78.35
4310,1441,109,1,191.43
4311,1441,97,4,388.13
4312,1442,53,4,108.74
4313,1442,114,2,386.72
4314,1442,36,1,558.56
4315,1443,25,3,250.49
4316,1443,14,1,750.61
4317,1443,90,1,370.03
4318,1444,30,4,281.92
4319,1444,11,4,691.54
4320,1444,13,2,522.46
4321,1444,68,3,104.26
4322,1444,9,1,746.78
4323,1445,73,2,25.03
4324,1445,146,4,27.35
4325,1445,149,2,28.06
4326,1445,130,2,40.37
4327,1446,46,1,30.13
4328,1446,11,3,691.54
4329,1446,90,3,370.03
4330,1446,138,3,54.31
4331,1446,75,4,108.00
4332,1447,94,1,281.05
4333,1447,44,1,168.63
4334,1447,188,4,16.87
4335,1447,69,1,258.65
4336,1448,23,2,311.08
4337,1448,46,3,30.13
4338,1448,158,2,59.27
4339,1449,4,1,327.69
4340,1449,136,3,16.82
4341,1449,122,3,11.28
4342,1449,191,1,103.44
4343,1449,164,1,69.89
4344,1450,108,4,231.27
4345,1451,1,2,500.72
4346,1451,68,4,104.26
4347,1451,18,2,293.07
4348,1451,3,4,136.62
4349,1451,26,1,43.63
4350,1452,24,3,811.59
4351,1452,48,1,206.81
4352,1452,114,4,386.72
4353,1452,79,3,233.68
4354,1453,152,3,48.13
4355,1453,200,2,21.95
4356,1453,107,2,368.95
4357,1453,74,1,54.80
4358,1453,126,3,25.37
4359,1454,165,4,65.60
4360,1454,37,1,429.72
4361,1454,76,2,248.97
4362,1454,172,1,66.83
4363,1454,158,4,59.27
4364,1455,135,2,53.76
4365,1455,78,3,92.26
4366,1455,187,3,12.37
4367,1456,153,4,53.97
4368,1456,103,1,258.65
4369,1456,111,2,295.40
4370,1456,43,3,30.78
4371,1456,198,4,49.14
4372,1457,77,3,28.30
4373,1457,193,2,94.03
4374,1457,86,2,333.64
4375,1457,64,4,50.42
4376,1458,183,4,92.22
4377,1458,137,4,16.72
4378,1459,91,4,265.75
4379,1460,59,3,264.27
4380,1460,170,2,16.89
4381,1460,114,2,386.72
4382,1461,69,4,258.65
4383,1462,162,1,21.49
4384,1462,74,1,54.80
4385,1463,35,2,291.27
4386,1463,140,2,13.39
4387,1464,26,4,43.63
4388,1464,51,2,23.32
4389,1464,45,3,150.59
4390,1464,32,4,574.26
4391,1464,42,2,81.37
4392,1465,87,1,282.19
4393,1465,165,4,65.60
4394,1465,87,4,282.19
4395,1466,136,3,16.82
4396,1466,123,4,37.05
4397,1466,111,3,295.40
4398,1466,25,4,250.49
4399,1466,107,1,368.95
4400,1467,23,4,311.08
4401,1467,64,4,50.42
4402,1468,78,1,92.26
4403,1468,91,1,265.75
4404,1469,144,1,46.06
4405,1469,18,3,293.07
4406,1469,131,3,51.37
4407,1469,22,1,129.18
4408,1469,191,4,103.44
4409,1470,70,3,47.08
4410,1471,110,2,431.78
4411,1472,65,2,153.24
4412,1473,15,3,875.17
4413,1473,189,2,57.74
4414,1473,139,1,26.08
4415,1474,131,1,51.37
4416,1474,53,3,108.74
4417,1474,42,3,81.37
4418,1475,22,3,129.18
4419,1475,69,4,258.65
4420,1475,183,1,92.22
4421,1476,111,1,295.40
4422,1477,43,2,30.78
4423,1477,87,1,282.19
4424,1477,167,2,106.22
4425,1477,54,3,52.55
4426,1478,14,3,750.61
4427,1478,68,4,104.26
4428,1478,179,1,29.88
4429,1479,155,3,24.51
4430,1480,126,3,25.37
4431,1480,90,4,370.03
4432,1480,81,4,310.43
4433,1481,20,1,150.57
4434,1481,115,2,308.68
4435,1482,121,3,40.24
4436,1482,36,2,558.56
4437,1482,133,4,46.80
4438,1482,164,3,69.89
4439,1483,44,2,168.63
4440,1483,110,1,431.78
4441,1484,69,3,258.65
4442,1484,11,4,691.54
4443,1484,192,1,14.31
4444,1484,144,3,46.06
4445,1485,69,4,258.65
4446,1485,122,4,11.28
4447,1485,115,3,308.68
4448,1485,32,1,574.26
4449,1485,2,4,239.88
4450,1486,163,1,81.90
4451,1486,2,4,239.88
4452,1486,101,1,329.79
4453,1487,39,4,380.34
4454,1487,108,4,231.27
4455,1488,25,4,250.49
4456,1488,93,4,318.36
4457,1488,163,2,81.90
4458,1489,130,1,40.37
4459,1489,118,4,259.42
4460,1489,184,2,93.38
4461,1490,136,4,16.82
4462,1490,1,1,500.72
4463,1490,155,3,24.51
4464,1491,51,1,23.32
4465,1491,75,3,108.00
4466,1491,55,2,247.20
4467,1491,145,3,16.73
4468,1491,41,2,224.09
4469,1492,22,2,129.18
4470,1492,138,4,54.31
4471,1492,173,3,93.51
4472,1492,18,4,293.07
4473,1492,143,3,59.98
4474,1493,6,4,871.62
4475,1493,97,1,388.13
4476,1493,57,2,51.30
4477,1493,54,3,52.55
4478,1494,152,2,48.13
4479,1494,187,2,12.37
4480,1494,47,3,66.78
4481,1494,86,4,333.64
4482,1494,188,3,16.87
4483,1495,63,3,293.35
4484,1495,140,4,13.39
4485,1495,137,4,16.72
4486,1495,179,2,29.88
4487,1495,179,2,29.88
4488,1496,53,3,108.74
4489,1496,173,2,93.51
4490,1496,3,1,136.62
4491,1496,51,3,23.32
4492,1496,195,3,97.24
4493,1497,115,2,308.68
4494,1497,66,4,60.34
4495,1497,128,1,46.60
4496,1498,169,2,96.92
4497,1499,56,3,174.98
4498,1499,35,4,291.27
4499,1499,145,3,16.73
4500,1500,69,2,258.65
4501,1501,98,4,324.18
4502,1501,48,1,206.81
4503,1501,166,4,61.71
4504,1502,126,2,25.37
4505,1502,117,4,298.11
4506,1503,159,2,26.55
4507,1504,165,4,65.60
4508,1504,64,3,50.42
4509,1504,79,4,233.68
4510,1504,42,1,81.37
4511,1504,76,4,248.97
4512,1505,193,3,94.03
4513,1505,84,3,198.78
4514,1506,77,3,28.30
4515,1507,25,2,250.49
4516,1507,84,1,198.78
4517,1507,4,2,327.69
4518,1507,9,2,746.78
4519,1508,140,1,13.39
4520,1508,129,3,31.16
4521,1508,116,1,163.33
4522,1509,71,4,271.85
4523,1509,6,4,871.62
4524,1509,37,3,429.72
4525,1510,113,1,78.35
4526,1510,126,4,25.37
4527,1511,124,2,44.55
4528,1511,185,1,4.70
4529,1511,11,3,691.54
4530,1511,124,1,44.55
4531,1512,144,1,46.06
4532,1512,127,4,45.09
4533,1513,112,3,307.14
4534,1514,124,2,44.55
4535,1514,70,1,47.08
4536,1514,193,1,94.03
4537,1515,15,4,875.17
4538,1515,45,1,150.59
4539,1515,176,3,24.47
4540,1515,78,3,92.26
4541,1516,175,2,53.39
4542,1516,143,3,59.98
4543,1516,173,3,93.51
4544,1516,35,1,291.27
4545,1517,57,3,51.30
4546,1517,150,2,45.00
4547,1517,158,2,59.27
4548,1517,138,4,54.31
4549,1517,136,3,16.82
4550,1518,6,4,871.62
4551,1518,189,2,57.74
4552,1518,31,2,609.25
4553,1518,107,2,368.95
4554,1518,133,2,46.80
4555,1519,133,4,46.80
4556,1519,90,3,370.03
4557,1519,63,1,293.35
4558,1520,117,3,298.11
4559,1520,94,3,281.05
4560,1520,89,1,183.76
4561,1520,182,4,100.88
4562,1520,59,1,264.27
4563,1521,188,4,16.87
4564,1522,116,4,163.33
4565,1522,79,3,233.68
4566,1522,179,4,29.88
4567,1522,1,3,500.72
4568,1523,43,1,30.78
4569,1523,68,3,104.26
4570,1524,140,3,13.39
4571,1524,54,2,52.55
4572,1524,183,3,92.22
4573,1524,122,3,11.28
4574,1525,42,1,81.37
4575,1525,104,1,42.38
4576,1525,52,3,47.09
4577,1526,124,2,44.55
4578,1526,87,3,282.19
4579,1526,192,1,14.31
4580,1526,144,4,46.06
4581,1526,100,4,86.91
4582,1527,5,2,294.97
4583,1527,186,3,118.92
4584,1527,177,4,103.55
4585,1527,131,2,51.37
4586,1527,133,2,46.80
4587,1528,47,1,66.78
4588,1528,148,4,42.76
4589,1528,160,2,45.74
4590,1528,94,1,281.05
4591,1529,82,2,164.45
4592,1529,36,3,558.56
4593,1529,23,3,311.08
4594,1529,164,2,69.89
4595,1529,164,1,69.89
4596,1530,186,1,118.92
4597,1530,154,2,6.98
4598,1530,92,2,391.62
4599,1530,81,2,310.43
4600,1531,85,3,126.48
4601,1531,175,4,53.39
4602,1532,100,3,86.91
4603,1533,172,3,66.83
4604,1533,28,1,549.50
4605,1533,115,2,308.68
4606,1534,58,1,199.52
4607,1535,107,2,368.95
4608,1535,28,2,549.50
4609,1536,15,1,875.17
4610,1536,68,3,104.26
4611,1536,2,1,239.88
4612,1537,56,3,174.98
4613,1537,59,1,264.27
4614,1538,187,1,12.37
4615,1538,29,2,665.28
4616,1539,27,3,225.51
4617,1539,83,4,88.66
4618,1539,78,4,92.26
4619,1539,46,1,30.13
4620,1539,197,2,63.01
4621,1540,28,1,549.50
4622,1540,179,4,29.88
4623,1540,200,4,21.95
4624,1541,81,3,310.43
4625,1542,197,2,63.01
4626,1542,13,4,522.46
4627,1542,35,3,291.27
4628,1542,95,3,418.23
4629,1543,95,4,418.23
4630,1543,4,4,327.69
4631,1543,133,1,46.80
4632,1544,134,2,19.36
4633,1545,45,2,150.59
4634,1545,108,3,231.27
4635,1545,76,1,248.97
4636,1545,36,4,558.56
4637,1545,68,3,104.26
4638,1546,14,1,750.61
4639,1546,28,4,549.50
4640,1547,26,3,43.63
4641,1547,87,1,282.19
4642,1547,150,4,45.00
4643,1547,160,2,45.74
4644,1548,72,2,207.50
4645,1548,184,4,93.38
4646,1548,21,4,540.25
4647,1549,79,4,233.68
4648,1549,19,3,816.54
4649,1550,161,2,9.08
4650,1550,175,4,53.39
4651,1550,24,2,811.59
4652,1550,9,2,746.78
4653,1551,78,2,92.26
4654,1551,37,1,429.72
4655,1551,32,3,574.26
4656,1551,54,4,52.55
4657,1551,191,4,103.44
4658,1552,60,2,179.81
4659,1552,86,4,333.64
4660,1552,105,3,27.39
4661,1553,196,3,66.42
4662,1553,170,2,16.89
4663,1553,78,1,92.26
4664,1553,191,3,103.44
4665,1553,39,1,380.34
4666,1554,186,4,118.92
4667,1554,72,1,207.50
4668,1554,93,1,318.36
4669,1554,186,4,118.92
4670,1555,105,4,27.39
4671,1555,160,4,45.74
4672,1555,181,4,13.99
4673,1555,44,2,168.63
4674,1556,67,4,39.92
4675,1556,84,1,198.78
4676,1557,2,2,239.88
4677,1557,21,1,540.25
4678,1557,96,4,48.32
4679,1557,84,1,198.78
4680,1558,19,3,816.54
4681,1558,3,1,136.62
4682,1558,163,1,81.90
4683,1558,35,1,291.27
4684,1558,49,1,182.19
4685,1559,164,4,69.89
4686,1560,99,1,151.45
4687,1560,80,2,253.61
4688,1561,26,1,43.63
4689,1561,121,3,40.24
4690,1561,27,1,225.51
4691,1561,194,3,74.31
4692,1562,2,1,239.88
4693,1562,109,4,191.43
4694,1563,29,2,665.28
4695,1563,70,4,47.08
4696,1564,77,4,28.30
4697,1564,59,3,264.27
4698,1564,43,3,30.78
4699,1564,101,4,329.79
4700,1565,28,2,549.50
4701,1566,8,2,743.01
4702,1566,35,1,291.27
4703,1566,144,3,46.06
4704,1566,196,2,66.42
4705,1566,1,2,500.72
4706,1567,97,1,388.13
4707,1568,85,2,126.48
4708,1569,118,1,259.42
4709,1569,167,2,106.22
4710,1569,73,4,25.03
4711,1570,19,1,816.54
4712,1570,162,3,21.49
4713,1570,68,2,104.26
4714,1570,123,3,37.05
4715,1571,101,3,329.79
4716,1571,71,3,271.85
4717,1571,97,1,388.13
4718,1571,44,2,168.63
4719,1572,64,1,50.42
4720,1572,166,1,61.71
4721,1573,106,1,377.39
4722,1574,188,3,16.87
4723,1575,169,2,96.92
4724,1575,153,2,53.97
4725,1575,187,1,12.37
4726,1575,141,3,44.68
4727,1575,75,2,108.00
4728,1576,44,4,168.63
4729,1576,158,2,59.27
4730,1576,3,4,136.62
4731,1577,196,2,66.42
4732,1577,134,2,19.36
4733,1578,60,1,179.81
4734,1578,48,3,206.81
4735,1578,53,4,108.74
4736,1579,143,3,59.98
4737,1579,30,2,281.92
4738,1579,167,4,106.22
4739,1579,65,1,153.24
4740,1579,133,1,46.80
4741,1580,28,3,549.50
4742,1580,114,4,386.72
4743,1581,21,3,540.25
4744,1582,107,4,368.95
4745,1583,198,2,49.14
4746,1583,81,3,310.43
4747,1583,35,2,291.27
4748,1584,130,1,40.37
4749,1585,29,1,665.28
4750,1585,173,2,93.51
4751,1586,108,2,231.27
4752,1587,19,1,816.54
4753,1587,160,4,45.74
4754,1587,4,4,327.69
4755,1587,108,1,231.27
4756,1588,99,4,151.45
4757,1589,170,2,16.89
4758,1589,128,3,46.60
4759,1589,135,4,53.76
4760,1589,51,3,23.32
4761,1589,24,1,811.59
4762,1590,77,2,28.30
4763,1590,113,1,78.35
4764,1590,51,2,23.32
4765,1590,159,4,26.55
4766,1591,54,1,52.55
4767,1591,113,1,78.35
4768,1592,100,1,86.91
4769,1592,135,3,53.76
4770,1592,62,2,205.44
4771,1593,58,1,199.52
4772,1593,132,3,33.38
4773,1593,52,3,47.09
4774,1593,141,1,44.68
4775,1593,9,4,746.78
4776,1594,150,1,45.00
4777,1594,25,1,250.49
4778,1594,12,4,788.04
4779,1594,163,4,81.90
4780,1594,114,1,386.72
4781,1595,72,1,207.50
4782,1595,197,4,63.01
4783,1596,45,2,150.59
4784,1596,137,2,16.72
4785,1596,119,3,390.51
4786,1596,102,2,17.15
4787,1596,125,4,32.57
4788,1597,66,4,60.34
4789,1597,54,3,52.55
4790,1597,184,3,93.38
4791,1597,155,4,24.51
4792,1597,118,1,259.42
4793,1598,83,4,88.66
4794,1598,124,2,44.55
4795,1598,121,4,40.24
4796,1598,168,4,4.90
4797,1599,170,2,16.89
4798,1599,73,3,25.03
4799,1599,105,4,27.39
4800,1600,62,4,205.44
4801,1600,16,1,537.37
4802,1600,183,1,92.22
4803,1600,1,4,500.72
4804,1600,142,3,36.11
4805,1601,192,1,14.31
4806,1601,106,4,377.39
4807,1602,101,1,329.79
4808,1602,107,2,368.95
4809,1602,136,4,16.82
4810,1602,165,3,65.60
4811,1603,152,3,48.13
4812,1603,2,1,239.88
4813,1603,106,2,377.39
4814,1604,60,2,179.81
4815,1604,118,3,259.42
4816,1605,41,4,224.09
4817,1605,175,2,53.39
4818,1606,149,1,28.06
4819,1606,191,2,103.44
4820,1606,136,2,16.82
4821,1606,148,4,42.76
4822,1607,129,3,31.16
4823,1607,9,3,746.78
4824,1607,158,3,59.27
4825,1608,63,4,293.35
4826,1608,66,4,60.34
4827,1608,164,4,69.89
4828,1608,144,4,46.06
4829,1608,191,3,103.44
4830,1609,94,1,281.05
4831,1609,175,4,53.39
4832,1609,160,2,45.74
4833,1610,109,1,191.43
4834,1610,2,1,239.88
4835,1610,190,2,109.95
4836,1611,28,3,549.50
4837,1611,196,1,66.42
4838,1611,59,4,264.27
4839,1612,49,3,182.19
4840,1613,27,2,225.51
4841,1613,4,4,327.69
4842,1614,195,4,97.24
4843,1614,155,3,24.51
4844,1614,149,1,28.06
4845,1615,151,2,53.45
4846,1615,69,3,258.65
4847,1615,6,2,871.62
4848,1616,128,2,46.60
4849,1617,56,2,174.98
4850,1617,72,2,207.50
4851,1618,97,4,388.13
4852,1618,46,3,30.13
4853,1619,70,2,47.08
4854,1619,146,3,27.35
4855,1620,180,3,109.81
4856,1620,169,1,96.92
4857,1620,2,3,239.88
4858,1620,192,1,14.31
4859,1620,169,2,96.92
4860,1621,184,2,93.38
4861,1621,114,4,386.72
4862,1622,104,2,42.38
4863,1622,78,1,92.26
4864,1622,172,4,66.83
4865,1622,198,1,49.14
4866,1623,22,4,129.18
4867,1623,135,4,53.76
4868,1624,153,4,53.97
4869,1624,157,3,19.33
4870,1625,195,3,97.24
4871,1625,74,2,54.80
4872,1626,104,2,42.38
4873,1626,16,2,537.37
4874,1626,152,4,48.13
4875,1626,9,3,746.78
4876,1626,105,2,27.39
4877,1627,13,1,522.46
4878,1627,128,4,46.60
4879,1627,116,4,163.33
4880,1628,43,1,30.78
4881,1628,60,2,179.81
4882,1628,192,4,14.31
4883,1628,159,1,26.55
4884,1629,34,2,426.41
4885,1629,106,2,377.39
4886,1630,34,3,426.41
4887,1630,13,2,522.46
4888,1630,184,4,93.38
4889,1630,159,1,26.55
4890,1630,100,3,86.91
4891,1631,62,4,205.44
4892,1632,127,1,45.09
4893,1632,74,4,54.80
4894,1632,90,4,370.03
4895,1633,127,4,45.09
4896,1633,41,2,224.09
4897,1633,62,1,205.44
4898,1633,41,4,224.09
4899,1634,106,4,377.39
4900,1634,71,4,271.85
4901,1634,107,1,368.95
4902,1635,42,2,81.37
4903,1635,95,3,418.23
4904,1636,81,3,310.43
4905,1636,98,1,324.18
4906,1637,35,4,291.27
4907,1637,178,2,39.29
4908,1637,47,1,66.78
4909,1637,28,2,549.50
4910,1638,28,3,549.50
4911,1638,91,1,265.75
4912,1638,68,4,104.26
4913,1639,116,4,163.33
4914,1639,67,1,39.92
4915,1640,34,4,426.41
4916,1640,91,1,265.75
4917,1640,68,2,104.26
4918,1640,170,3,16.89
4919,1640,161,1,9.08
4920,1641,58,2,199.52
4921,1641,13,4,522.46
4922,1641,187,3,12.37
4923,1642,148,4,42.76
4924,1642,189,3,57.74
4925,1642,112,4,307.14
4926,1642,123,4,37.05
4927,1643,113,2,78.35
4928,1644,13,1,522.46
4929,1644,48,4,206.81
4930,1645,28,3,549.50
4931,1645,63,2,293.35
4932,1646,19,3,816.54
4933,1646,84,2,198.78
4934,1646,38,1,117.99
4935,1647,125,2,32.57
4936,1647,9,1,746.78
4937,1648,98,2,324.18
4938,1649,87,1,282.19
4939,1649,188,4,16.87
4940,1650,114,2,386.72
4941,1650,169,3,96.92
4942,1651,159,3,26.55
4943,1651,124,4,44.55
4944,1651,174,4,114.93
4945,1651,86,1,333.64
4946,1651,186,3,118.92
4947,1652,20,2,150.57
4948,1652,27,4,225.51
4949,1652,91,3,265.75
4950,1652,90,1,370.03
4951,1652,97,4,388.13
4952,1653,73,3,25.03
4953,1653,71,1,271.85
4954,1654,30,3,281.92
4955,1654,112,1,307.14
4956,1654,104,1,42.38
4957,1654,56,2,174.98
4958,1654,107,1,368.95
4959,1655,3,1,136.62
4960,1655,164,1,69.89
4961,1656,29,1,665.28
4962,1656,156,2,47.44
4963,1657,138,2,54.31
4964,1657,128,2,46.60
4965,1657,130,1,40.37
4966,1658,96,3,48.32
4967,1658,1,1,500.72
4968,1658,69,1,258.65
4969,1658,161,2,9.08
4970,1659,121,1,40.24
4971,1660,116,1,163.33
4972,1661,125,4,32.57
4973,1661,140,4,13.39
4974,1662,21,4,540.25
4975,1662,72,3,207.50
4976,1662,128,1,46.60
4977,1662,129,3,31.16
4978,1662,129,1,31.16
4979,1663,31,4,609.25
4980,1663,174,4,114.93
4981,1663,28,2,549.50
4982,1663,192,4,14.31
4983,1664,172,3,66.83
4984,1665,24,4,811.59
4985,1666,82,4,164.45
4986,1666,155,4,24.51
4987,1666,182,2,100.88
4988,1666,188,3,16.87
4989,1666,165,1,65.60
4990,1667,181,4,13.99
4991,1667,24,3,811.59
4992,1667,155,3,24.51
4993,1668,38,2,117.99
4994,1668,160,2,45.74
4995,1668,26,3,43.63
4996,1668,102,3,17.15
4997,1668,76,1,248.97
4998,1669,168,4,4.90
4999,1669,155,2,24.51
5000,1669,91,1,265.75
5001,1669,35,2,291.27
5002,1670,192,2,14.31
5003,1670,151,3,53.45
5004,1670,31,3,609.25
5005,1670,45,2,150.59
5006,1670,161,2,9.08
5007,1671,97,3,388.13
5008,1671,55,2,247.20
5009,1671,139,4,26.08
5010,1671,35,4,291.27
5011,1671,46,4,30.13
5012,1672,82,1,164.45
5013,1672,54,2,52.55
5014,1672,40,2,633.55
5015,1672,152,1,48.13
5016,1673,29,4,665.28
5017,1674,73,1,25.03
5018,1674,165,2,65.60
5019,1675,193,3,94.03
5020,1676,17,3,446.15
5021,1676,71,4,271.85
5022,1676,175,3,53.39
5023,1676,161,4,9.08
5024,1677,67,1,39.92
5025,1678,138,4,54.31
5026,1678,86,3,333.64
5027,1678,135,2,53.76
5028,1678,195,4,97.24
5029,1679,165,4,65.60
5030,1679,128,1,46.60
5031,1679,95,1,418.23
5032,1679,159,3,26.55
5033,1679,178,1,39.29
5034,1680,145,1,16.73
5035,1680,58,1,199.52
5036,1680,134,4,19.36
5037,1680,80,2,253.61
5038,1681,187,2,12.37
5039,1681,115,3,308.68
5040,1681,20,3,150.57
5041,1681,173,3,93.51
5042,1682,11,3,691.54
5043,1682,3,4,136.62
5044,1682,187,1,12.37
5045,1683,135,3,53.76
5046,1683,98,3,324.18
5047,1683,169,1,96.92
5048,1683,195,3,97.24
5049,1684,1,4,500.72
5050,1684,125,3,32.57
5051,1684,84,2,198.78
5052,1684,188,4,16.87
5053,1685,29,3,665.28
5054,1685,100,1,86.91
5055,1685,118,3,259.42
5056,1685,6,2,871.62
5057,1686,190,3,109.95
5058,1686,200,2,21.95
5059,1686,125,4,32.57
5060,1686,123,3,37.05
5061,1687,156,4,47.44
5062,1687,132,1,33.38
5063,1687,76,2,248.97
5064,1687,9,2,746.78
5065,1687,111,2,295.40
5066,1688,137,4,16.72
5067,1688,145,2,16.73
5068,1688,175,2,53.39
5069,1688,37,3,429.72
5070,1689,111,4,295.40
5071,1689,131,1,51.37
5072,1689,40,3,633.55
5073,1689,97,2,388.13
5074,1690,179,1,29.88
5075,1690,81,4,310.43
5076,1690,176,4,24.47
5077,1690,113,2,78.35
5078,1690,51,4,23.32
5079,1691,65,2,153.24
5080,1691,121,4,40.24
5081,1692,139,2,26.08
5082,1692,106,2,377.39
5083,1692,137,3,16.72
5084,1693,27,1,225.51
5085,1694,94,2,281.05
5086,1694,125,4,32.57
5087,1694,36,3,558.56
5088,1694,114,3,386.72
5089,1694,196,2,66.42
5090,1695,24,4,811.59
5091,1695,200,2,21.95
5092,1695,179,1,29.88
5093,1695,34,2,426.41
5094,1695,188,2,16.87
5095,1696,139,3,26.08
5096,1697,69,4,258.65
5097,1698,166,2,61.71
5098,1698,65,1,153.24
5099,1698,46,3,30.13
5100,1699,177,2,103.55
5101,1700,91,4,265.75
5102,1700,128,1,46.60
5103,1701,80,2,253.61
5104,1702,127,4,45.09
5105,1702,139,2,26.08
5106,1702,116,2,163.33
5107,1702,126,4,25.37
5108,1702,151,3,53.45
5109,1703,65,1,153.24
5110,1703,75,2,108.00
5111,1704,24,3,811.59
5112,1704,8,4,743.01
5113,1704,182,2,100.88
5114,1705,10,1,273.35
5115,1705,32,4,574.26
5116,1705,103,2,258.65
5117,1705,23,2,311.08
5118,1706,72,3,207.50
5119,1706,31,4,609.25
5120,1707,56,4,174.98
5121,1707,19,1,816.54
5122,1707,127,2,45.09
5123,1707,82,4,164.45
5124,1707,27,2,225.51
5125,1708,98,4,324.18
5126,1709,182,1,100.88
5127,1710,17,3,446.15
5128,1710,72,2,207.50
5129,1711,6,1,871.62
5130,1711,162,2,21.49
5131,1711,97,4,388.13
5132,1712,57,3,51.30
5133,1712,83,4,88.66
5134,1713,74,2,54.80
5135,1713,136,3,16.82
5136,1714,20,1,150.57
5137,1714,26,3,43.63
5138,1714,70,1,47.08
5139,1715,40,3,633.55
5140,1715,118,2,259.42
5141,1715,178,2,39.29
5142,1716,47,4,66.78
5143,1717,86,2,333.64
5144,1717,142,1,36.11
5145,1717,119,3,390.51
5146,1718,136,4,16.82
5147,1718,45,1,150.59
5148,1719,118,2,259.42
5149,1720,56,2,174.98
5150,1720,101,4,329.79
5151,1720,2,1,239.88
5152,1720,110,4,431.78
5153,1721,37,3,429.72
5154,1721,45,1,150.59
5155,1721,142,3,36.11
5156,1721,158,2,59.27
5157,1721,4,4,327.69
5158,1722,64,4,50.42
5159,1723,80,1,253.61
5160,1723,47,1,66.78
5161,1723,70,3,47.08
5162,1723,60,1,179.81
5163,1723,194,3,74.31
5164,1724,130,2,40.37
5165,1725,57,3,51.30
5166,1725,81,3,310.43
5167,1725,119,1,390.51
5168,1726,185,3,4.70
5169,1726,107,2,368.95
5170,1726,26,3,43.63
5171,1726,164,4,69.89
5172,1727,197,2,63.01
5173,1727,41,3,224.09
5174,1727,121,3,40.24
5175,1727,152,2,48.13
5176,1728,42,2,81.37
5177,1728,144,1,46.06
5178,1729,135,2,53.76
5179,1729,130,1,40.37
5180,1730,111,2,295.40
5181,1730,112,1,307.14
5182,1730,51,2,23.32
5183,1730,159,2,26.55
5184,1731,50,2,237.25
5185,1731,159,3,26.55
5186,1732,108,3,231.27
5187,1732,135,4,53.76
5188,1733,148,3,42.76
5189,1733,134,1,19.36
5190,1733,114,1,386.72
5191,1733,174,4,114.93
5192,1734,44,1,168.63
5193,1734,108,1,231.27
5194,1734,143,4,59.98
5195,1734,123,3,37.05
5196,1734,160,4,45.74
5197,1735,20,3,150.57
5198,1735,174,4,114.93
5199,1735,131,4,51.37
5200,1735,117,4,298.11
5201,1735,37,2,429.72
5202,1736,6,1,871.62
5203,1736,107,1,368.95
5204,1737,55,3,247.20
5205,1737,75,2,108.00
5206,1737,190,3,109.95
5207,1737,78,4,92.26
5208,1738,174,4,114.93
5209,1739,23,3,311.08
5210,1739,43,2,30.78
5211,1739,78,3,92.26
5212,1739,157,2,19.33
5213,1739,135,3,53.76
5214,1740,85,3,126.48
5215,1740,53,4,108.74
5216,1740,175,2,53.39
5217,1740,178,3,39.29
5218,1741,174,2,114.93
5219,1741,49,4,182.19
5220,1741,70,3,47.08
5221,1741,6,2,871.62
5222,1742,39,1,380.34
5223,1742,169,3,96.92
5224,1743,20,2,150.57
5225,1744,84,1,198.78
5226,1744,12,4,788.04
5227,1744,55,4,247.20
5228,1744,104,3,42.38
5229,1745,32,1,574.26
5230,1745,192,4,14.31
5231,1745,46,1,30.13
5232,1746,96,3,48.32
5233,1747,165,3,65.60
5234,1747,168,3,4.90
5235,1748,188,3,16.87
5236,1748,95,1,418.23
5237,1748,31,3,609.25
5238,1748,133,3,46.80
5239,1749,100,2,86.91
5240,1749,76,3,248.97
5241,1750,89,1,183.76
5242,1750,129,2,31.16
5243,1751,136,3,16.82
5244,1752,119,1,390.51
5245,1752,156,3,47.44
5246,1752,10,1,273.35
5247,1752,119,1,390.51
5248,1753,22,4,129.18
5249,1753,80,2,253.61
5250,1753,13,2,522.46
5251,1753,51,1,23.32
5252,1753,65,2,153.24
5253,1754,135,2,53.76
5254,1754,62,2,205.44
5255,1754,93,2,318.36
5256,1755,67,4,39.92
5257,1756,86,2,333.64
5258,1756,53,3,108.74
5259,1756,170,2,16.89
5260,1757,65,1,153.24
5261,1757,5,3,294.97
5262,1758,69,2,258.65
5263,1758,18,3,293.07
5264,1758,101,2,329.79
5265,1758,158,2,59.27
5266,1758,34,4,426.41
5267,1759,70,1,47.08
5268,1759,191,2,103.44
5269,1759,36,1,558.56
5270,1759,192,3,14.31
5271,1759,170,2,16.89
5272,1760,114,1,386.72
5273,1760,181,3,13.99
5274,1760,17,2,446.15
5275,1761,188,3,16.87
5276,1761,91,3,265.75
5277,1761,98,2,324.18
5278,1761,140,2,13.39
5279,1762,116,2,163.33
5280,1763,57,3,51.30
5281,1763,161,4,9.08
5282,1763,8,2,743.01
5283,1763,60,2,179.81
5284,1764,56,1,174.98
5285,1764,4,3,327.69
5286,1765,67,1,39.92
5287,1765,176,3,24.47
5288,1765,177,1,103.55
5289,1766,15,4,875.17
5290,1766,174,2,114.93
5291,1766,158,3,59.27
5292,1767,69,4,258.65
5293,1767,192,2,14.31
5294,1767,167,3,106.22
5295,1768,193,4,94.03
5296,1768,182,2,100.88
5297,1768,46,2,30.13
5298,1768,53,2,108.74
5299,1768,110,2,431.78
5300,1769,192,1,14.31
5301,1770,39,4,380.34
5302,1770,158,1,59.27
5303,1770,157,3,19.33
5304,1770,159,1,26.55
5305,1771,62,2,205.44
5306,1771,12,3,788.04
5307,1771,24,2,811.59
5308,1772,81,2,310.43
5309,1772,27,2,225.51
5310,1772,62,2,205.44
5311,1773,59,1,264.27
5312,1773,169,3,96.92
5313,1774,103,1,258.65
5314,1774,182,3,100.88
5315,1774,143,3,59.98
5316,1774,93,2,318.36
5317,1774,73,3,25.03
5318,1775,141,4,44.68
5319,1775,40,3,633.55
5320,1775,139,1,26.08
5321,1775,31,3,609.25
5322,1776,103,2,258.65
5323,1776,133,3,46.80
5324,1776,169,1,96.92
5325,1776,104,2,42.38
5326,1776,5,1,294.97
5327,1777,141,4,44.68
5328,1777,86,4,333.64
5329,1777,188,3,16.87
5330,1777,156,2,47.44
5331,1777,43,4,30.78
5332,1778,45,3,150.59
5333,1778,103,4,258.65
5334,1778,180,1,109.81
5335,1778,197,4,63.01
5336,1779,125,1,32.57
5337,1779,160,1,45.74
5338,1780,96,2,48.32
5339,1780,2,4,239.88
5340,1780,161,2,9.08
5341,1780,49,3,182.19
5342,1781,9,1,746.78
5343,1781,87,1,282.19
5344,1781,116,1,163.33
5345,1781,52,4,47.09
5346,1781,198,2,49.14
5347,1782,117,3,298.11
5348,1782,137,1,16.72
5349,1782,25,1,250.49
5350,1782,140,1,13.39
5351,1782,92,3,391.62
5352,1783,13,1,522.46
5353,1784,25,4,250.49
5354,1784,165,1,65.60
5355,1784,37,4,429.72
5356,1784,142,4,36.11
5357,1784,137,2,16.72
5358,1785,142,3,36.11
5359,1785,197,4,63.01
5360,1786,60,1,179.81
5361,1786,125,4,32.57
5362,1786,177,2,103.55
5363,1786,178,3,39.29
5364,1787,148,4,42.76
5365,1788,92,2,391.62
5366,1788,158,4,59.27
5367,1789,48,2,206.81
5368,1789,84,2,198.78
5369,1790,133,1,46.80
5370,1791,55,2,247.20
5371,1792,97,3,388.13
5372,1792,176,3,24.47
5373,1792,117,4,298.11
5374,1792,179,3,29.88
5375,1792,180,1,109.81
5376,1793,189,2,57.74
5377,1794,100,3,86.91
5378,1795,60,1,179.81
5379,1795,178,4,39.29
5380,1795,160,4,45.74
5381,1795,163,4,81.90
5382,1796,144,2,46.06
5383,1796,93,1,318.36
5384,1797,191,2,103.44
5385,1797,111,1,295.40
5386,1797,21,2,540.25
5387,1797,128,1,46.60
5388,1798,84,1,198.78
5389,1799,90,4,370.03
5390,1800,19,2,816.54
5391,1800,71,4,271.85
5392,1800,106,4,377.39
5393,1801,116,1,163.33
5394,1801,12,4,788.04
5395,1801,176,2,24.47
5396,1801,17,2,446.15
5397,1802,92,4,391.62
5398,1802,70,1,47.08
5399,1802,185,3,4.70
5400,1802,39,2,380.34
5401,1803,131,2,51.37
5402,1803,153,3,53.97
5403,1803,112,2,307.14
5404,1803,167,3,106.22
5405,1804,48,3,206.81
5406,1804,168,1,4.90
5407,1805,191,4,103.44
5408,1806,71,3,271.85
5409,1806,113,4,78.35
5410,1806,76,3,248.97
5411,1806,190,2,109.95
5412,1807,42,2,81.37
5413,1807,109,1,191.43
5414,1807,175,3,53.39
5415,1807,69,3,258.65
5416,1808,95,2,418.23
5417,1809,2,2,239.88
5418,1810,10,4,273.35
5419,1810,79,3,233.68
5420,1810,160,2,45.74
5421,1811,22,3,129.18
5422,1811,40,4,633.55
5423,1811,57,2,51.30
5424,1812,163,1,81.90
5425,1812,30,4,281.92
5426,1812,89,4,183.76
5427,1812,1,1,500.72
5428,1813,176,1,24.47
5429,1813,200,1,21.95
5430,1813,189,3,57.74
5431,1813,198,1,49.14
5432,1813,1,3,500.72
5433,1814,58,2,199.52
5434,1815,110,2,431.78
5435,1815,184,3,93.38
5436,1815,198,2,49.14
5437,1815,43,2,30.78
5438,1816,119,1,390.51
5439,1816,97,1,388.13
5440,1816,24,3,811.59
5441,1816,65,4,153.24
5442,1817,129,1,31.16
5443,1818,83,3,88.66
5444,1818,128,4,46.60
5445,1818,2,3,239.88
5446,1818,165,3,65.60
5447,1818,23,2,311.08
5448,1819,102,3,17.15
5449,1819,43,4,30.78
5450,1819,191,2,103.44
5451,1819,64,4,50.42
5452,1819,115,2,308.68
5453,1820,121,2,40.24
5454,1820,46,1,30.13
5455,1821,93,4,318.36
5456,1821,27,4,225.51
5457,1821,97,4,388.13
5458,1821,70,3,47.08
5459,1822,133,2,46.80
5460,1822,193,2,94.03
5461,1822,163,2,81.90
5462,1822,68,3,104.26
5463,1822,128,2,46.60
5464,1823,24,1,811.59
5465,1823,84,2,198.78
5466,1823,179,4,29.88
5467,1823,188,4,16.87
5468,1824,34,1,426.41
5469,1824,178,2,39.29
5470,1824,145,3,16.73
5471,1824,111,3,295.40
5472,1824,183,4,92.22
5473,1825,76,2,248.97
5474,1826,56,4,174.98
5475,1826,175,4,53.39
5476,1826,80,3,253.61
5477,1826,180,3,109.81
5478,1827,109,4,191.43
5479,1827,142,1,36.11
5480,1827,192,2,14.31
5481,1827,35,3,291.27
5482,1827,115,2,308.68
5483,1828,129,2,31.16
5484,1828,43,4,30.78
5485,1829,176,4,24.47
5486,1829,189,1,57.74
5487,1829,102,3,17.15
5488,1829,180,3,109.81
5489,1829,96,3,48.32
5490,1830,98,4,324.18
5491,1830,26,1,43.63
5492,1830,195,3,97.24
5493,1830,153,1,53.97
5494,1830,101,2,329.79
5495,1831,177,4,103.55
5496,1831,39,1,380.34
5497,1832,102,1,17.15
5498,1832,102,3,17.15
5499,1832,94,2,281.05
5500,1833,179,4,29.88
5501,1833,22,4,129.18
5502,1833,127,2,45.09
5503,1833,37,3,429.72
5504,1833,44,1,168.63
5505,1834,129,4,31.16
5506,1834,165,2,65.60
5507,1834,23,3,311.08
5508,1835,100,2,86.91
5509,1835,138,1,54.31
5510,1835,29,3,665.28
5511,1836,95,1,418.23
5512,1836,1,4,500.72
5513,1836,73,4,25.03
5514,1836,26,2,43.63
5515,1836,189,3,57.74
5516,1837,99,2,151.45
5517,1837,137,4,16.72
5518,1837,15,3,875.17
5519,1837,69,4,258.65
5520,1838,71,4,271.85
5521,1838,174,4,114.93
5522,1838,110,1,431.78
5523,1839,3,2,136.62
5524,1839,16,2,537.37
5525,1839,137,3,16.72
5526,1840,95,2,418.23
5527,1840,80,1,253.61
5528,1840,115,4,308.68
5529,1841,143,1,59.98
5530,1841,102,4,17.15
5531,1842,66,3,60.34
5532,1842,157,1,19.33
5533,1842,164,1,69.89
5534,1842,50,1,237.25
5535,1843,56,1,174.98
5536,1844,183,1,92.22
5537,1844,142,2,36.11
5538,1844,164,4,69.89
5539,1844,19,3,816.54
5540,1845,114,4,386.72
5541,1845,182,3,100.88
5542,1845,103,4,258.65
5543,1845,123,4,37.05
5544,1845,100,4,86.91
5545,1846,18,2,293.07
5546,1846,50,3,237.25
5547,1846,160,3,45.74
5548,1846,149,1,28.06
5549,1847,1,4,500.72
5550,1848,198,2,49.14
5551,1849,156,4,47.44
5552,1849,44,4,168.63
5553,1850,102,4,17.15
5554,1850,65,3,153.24
5555,1850,159,4,26.55
5556,1850,180,4,109.81
5557,1851,28,4,549.50
5558,1852,78,2,92.26
5559,1852,72,1,207.50
5560,1852,182,3,100.88
5561,1852,17,2,446.15
5562,1852,161,2,9.08
5563,1853,170,1,16.89
5564,1853,82,4,164.45
5565,1853,164,1,69.89
5566,1853,17,4,446.15
5567,1853,17,1,446.15
5568,1854,29,4,665.28
5569,1854,6,3,871.62
5570,1854,19,1,816.54
5571,1855,48,1,206.81
5572,1855,148,4,42.76
5573,1855,138,3,54.31
5574,1856,144,4,46.06
5575,1856,139,3,26.08
5576,1856,14,1,750.61
5577,1857,51,4,23.32
5578,1858,44,4,168.63
5579,1858,111,4,295.40
5580,1858,188,4,16.87
5581,1858,17,4,446.15
5582,1859,176,2,24.47
5583,1859,50,3,237.25
5584,1860,6,4,871.62
5585,1861,131,3,51.37
5586,1861,80,4,253.61
5587,1862,198,4,49.14
5588,1862,85,1,126.48
5589,1862,17,3,446.15
5590,1863,162,2,21.49
5591,1864,145,2,16.73
5592,1865,189,1,57.74
5593,1865,161,4,9.08
5594,1866,158,1,59.27
5595,1866,52,1,47.09
5596,1867,2,4,239.88
5597,1868,39,2,380.34
5598,1869,158,1,59.27
5599,1869,194,1,74.31
5600,1869,180,3,109.81
5601,1869,74,2,54.80
5602,1869,76,4,248.97
5603,1870,70,4,47.08
5604,1870,72,4,207.50
5605,1870,54,1,52.55
5606,1870,56,4,174.98
5607,1871,153,2,53.97
5608,1871,105,1,27.39
5609,1871,22,2,129.18
5610,1872,156,2,47.44
5611,1872,73,2,25.03
5612,1872,188,2,16.87
5613,1872,49,3,182.19
5614,1873,85,3,126.48
5615,1873,183,1,92.22
5616,1873,159,1,26.55
5617,1873,114,1,386.72
5618,1874,179,2,29.88
5619,1874,194,3,74.31
5620,1874,94,4,281.05
5621,1874,20,2,150.57
5622,1874,150,3,45.00
5623,1875,183,1,92.22
5624,1875,153,3,53.97
5625,1875,116,3,163.33
5626,1875,49,3,182.19
5627,1875,63,2,293.35
5628,1876,19,1,816.54
5629,1876,137,3,16.72
5630,1876,21,3,540.25
5631,1876,161,4,9.08
5632,1877,184,1,93.38
5633,1877,30,1,281.92
5634,1877,94,3,281.05
5635,1877,98,1,324.18
5636,1878,155,2,24.51
5637,1878,80,4,253.61
5638,1878,46,2,30.13
5639,1878,12,3,788.04
5640,1879,71,3,271.85
5641,1879,170,1,16.89
5642,1879,113,2,78.35
5643,1879,161,3,9.08
5644,1880,162,1,21.49
5645,1881,152,2,48.13
5646,1881,184,3,93.38
5647,1881,45,3,150.59
5648,1882,19,1,816.54
5649,1882,138,3,54.31
5650,1882,36,2,558.56
5651,1883,188,1,16.87
5652,1883,129,4,31.16
5653,1884,59,2,264.27
5654,1884,183,3,92.22
5655,1884,53,3,108.74
5656,1884,99,1,151.45
5657,1884,121,3,40.24
5658,1885,84,1,198.78
5659,1885,27,3,225.51
5660,1885,200,4,21.95
5661,1885,55,2,247.20
5662,1886,27,4,225.51
5663,1886,19,4,816.54
5664,1886,92,2,391.62
5665,1887,63,1,293.35
5666,1887,100,1,86.91
5667,1887,180,4,109.81
5668,1888,86,1,333.64
5669,1888,161,3,9.08
5670,1889,10,4,273.35
5671,1889,134,2,19.36
5672,1889,41,3,224.09
5673,1889,90,1,370.03
5674,1889,70,3,47.08
5675,1890,109,1,191.43
5676,1890,19,1,816.54
5677,1890,195,1,97.24
5678,1891,24,1,811.59
5679,1891,17,4,446.15
5680,1892,200,4,21.95
5681,1892,16,1,537.37
5682,1892,124,4,44.55
5683,1892,83,4,88.66
5684,1893,100,1,86.91
5685,1893,75,1,108.00
5686,1894,156,2,47.44
5687,1894,193,4,94.03
5688,1895,99,4,151.45
5689,1895,139,1,26.08
5690,1896,151,4,53.45
5691,1896,115,3,308.68
5692,1897,99,1,151.45
5693,1897,136,2,16.82
5694,1897,185,3,4.70
5695,1898,96,3,48.32
5696,1898,136,4,16.82
5697,1898,81,1,310.43
5698,1898,35,2,291.27
5699,1898,123,1,37.05
5700,1899,116,2,163.33
5701,1899,129,1,31.16
5702,1899,105,4,27.39
5703,1900,105,3,27.39
5704,1900,28,4,549.50
5705,1900,178,2,39.29
5706,1901,143,2,59.98
5707,1902,3,4,136.62
5708,1902,178,4,39.29
5709,1903,68,3,104.26
5710,1903,188,1,16.87
5711,1903,96,3,48.32
5712,1903,129,2,31.16
5713,1903,159,3,26.55
5714,1904,69,2,258.65
5715,1904,139,1,26.08
5716,1905,91,1,265.75
5717,1905,166,4,61.71
5718,1905,166,2,61.71
5719,1905,107,4,368.95
5720,1905,14,3,750.61
5721,1906,38,2,117.99
5722,1906,148,2,42.76
5723,1906,158,3,59.27
5724,1906,152,2,48.13
5725,1907,131,4,51.37
5726,1907,91,4,265.75
5727,1908,82,1,164.45
5728,1908,50,4,237.25
5729,1908,164,3,69.89
5730,1909,37,3,429.72
5731,1910,186,3,118.92
5732,1910,141,1,44.68
5733,1910,85,2,126.48
5734,1911,38,2,117.99
5735,1911,148,3,42.76
5736,1911,188,2,16.87
5737,1911,97,4,388.13
5738,1911,130,1,40.37
5739,1912,198,1,49.14
5740,1912,83,2,88.66
5741,1912,156,1,47.44
5742,1912,10,1,273.35
5743,1912,2,3,239.88
5744,1913,151,4,53.45
5745,1913,141,2,44.68
5746,1913,21,1,540.25
5747,1914,12,4,788.04
5748,1915,79,4,233.68
5749,1915,38,2,117.99
5750,1915,47,3,66.78
5751,1915,40,3,633.55
5752,1915,30,1,281.92
5753,1916,168,4,4.90
5754,1916,131,3,51.37
5755,1916,157,1,19.33
5756,1916,64,2,50.42
5757,1917,187,4,12.37
5758,1917,189,4,57.74
5759,1917,49,3,182.19
5760,1918,73,4,25.03
5761,1918,145,3,16.73
5762,1919,36,3,558.56
5763,1920,17,4,446.15
5764,1920,103,2,258.65
5765,1920,113,2,78.35
5766,1920,87,3,282.19
5767,1920,176,2,24.47
5768,1921,78,1,92.26
5769,1921,137,4,16.72
5770,1921,174,1,114.93
5771,1922,45,1,150.59
5772,1922,121,3,40.24
5773,1922,56,4,174.98
5774,1922,124,3,44.55
5775,1922,128,2,46.60
5776,1923,82,4,164.45
5777,1923,5,3,294.97
5778,1923,79,4,233.68
5779,1924,86,1,333.64
5780,1924,6,3,871.62
5781,1924,87,4,282.19
5782,1924,86,2,333.64
5783,1925,81,3,310.43
5784,1925,189,3,57.74
5785,1925,97,1,388.13
5786,1925,184,3,93.38
5787,1925,74,2,54.80
5788,1926,85,4,126.48
5789,1926,109,2,191.43
5790,1926,97,4,388.13
5791,1926,62,2,205.44
5792,1926,178,2,39.29
5793,1927,135,3,53.76
5794,1927,200,2,21.95
5795,1928,103,2,258.65
5796,1928,137,3,16.72
5797,1928,144,3,46.06
5798,1928,111,1,295.40
5799,1928,145,4,16.73
5800,1929,131,4,51.37
5801,1929,63,3,293.35
5802,1929,54,1,52.55
5803,1929,160,1,45.74
5804,1929,188,4,16.87
5805,1930,135,2,53.76
5806,1930,14,2,750.61
5807,1930,10,3,273.35
5808,1930,55,2,247.20
5809,1931,92,2,391.62
5810,1932,66,3,60.34
5811,1932,93,2,318.36
5812,1932,196,3,66.42
5813,1932,94,4,281.05
5814,1932,127,2,45.09
5815,1933,193,2,94.03
5816,1933,99,1,151.45
5817,1933,76,1,248.97
5818,1933,41,3,224.09
5819,1934,62,4,205.44
5820,1934,86,1,333.64
5821,1934,112,3,307.14
5822,1934,156,3,47.44
5823,1934,138,1,54.31
5824,1935,151,3,53.45
5825,1935,91,2,265.75
5826,1935,84,4,198.78
5827,1935,87,2,282.19
5828,1935,65,1,153.24
5829,1936,123,1,37.05
5830,1936,124,3,44.55
5831,1936,166,3,61.71
5832,1936,35,2,291.27
5833,1937,72,1,207.50
5834,1937,165,3,65.60
5835,1937,17,1,446.15
5836,1937,50,4,237.25
5837,1938,42,3,81.37
5838,1938,93,3,318.36
5839,1939,116,1,163.33
5840,1940,149,4,28.06
5841,1940,125,2,32.57
5842,1940,11,2,691.54
5843,1940,12,3,788.04
5844,1941,173,1,93.51
5845,1941,145,4,16.73
5846,1941,86,4,333.64
5847,1941,200,1,21.95
5848,1941,44,1,168.63
5849,1942,11,3,691.54
5850,1942,42,1,81.37
5851,1942,52,4,47.09
5852,1942,67,1,39.92
5853,1943,167,1,106.22
5854,1943,139,3,26.08
5855,1943,29,4,665.28
5856,1943,85,3,126.48
5857,1944,166,1,61.71
5858,1944,101,2,329.79
5859,1944,141,3,44.68
5860,1945,51,4,23.32
5861,1945,43,1,30.78
5862,1945,73,4,25.03
5863,1945,96,3,48.32
5864,1945,183,4,92.22
5865,1946,165,2,65.60
5866,1947,51,2,23.32
5867,1947,79,2,233.68
5868,1947,146,3,27.35
5869,1947,106,2,377.39
5870,1947,144,3,46.06
5871,1948,66,2,60.34
5872,1948,166,3,61.71
5873,1948,29,1,665.28
5874,1949,31,1,609.25
5875,1949,4,2,327.69
5876,1949,179,4,29.88
5877,1949,68,4,104.26
5878,1949,34,1,426.41
5879,1950,111,3,295.40
5880,1951,178,4,39.29
5881,1951,95,1,418.23
5882,1952,49,1,182.19
5883,1952,170,2,16.89
5884,1952,144,1,46.06
5885,1952,127,4,45.09
5886,1953,103,2,258.65
5887,1953,136,1,16.82
5888,1953,40,3,633.55
5889,1953,160,2,45.74
5890,1953,3,3,136.62
5891,1954,118,1,259.42
5892,1954,18,3,293.07
5893,1954,5,2,294.97
5894,1955,93,2,318.36
5895,1956,53,1,108.74
5896,1956,168,4,4.90
5897,1957,47,1,66.78
5898,1958,164,1,69.89
5899,1958,175,3,53.39
5900,1958,126,1,25.37
5901,1958,103,4,258.65
5902,1959,37,3,429.72
5903,1959,115,2,308.68
5904,1959,11,1,691.54
5905,1960,165,1,65.60
5906,1961,156,3,47.44
5907,1961,108,2,231.27
5908,1962,34,4,426.41
5909,1962,138,2,54.31
5910,1962,6,1,871.62
5911,1962,185,3,4.70
5912,1962,178,3,39.29
5913,1963,34,2,426.41
5914,1963,26,4,43.63
5915,1963,1,4,500.72
5916,1963,125,2,32.57
5917,1963,135,2,53.76
5918,1964,183,4,92.22
5919,1965,14,4,750.61
5920,1965,51,2,23.32
5921,1965,70,2,47.08
5922,1965,87,4,282.19
5923,1965,92,4,391.62
5924,1966,37,3,429.72
5925,1966,169,3,96.92
5926,1966,144,2,46.06
5927,1967,159,2,26.55
5928,1967,185,4,4.70
5929,1967,157,4,19.33
5930,1967,46,2,30.13
5931,1967,4,2,327.69
5932,1968,163,3,81.90
5933,1968,118,4,259.42
5934,1969,115,1,308.68
5935,1969,185,1,4.70
5936,1969,34,1,426.41
5937,1970,15,1,875.17
5938,1970,169,1,96.92
5939,1970,159,4,26.55
5940,1970,163,2,81.90
5941,1971,18,2,293.07
5942,1971,3,3,136.62
5943,1971,124,1,44.55
5944,1971,188,4,16.87
5945,1971,34,2,426.41
5946,1972,31,3,609.25
5947,1972,127,3,45.09
5948,1972,142,2,36.11
5949,1973,97,4,388.13
5950,1973,29,2,665.28
5951,1974,173,2,93.51
5952,1974,131,4,51.37
5953,1974,131,3,51.37
5954,1975,200,2,21.95
5955,1975,162,3,21.49
5956,1975,97,1,388.13
5957,1975,91,1,265.75
5958,1975,70,3,47.08
5959,1976,28,2,549.50
5960,1976,49,1,182.19
5961,1977,119,2,390.51
5962,1977,101,2,329.79
5963,1977,87,3,282.19
5964,1977,22,2,129.18
5965,1978,111,2,295.40
5966,1978,194,2,74.31
5967,1978,30,4,281.92
5968,1979,79,2,233.68
5969,1980,100,4,86.91
5970,1980,134,3,19.36
5971,1981,190,2,109.95
5972,1981,50,3,237.25
5973,1981,65,2,153.24
5974,1981,179,1,29.88
5975,1982,40,4,633.55
5976,1983,54,1,52.55
5977,1983,87,3,282.19
5978,1983,90,3,370.03
5979,1983,62,1,205.44
5980,1984,162,3,21.49
5981,1985,60,2,179.81
5982,1985,162,4,21.49
5983,1985,160,2,45.74
5984,1986,105,1,27.39
5985,1986,9,3,746.78
5986,1986,122,4,11.28
5987,1987,122,3,11.28
5988,1987,110,4,431.78
5989,1987,67,2,39.92
5990,1988,5,1,294.97
5991,1988,48,2,206.81
5992,1988,93,4,318.36
5993,1989,46,4,30.13
5994,1990,64,2,50.42
5995,1990,125,3,32.57
5996,1991,35,2,291.27
5997,1991,175,2,53.39
5998,1991,179,2,29.88
5999,1991,136,2,16.82
6000,1991,108,3,231.27
6001,1992,157,4,19.33
6002,1992,11,4,691.54
6003,1992,187,2,12.37
6004,1992,160,1,45.74
6005,1993,192,4,14.31
6006,1993,127,3,45.09
6007,1994,29,2,665.28
6008,1995,177,2,103.55
6009,1995,24,2,811.59
6010,1995,188,1,16.87
6011,1996,155,4,24.51
6012,1996,44,2,168.63
6013,1996,129,3,31.16
6014,1996,60,4,179.81
6015,1997,121,1,40.24
6016,1997,190,4,109.95
6017,1997,152,2,48.13
6018,1998,14,2,750.61
6019,1998,97,4,388.13
6020,1998,74,4,54.80
6021,1998,16,2,537.37
6022,1998,95,3,418.23
6023,1999,185,3,4.70
6024,1999,20,1,150.57
6025,1999,121,3,40.24
6026,2000,16,1,537.37
6027,2000,45,1,150.59
6028,2000,2,3,239.88
6029,2000,183,3,92.22
6030,2000,127,1,45.09
6031,2001,177,2,103.55
6032,2001,79,3,233.68
6033,2001,43,1,30.78
6034,2001,176,2,24.47
6035,2002,170,4,16.89
6036,2002,177,3,103.55
6037,2003,62,4,205.44
6038,2004,49,2,182.19
6039,2004,44,2,168.63
6040,2005,191,1,103.44
6041,2005,73,3,25.03
6042,2006,155,1,24.51
6043,2006,72,1,207.50
6044,2006,24,2,811.59
6045,2006,151,2,53.45
6046,2006,142,3,36.11
6047,2007,86,2,333.64
6048,2007,160,3,45.74
6049,2007,109,3,191.43
6050,2008,106,1,377.39
6051,2008,81,4,310.43
6052,2008,102,2,17.15
6053,2009,75,3,108.00
6054,2010,154,4,6.98
6055,2011,138,1,54.31
6056,2011,192,2,14.31
6057,2011,116,3,163.33
6058,2011,28,2,549.50
6059,2011,151,2,53.45
6060,2012,145,4,16.73
6061,2012,29,4,665.28
6062,2012,87,2,282.19
6063,2012,197,3,63.01
6064,2012,98,3,324.18
6065,2013,28,4,549.50
6066,2014,200,3,21.95
6067,2014,92,1,391.62
6068,2014,192,1,14.31
6069,2014,195,4,97.24
6070,2014,27,2,225.51
6071,2015,159,2,26.55
6072,2015,26,3,43.63
6073,2015,182,1,100.88
6074,2015,100,4,86.91
6075,2016,111,2,295.40
6076,2016,156,1,47.44
6077,2016,74,3,54.80
6078,2016,73,4,25.03
6079,2017,125,4,32.57
6080,2017,37,3,429.72
6081,2017,22,2,129.18
6082,2018,119,3,390.51
6083,2018,5,1,294.97
6084,2018,20,2,150.57
6085,2018,184,3,93.38
6086,2018,149,1,28.06
6087,2019,175,2,53.39
6088,2020,71,3,271.85
6089,2020,141,4,44.68
6090,2020,39,4,380.34
6091,2020,151,2,53.45
6092,2021,159,1,26.55
6093,2022,12,2,788.04
6094,2022,28,3,549.50
6095,2022,145,1,16.73
6096,2022,8,3,743.01
6097,2022,42,2,81.37
6098,2023,82,4,164.45
6099,2023,11,2,691.54
6100,2023,119,1,390.51
6101,2023,132,4,33.38
6102,2024,168,2,4.90
6103,2025,158,2,59.27
6104,2025,108,2,231.27
6105,2025,71,4,271.85
6106,2025,23,2,311.08
6107,2026,39,4,380.34
6108,2026,166,3,61.71
6109,2026,123,4,37.05
6110,2026,42,4,81.37
6111,2026,72,4,207.50
6112,2027,114,1,386.72
6113,2027,76,1,248.97
6114,2027,162,4,21.49
6115,2027,156,3,47.44
6116,2027,79,1,233.68
6117,2028,145,1,16.73
6118,2028,59,2,264.27
6119,2028,6,4,871.62
6120,2028,180,4,109.81
6121,2029,11,1,691.54
6122,2029,56,1,174.98
6123,2029,65,2,153.24
6124,2029,187,3,12.37
6125,2030,80,3,253.61
6126,2030,25,3,250.49
6127,2030,5,1,294.97
6128,2030,9,1,746.78
6129,2031,50,1,237.25
6130,2031,168,3,4.90
6131,2031,116,3,163.33
6132,2031,196,1,66.42
6133,2032,126,3,25.37
6134,2032,118,1,259.42
6135,2032,137,1,16.72
6136,2032,92,1,391.62
6137,2032,123,4,37.05
6138,2033,50,1,237.25
6139,2033,38,3,117.99
6140,2033,116,2,163.33
6141,2034,29,4,665.28
6142,2035,99,3,151.45
6143,2036,32,1,574.26
6144,2036,91,3,265.75
6145,2036,129,1,31.16
6146,2036,60,2,179.81
6147,2036,54,4,52.55
6148,2037,188,1,16.87
6149,2037,24,3,811.59
6150,2037,151,4,53.45
6151,2037,148,3,42.76
6152,2038,91,3,265.75
6153,2039,180,3,109.81
6154,2039,84,4,198.78
6155,2039,48,4,206.81
6156,2039,66,3,60.34
6157,2039,153,1,53.97
6158,2040,25,3,250.49
6159,2040,67,4,39.92
6160,2041,125,2,32.57
6161,2042,195,2,97.24
6162,2042,11,2,691.54
6163,2042,177,3,103.55
6164,2042,124,3,44.55
6165,2042,197,3,63.01
6166,2043,25,1,250.49
6167,2043,72,4,207.50
6168,2043,131,4,51.37
6169,2043,112,4,307.14
6170,2043,98,2,324.18
6171,2044,62,3,205.44
6172,2044,73,1,25.03
6173,2044,49,3,182.19
6174,2045,58,2,199.52
6175,2045,56,2,174.98
6176,2045,78,2,92.26
6177,2046,124,3,44.55
6178,2046,59,3,264.27
6179,2046,101,2,329.79
6180,2046,115,2,308.68
6181,2047,21,3,540.25
6182,2047,26,4,43.63
6183,2048,66,1,60.34
6184,2049,107,4,368.95
6185,2049,125,1,32.57
6186,2050,150,3,45.00
6187,2050,47,3,66.78
6188,2050,51,4,23.32
6189,2050,180,1,109.81
6190,2050,13,4,522.46
6191,2051,121,4,40.24
6192,2052,76,2,248.97
6193,2052,42,4,81.37
6194,2052,98,1,324.18
6195,2053,102,2,17.15
6196,2053,100,1,86.91
6197,2054,87,3,282.19
6198,2055,79,2,233.68
6199,2055,108,4,231.27
6200,2056,26,4,43.63
6201,2056,162,3,21.49
6202,2056,138,1,54.31
6203,2056,92,3,391.62
6204,2057,90,3,370.03
6205,2057,63,4,293.35
6206,2058,105,3,27.39
6207,2058,40,1,633.55
6208,2059,130,1,40.37
6209,2059,43,3,30.78
6210,2059,74,1,54.80
6211,2060,168,3,4.90
6212,2060,115,1,308.68
6213,2060,110,4,431.78
6214,2060,67,3,39.92
6215,2061,58,3,199.52
6216,2061,104,4,42.38
6217,2061,47,2,66.78
6218,2062,127,3,45.09
6219,2062,176,3,24.47
6220,2062,153,1,53.97
6221,2063,184,3,93.38
6222,2063,137,4,16.72
6223,2063,39,2,380.34
6224,2064,85,4,126.48
6225,2064,142,4,36.11
6226,2064,145,3,16.73
6227,2064,165,1,65.60
6228,2065,182,2,100.88
6229,2066,9,1,746.78
6230,2067,111,2,295.40
6231,2067,37,1,429.72
6232,2068,127,1,45.09
6233,2068,79,1,233.68
6234,2068,20,2,150.57
6235,2069,42,3,81.37
6236,2070,22,3,129.18
6237,2070,175,3,53.39
6238,2071,46,3,30.13
6239,2071,186,3,118.92
6240,2071,200,2,21.95
6241,2071,139,1,26.08
6242,2072,60,1,179.81
6243,2072,11,3,691.54
6244,2072,144,4,46.06
6245,2072,6,3,871.62
6246,2073,148,2,42.76
6247,2073,149,2,28.06
6248,2074,40,4,633.55
6249,2074,162,4,21.49
6250,2074,86,1,333.64
6251,2074,122,2,11.28
6252,2074,112,3,307.14
6253,2075,115,2,308.68
6254,2076,107,4,368.95
6255,2076,190,2,109.95
6256,2077,144,3,46.06
6257,2077,122,4,11.28
6258,2078,9,4,746.78
6259,2078,106,1,377.39
6260,2078,36,3,558.56
6261,2079,13,2,522.46
6262,2079,52,1,47.09
6263,2079,43,4,30.78
6264,2080,68,1,104.26
6265,2080,116,2,163.33
6266,2080,67,1,39.92
6267,2080,154,4,6.98
6268,2081,158,4,59.27
6269,2081,55,3,247.20
6270,2081,35,1,291.27
6271,2081,134,2,19.36
6272,2081,26,1,43.63
6273,2082,76,3,248.97
6274,2082,101,2,329.79
6275,2082,134,3,19.36
6276,2082,174,1,114.93
6277,2082,151,1,53.45
6278,2083,80,2,253.61
6279,2083,97,4,388.13
6280,2083,71,4,271.85
6281,2083,169,1,96.92
6282,2083,23,1,311.08
6283,2084,188,4,16.87
6284,2084,200,2,21.95
6285,2084,156,4,47.44
6286,2084,56,3,174.98
6287,2085,6,2,871.62
6288,2085,16,1,537.37
6289,2085,43,1,30.78
6290,2086,148,4,42.76
6291,2086,51,4,23.32
6292,2086,62,3,205.44
6293,2086,182,4,100.88
6294,2086,146,3,27.35
6295,2087,143,1,59.98
6296,2087,51,1,23.32
6297,2087,110,1,431.78
6298,2087,106,3,377.39
6299,2087,73,2,25.03
6300,2088,117,1,298.11
6301,2088,13,1,522.46
6302,2089,192,1,14.31
6303,2090,149,4,28.06
6304,2091,81,3,310.43
6305,2091,137,3,16.72
6306,2091,105,3,27.39
6307,2091,32,4,574.26
6308,2092,90,1,370.03
6309,2092,116,2,163.33
6310,2092,179,4,29.88
6311,2092,93,4,318.36
6312,2092,191,2,103.44
6313,2093,60,2,179.81
6314,2093,6,2,871.62
6315,2093,190,3,109.95
6316,2094,14,1,750.61
6317,2094,77,4,28.30
6318,2094,54,3,52.55
6319,2095,49,4,182.19
6320,2095,28,1,549.50
6321,2095,172,3,66.83
6322,2096,92,4,391.62
6323,2096,84,4,198.78
6324,2096,123,4,37.05
6325,2096,98,2,324.18
6326,2096,26,1,43.63
6327,2097,27,4,225.51
6328,2098,62,4,205.44
6329,2098,16,1,537.37
6330,2099,187,3,12.37
6331,2099,128,4,46.60
6332,2099,90,1,370.03
6333,2099,132,2,33.38
6334,2100,183,3,92.22
6335,2100,180,2,109.81
6336,2100,63,2,293.35
6337,2101,68,2,104.26
6338,2101,86,1,333.64
6339,2102,83,4,88.66
6340,2103,89,4,183.76
6341,2103,20,1,150.57
6342,2104,111,1,295.40
6343,2105,172,3,66.83
6344,2105,98,4,324.18
6345,2105,98,4,324.18
6346,2105,192,1,14.31
6347,2106,112,4,307.14
6348,2106,194,3,74.31
6349,2106,64,1,50.42
6350,2107,125,3,32.57
6351,2107,165,3,65.60
6352,2108,152,1,48.13
6353,2108,98,3,324.18
6354,2109,26,4,43.63
6355,2110,27,1,225.51
6356,2110,39,3,380.34
6357,2110,189,1,57.74
6358,2110,128,3,46.60
6359,2110,51,4,23.32
6360,2111,94,4,281.05
6361,2111,77,3,28.30
6362,2111,45,4,150.59
6363,2112,130,3,40.37
6364,2113,104,4,42.38
6365,2113,38,4,117.99
6366,2113,160,3,45.74
6367,2113,156,2,47.44
6368,2113,198,3,49.14
6369,2114,134,1,19.36
6370,2114,21,2,540.25
6371,2114,78,2,92.26
6372,2114,32,2,574.26
6373,2115,142,1,36.11
6374,2115,102,2,17.15
6375,2115,160,1,45.74
6376,2116,186,2,118.92
6377,2116,178,3,39.29
6378,2117,157,2,19.33
6379,2117,122,1,11.28
6380,2117,97,1,388.13
6381,2117,1,2,500.72
6382,2117,116,1,163.33
6383,2118,83,1,88.66
6384,2118,152,3,48.13
6385,2118,84,1,198.78
6386,2118,131,3,51.37
6387,2119,170,2,16.89
6388,2119,64,1,50.42
6389,2119,193,1,94.03
6390,2120,164,3,69.89
6391,2120,161,1,9.08
6392,2121,185,4,4.70
6393,2121,97,4,388.13
6394,2121,92,1,391.62
6395,2122,145,2,16.73
6396,2122,192,3,14.31
6397,2122,166,3,61.71
6398,2122,34,4,426.41
6399,2123,10,4,273.35
6400,2124,49,4,182.19
6401,2125,68,3,104.26
6402,2125,32,4,574.26
6403,2125,186,2,118.92
6404,2126,149,3,28.06
6405,2127,132,1,33.38
6406,2128,44,3,168.63
6407,2128,136,3,16.82
6408,2128,71,4,271.85
6409,2128,22,3,129.18
6410,2129,54,1,52.55
6411,2130,43,4,30.78
6412,2130,13,4,522.46
6413,2130,191,2,103.44
6414,2130,53,4,108.74
6415,2130,18,2,293.07
6416,2131,90,1,370.03
6417,2131,163,2,81.90
6418,2131,131,1,51.37
6419,2132,51,1,23.32
6420,2132,27,3,225.51
6421,2132,107,4,368.95
6422,2132,52,4,47.09
6423,2132,188,2,16.87
6424,2133,60,3,179.81
6425,2133,125,4,32.57
6426,2134,111,4,295.40
6427,2134,152,1,48.13
6428,2134,13,3,522.46
6429,2135,151,2,53.45
6430,2135,80,2,253.61
6431,2135,123,3,37.05
6432,2135,188,1,16.87
6433,2135,146,4,27.35
6434,2136,162,1,21.49
6435,2136,144,2,46.06
6436,2136,145,4,16.73
6437,2136,113,4,78.35
6438,2137,64,2,50.42
6439,2138,184,4,93.38
6440,2138,43,4,30.78
6441,2138,114,1,386.72
6442,2138,192,3,14.31
6443,2139,93,2,318.36
6444,2139,60,2,179.81
6445,2139,173,1,93.51
6446,2139,150,4,45.00
6447,2140,49,1,182.19
6448,2140,17,2,446.15
6449,2140,167,3,106.22
6450,2141,110,2,431.78
6451,2141,73,2,25.03
6452,2141,19,3,816.54
6453,2141,36,3,558.56
6454,2142,41,2,224.09
6455,2142,34,2,426.41
6456,2142,175,4,53.39
6457,2142,21,2,540.25
6458,2143,106,3,377.39
6459,2144,151,4,53.45
6460,2144,81,1,310.43
6461,2144,80,3,253.61
6462,2145,121,4,40.24
6463,2146,47,3,66.78
6464,2146,41,4,224.09
6465,2147,82,4,164.45
6466,2147,32,2,574.26
6467,2147,65,4,153.24
6468,2147,189,1,57.74
6469,2147,130,3,40.37
6470,2148,12,4,788.04
6471,2148,113,2,78.35
6472,2148,40,1,633.55
6473,2149,20,1,150.57
6474,2149,160,1,45.74
6475,2149,178,1,39.29
6476,2149,195,1,97.24
6477,2149,179,2,29.88
6478,2150,14,4,750.61
6479,2150,44,3,168.63
6480,2150,157,4,19.33
6481,2151,144,4,46.06
6482,2151,160,1,45.74
6483,2151,82,3,164.45
6484,2152,83,2,88.66
6485,2152,164,1,69.89
6486,2152,135,1,53.76
6487,2153,185,3,4.70
6488,2153,139,1,26.08
6489,2153,190,2,109.95
6490,2154,91,4,265.75
6491,2154,178,4,39.29
6492,2154,145,4,16.73
6493,2154,68,3,104.26
6494,2154,103,2,258.65
6495,2155,139,2,26.08
6496,2155,80,2,253.61
6497,2156,11,4,691.54
6498,2157,62,3,205.44
6499,2157,170,3,16.89
6500,2157,12,1,788.04
6501,2157,164,3,69.89
6502,2157,79,3,233.68
6503,2158,26,4,43.63
6504,2158,35,4,291.27
6505,2158,106,1,377.39
6506,2158,141,2,44.68
6507,2159,145,2,16.73
6508,2159,151,4,53.45
6509,2159,87,1,282.19
6510,2159,32,3,574.26
6511,2159,146,3,27.35
6512,2160,174,1,114.93
6513,2161,135,3,53.76
6514,2161,139,2,26.08
6515,2161,123,1,37.05
6516,2161,55,1,247.20
6517,2161,109,3,191.43
6518,2162,99,3,151.45
6519,2162,189,3,57.74
6520,2163,107,2,368.95
6521,2163,124,2,44.55
6522,2163,23,3,311.08
6523,2163,176,1,24.47
6524,2164,1,1,500.72
6525,2165,56,3,174.98
6526,2166,25,1,250.49
6527,2166,71,1,271.85
6528,2166,91,3,265.75
6529,2166,83,3,88.66
6530,2166,58,4,199.52
6531,2167,123,4,37.05
6532,2167,181,1,13.99
6533,2167,96,1,48.32
6534,2168,149,2,28.06
6535,2168,166,3,61.71
6536,2168,84,1,198.78
6537,2168,90,2,370.03
6538,2168,66,2,60.34
6539,2169,182,3,100.88
6540,2169,165,3,65.60
6541,2170,102,4,17.15
6542,2171,2,4,239.88
6543,2171,57,1,51.30
6544,2171,73,3,25.03
6545,2171,8,4,743.01
6546,2172,74,1,54.80
6547,2172,165,3,65.60
6548,2172,40,1,633.55
6549,2172,39,1,380.34
6550,2173,127,1,45.09
6551,2173,172,2,66.83
6552,2173,1,3,500.72
6553,2173,28,2,549.50
6554,2174,119,1,390.51
6555,2174,72,3,207.50
6556,2174,85,1,126.48
6557,2175,53,3,108.74
6558,2175,126,4,25.37
6559,2175,26,2,43.63
6560,2175,18,1,293.07
6561,2175,84,3,198.78
6562,2176,44,2,168.63
6563,2176,55,4,247.20
6564,2176,40,4,633.55
6565,2177,189,2,57.74
6566,2177,37,2,429.72
6567,2178,101,2,329.79
6568,2179,179,3,29.88
6569,2179,84,4,198.78
6570,2180,125,1,32.57
6571,2180,154,1,6.98
6572,2180,46,2,30.13
6573,2181,156,1,47.44
6574,2181,82,4,164.45
6575,2182,135,4,53.76
6576,2182,117,2,298.11
6577,2182,60,1,179.81
6578,2182,185,3,4.70
6579,2182,197,3,63.01
6580,2183,112,3,307.14
6581,2183,137,1,16.72
6582,2184,151,2,53.45
6583,2184,183,4,92.22
6584,2184,58,3,199.52
6585,2185,131,4,51.37
6586,2185,27,4,225.51
6587,2185,79,4,233.68
6588,2185,62,2,205.44
6589,2186,99,2,151.45
6590,2186,140,2,13.39
6591,2186,63,2,293.35
6592,2187,125,1,32.57
6593,2187,30,1,281.92
6594,2187,193,2,94.03
6595,2188,64,4,50.42
6596,2188,176,4,24.47
6597,2188,94,1,281.05
6598,2189,39,4,380.34
6599,2190,36,1,558.56
6600,2190,6,1,871.62
6601,2190,19,3,816.54
6602,2190,55,2,247.20
6603,2191,186,1,118.92
6604,2191,200,3,21.95
6605,2191,177,3,103.55
6606,2191,159,1,26.55
6607,2192,98,3,324.18
6608,2192,186,2,118.92
6609,2192,189,4,57.74
6610,2192,41,1,224.09
6611,2192,105,2,27.39
6612,2193,44,4,168.63
6613,2193,50,3,237.25
6614,2194,140,3,13.39
6615,2194,175,4,53.39
6616,2194,44,4,168.63
6617,2194,44,2,168.63
6618,2194,137,1,16.72
6619,2195,169,3,96.92
6620,2195,116,4,163.33
6621,2195,168,3,4.90
6622,2196,125,1,32.57
6623,2196,58,2,199.52
6624,2196,156,4,47.44
6625,2196,179,3,29.88
6626,2197,177,2,103.55
6627,2197,112,2,307.14
6628,2197,50,1,237.25
6629,2197,181,2,13.99
6630,2197,175,3,53.39
6631,2198,179,4,29.88
6632,2198,56,1,174.98
6633,2198,134,4,19.36
6634,2198,89,3,183.76
6635,2198,80,4,253.61
6636,2199,106,2,377.39
6637,2200,125,1,32.57
6638,2200,145,1,16.73
6639,2200,26,3,43.63
6640,2201,194,2,74.31
6641,2201,179,3,29.88
6642,2201,20,2,150.57
6643,2201,118,3,259.42
6644,2201,142,1,36.11
6645,2202,32,4,574.26
6646,2202,23,2,311.08
6647,2202,65,2,153.24
6648,2202,163,4,81.90
6649,2203,23,1,311.08
6650,2203,114,4,386.72
6651,2203,176,1,24.47
6652,2203,67,2,39.92
6653,2204,91,4,265.75
6654,2204,156,2,47.44
6655,2205,148,1,42.76
6656,2205,64,3,50.42
6657,2205,39,3,380.34
6658,2205,70,4,47.08
6659,2205,134,4,19.36
6660,2206,178,3,39.29
6661,2206,156,4,47.44
6662,2207,179,3,29.88
6663,2208,182,3,100.88
6664,2208,22,2,129.18
6665,2209,89,3,183.76
6666,2209,17,2,446.15
6667,2209,114,3,386.72
6668,2209,140,2,13.39
6669,2209,196,1,66.42
6670,2210,89,3,183.76
6671,2210,124,1,44.55
6672,2210,129,4,31.16
6673,2210,22,4,129.18
6674,2210,77,4,28.30
6675,2211,13,3,522.46
6676,2211,83,3,88.66
6677,2211,154,2,6.98
6678,2211,165,1,65.60
6679,2212,2,1,239.88
6680,2212,55,4,247.20
6681,2212,118,2,259.42
6682,2212,166,2,61.71
6683,2213,67,4,39.92
6684,2214,60,4,179.81
6685,2214,91,3,265.75
6686,2214,158,2,59.27
6687,2214,53,4,108.74
6688,2215,74,3,54.80
6689,2215,166,3,61.71
6690,2215,168,3,4.90
6691,2215,31,3,609.25
6692,2215,42,2,81.37
6693,2216,42,1,81.37
6694,2216,132,3,33.38
6695,2217,18,3,293.07
6696,2217,97,4,388.13
6697,2218,198,1,49.14
6698,2218,15,2,875.17
6699,2218,163,3,81.90
6700,2218,104,4,42.38
6701,2218,66,3,60.34
6702,2219,116,1,163.33
6703,2219,190,4,109.95
6704,2220,148,3,42.76
6705,2220,103,3,258.65
6706,2220,73,4,25.03
6707,2221,196,2,66.42
6708,2221,86,3,333.64
6709,2221,14,3,750.61
6710,2221,32,4,574.26
6711,2222,91,1,265.75
6712,2222,183,2,92.22
6713,2222,126,3,25.37
6714,2223,194,1,74.31
6715,2224,163,1,81.90
6716,2225,52,2,47.09
6717,2225,117,1,298.11
6718,2225,93,2,318.36
6719,2225,109,3,191.43
6720,2226,83,3,88.66
6721,2226,84,2,198.78
6722,2227,20,1,150.57
6723,2227,108,3,231.27
6724,2228,161,3,9.08
6725,2228,144,3,46.06
6726,2229,114,4,386.72
6727,2230,78,1,92.26
6728,2230,179,4,29.88
6729,2231,130,3,40.37
6730,2231,172,3,66.83
6731,2231,122,3,11.28
6732,2232,79,3,233.68
6733,2232,4,1,327.69
6734,2232,16,2,537.37
6735,2232,155,4,24.51
6736,2232,142,3,36.11
6737,2233,160,2,45.74
6738,2233,3,3,136.62
6739,2233,45,2,150.59
6740,2233,188,4,16.87
6741,2234,166,2,61.71
6742,2234,105,1,27.39
6743,2235,129,4,31.16
6744,2235,129,4,31.16
6745,2235,141,3,44.68
6746,2235,166,4,61.71
6747,2236,106,2,377.39
6748,2237,43,4,30.78
6749,2237,176,2,24.47
6750,2237,170,3,16.89
6751,2237,118,4,259.42
6752,2237,144,3,46.06
6753,2238,6,2,871.62
6754,2238,117,2,298.11
6755,2238,81,3,310.43
6756,2238,84,3,198.78
6757,2238,63,4,293.35
6758,2239,90,3,370.03
6759,2239,60,1,179.81
6760,2240,53,1,108.74
6761,2240,163,3,81.90
6762,2241,164,3,69.89
6763,2241,70,3,47.08
6764,2241,55,2,247.20
6765,2241,183,1,92.22
6766,2241,105,3,27.39
6767,2242,105,3,27.39
6768,2242,47,3,66.78
6769,2242,18,3,293.07
6770,2242,40,2,633.55
6771,2243,188,3,16.87
6772,2244,180,3,109.81
6773,2244,188,4,16.87
6774,2244,153,3,53.97
6775,2244,184,1,93.38
6776,2244,191,1,103.44
6777,2245,98,2,324.18
6778,2245,51,4,23.32
6779,2245,51,3,23.32
6780,2246,131,2,51.37
6781,2247,178,3,39.29
6782,2247,113,1,78.35
6783,2247,97,1,388.13
6784,2247,50,3,237.25
6785,2248,70,2,47.08
6786,2248,114,2,386.72
6787,2249,186,3,118.92
6788,2249,162,1,21.49
6789,2249,57,3,51.30
6790,2250,161,3,9.08
6791,2250,100,3,86.91
6792,2250,90,4,370.03
6793,2250,91,4,265.75
6794,2250,104,1,42.38
6795,2251,149,2,28.06
6796,2251,1,2,500.72
6797,2251,200,1,21.95
6798,2251,67,1,39.92
6799,2252,172,1,66.83
6800,2253,97,2,388.13
6801,2253,132,2,33.38
6802,2253,189,4,57.74
6803,2253,144,2,46.06
6804,2254,51,2,23.32
6805,2254,78,4,92.26
6806,2255,62,4,205.44
6807,2255,36,4,558.56
6808,2255,124,1,44.55
6809,2255,114,2,386.72
6810,2255,194,4,74.31
6811,2256,77,2,28.30
6812,2257,123,4,37.05
6813,2258,172,3,66.83
6814,2259,2,1,239.88
6815,2260,67,1,39.92
6816,2260,138,1,54.31
6817,2260,141,2,44.68
6818,2260,41,1,224.09
6819,2261,56,2,174.98
6820,2261,70,1,47.08
6821,2261,73,2,25.03
6822,2261,59,1,264.27
6823,2262,170,1,16.89
6824,2262,85,1,126.48
6825,2262,108,4,231.27
6826,2262,182,4,100.88
6827,2262,26,2,43.63
6828,2263,83,3,88.66
6829,2263,41,3,224.09
6830,2263,180,2,109.81
6831,2263,74,1,54.80
6832,2263,14,4,750.61
6833,2264,45,2,150.59
6834,2264,118,2,259.42
6835,2264,91,3,265.75
6836,2264,66,4,60.34
6837,2265,101,1,329.79
6838,2265,135,1,53.76
6839,2265,161,4,9.08
6840,2265,87,4,282.19
6841,2266,174,1,114.93
6842,2266,17,4,446.15
6843,2266,178,3,39.29
6844,2266,48,2,206.81
6845,2267,20,1,150.57
6846,2267,127,2,45.09
6847,2268,55,4,247.20
6848,2268,31,3,609.25
6849,2269,16,2,537.37
6850,2269,148,2,42.76
6851,2269,131,1,51.37
6852,2269,119,2,390.51
6853,2269,80,1,253.61
6854,2270,194,1,74.31
6855,2270,19,1,816.54
6856,2270,139,4,26.08
6857,2270,130,4,40.37
6858,2270,37,3,429.72
6859,2271,137,2,16.72
6860,2271,133,3,46.80
6861,2271,146,3,27.35
6862,2271,92,1,391.62
6863,2272,126,2,25.37
6864,2272,161,3,9.08
6865,2272,13,1,522.46
6866,2272,189,4,57.74
6867,2272,27,3,225.51
6868,2273,2,3,239.88
6869,2273,145,4,16.73
6870,2273,92,1,391.62
6871,2273,151,4,53.45
6872,2274,137,4,16.72
6873,2274,198,4,49.14
6874,2274,42,1,81.37
6875,2274,161,1,9.08
6876,2274,57,2,51.30
6877,2275,104,3,42.38
6878,2275,31,2,609.25
6879,2275,127,1,45.09
6880,2275,43,4,30.78
6881,2276,152,1,48.13
6882,2277,108,4,231.27
6883,2277,173,1,93.51
6884,2277,183,2,92.22
6885,2277,2,2,239.88
6886,2278,143,4,59.98
6887,2279,150,4,45.00
6888,2279,35,3,291.27
6889,2280,35,1,291.27
6890,2280,18,3,293.07
6891,2280,150,1,45.00
6892,2281,50,4,237.25
6893,2281,109,3,191.43
6894,2281,196,3,66.42
6895,2282,178,3,39.29
6896,2283,12,1,788.04
6897,2284,86,3,333.64
6898,2285,13,1,522.46
6899,2285,167,4,106.22
6900,2286,24,3,811.59
6901,2286,129,2,31.16
6902,2286,197,4,63.01
6903,2286,27,3,225.51
6904,2287,85,2,126.48
6905,2287,60,1,179.81
6906,2288,29,1,665.28
6907,2288,21,3,540.25
6908,2288,69,3,258.65
6909,2288,84,1,198.78
6910,2288,114,2,386.72
6911,2289,98,1,324.18
6912,2289,9,4,746.78
6913,2290,73,4,25.03
6914,2290,20,1,150.57
6915,2291,38,1,117.99
6916,2291,72,4,207.50
6917,2292,158,4,59.27
6918,2292,160,3,45.74
6919,2292,172,4,66.83
6920,2292,116,3,163.33
6921,2293,161,2,9.08
6922,2293,77,2,28.30
6923,2293,22,1,129.18
6924,2293,166,3,61.71
6925,2293,89,2,183.76
6926,2294,56,3,174.98
6927,2294,197,4,63.01
6928,2295,96,3,48.32
6929,2295,86,3,333.64
6930,2295,118,3,259.42
6931,2295,48,2,206.81
6932,2296,141,2,44.68
6933,2296,50,3,237.25
6934,2296,186,2,118.92
6935,2296,41,1,224.09
6936,2297,193,3,94.03
6937,2298,26,1,43.63
6938,2298,122,2,11.28
6939,2298,126,3,25.37
6940,2298,59,4,264.27
6941,2299,72,3,207.50
6942,2299,42,1,81.37
6943,2300,151,4,53.45
6944,2300,191,3,103.44
6945,2301,16,3,537.37
6946,2302,196,2,66.42
6947,2302,196,4,66.42
6948,2303,4,4,327.69
6949,2303,145,2,16.73
6950,2303,40,3,633.55
6951,2303,26,3,43.63
6952,2303,169,1,96.92
6953,2304,28,3,549.50
6954,2304,24,4,811.59
6955,2304,41,2,224.09
6956,2304,77,3,28.30
6957,2304,198,3,49.14
6958,2305,176,1,24.47
6959,2305,62,4,205.44
6960,2306,58,4,199.52
6961,2306,118,4,259.42
6962,2306,110,2,431.78
6963,2306,26,1,43.63
6964,2307,92,3,391.62
6965,2307,174,1,114.93
6966,2307,184,1,93.38
6967,2307,191,1,103.44
6968,2307,63,4,293.35
6969,2308,26,1,43.63
6970,2308,51,4,23.32
6971,2309,46,3,30.13
6972,2309,116,2,163.33
6973,2310,195,3,97.24
6974,2310,133,3,46.80
6975,2310,126,4,25.37
6976,2310,102,3,17.15
6977,2311,29,3,665.28
6978,2312,117,2,298.11
6979,2312,62,3,205.44
6980,2312,18,1,293.07
6981,2312,123,1,37.05
6982,2312,55,2,247.20
6983,2313,57,2,51.30
6984,2313,79,3,233.68
6985,2313,142,2,36.11
6986,2313,5,4,294.97
6987,2314,178,1,39.29
6988,2314,14,3,750.61
6989,2314,102,4,17.15
6990,2315,28,3,549.50
6991,2315,137,4,16.72
6992,2315,194,1,74.31
6993,2315,99,3,151.45
6994,2316,192,2,14.31
6995,2317,125,3,32.57
6996,2317,15,3,875.17
6997,2318,24,2,811.59
6998,2318,187,4,12.37
6999,2319,42,2,81.37
7000,2319,57,1,51.30
7001,2319,173,1,93.51
7002,2320,152,1,48.13
7003,2321,107,1,368.95
7004,2321,70,4,47.08
7005,2321,165,2,65.60
7006,2321,188,1,16.87
7007,2322,125,1,32.57
7008,2322,30,2,281.92
7009,2323,117,2,298.11
7010,2324,1,4,500.72
7011,2324,8,3,743.01
7012,2324,111,2,295.40
7013,2324,161,2,9.08
7014,2324,164,1,69.89
7015,2325,138,2,54.31
7016,2325,150,4,45.00
7017,2326,78,4,92.26
7018,2326,66,1,60.34
7019,2326,117,1,298.11
7020,2327,167,3,106.22
7021,2327,129,1,31.16
7022,2327,79,2,233.68
7023,2327,47,2,66.78
7024,2328,37,4,429.72
7025,2328,183,2,92.22
7026,2328,174,2,114.93
7027,2328,123,1,37.05
7028,2329,155,1,24.51
7029,2329,178,4,39.29
7030,2329,125,1,32.57
7031,2330,107,3,368.95
7032,2330,1,1,500.72
7033,2330,71,1,271.85
7034,2330,138,4,54.31
7035,2331,150,2,45.00
7036,2331,29,4,665.28
7037,2332,28,4,549.50
7038,2332,155,3,24.51
7039,2332,24,3,811.59
7040,2333,150,3,45.00
7041,2334,80,2,253.61
7042,2334,172,4,66.83
7043,2335,157,4,19.33
7044,2335,184,1,93.38
7045,2335,181,4,13.99
7046,2336,163,4,81.90
7047,2337,154,4,6.98
7048,2338,95,3,418.23
7049,2338,25,2,250.49
7050,2338,53,2,108.74
7051,2339,122,2,11.28
7052,2339,157,4,19.33
7053,2339,178,2,39.29
7054,2340,19,4,816.54
7055,2340,173,1,93.51
7056,2340,66,4,60.34
7057,2341,34,1,426.41
7058,2341,40,2,633.55
7059,2341,197,3,63.01
7060,2341,107,3,368.95
7061,2342,123,1,37.05
7062,2343,189,1,57.74
7063,2343,93,3,318.36
7064,2343,41,3,224.09
7065,2343,17,1,446.15
7066,2344,176,4,24.47
7067,2344,53,1,108.74
7068,2344,160,1,45.74
7069,2345,195,4,97.24
7070,2346,79,3,233.68
7071,2346,32,3,574.26
7072,2346,25,2,250.49
7073,2346,200,3,21.95
7074,2347,87,4,282.19
7075,2348,36,3,558.56
7076,2348,118,2,259.42
7077,2348,111,4,295.40
7078,2348,67,1,39.92
7079,2348,136,3,16.82
7080,2349,161,2,9.08
7081,2349,45,2,150.59
7082,2349,107,4,368.95
7083,2350,8,3,743.01
7084,2351,20,4,150.57
7085,2351,140,1,13.39
7086,2351,99,4,151.45
7087,2352,72,1,207.50
7088,2352,71,4,271.85
7089,2353,20,2,150.57
7090,2353,45,3,150.59
7091,2354,83,2,88.66
7092,2354,157,4,19.33
7093,2354,47,4,66.78
7094,2354,105,1,27.39
7095,2354,60,1,179.81
7096,2355,5,1,294.97
7097,2355,131,4,51.37
7098,2355,111,4,295.40
7099,2355,52,1,47.09
7100,2355,177,2,103.55
7101,2356,158,4,59.27
7102,2356,123,3,37.05
7103,2356,23,1,311.08
7104,2357,69,2,258.65
7105,2357,172,2,66.83
7106,2357,2,2,239.88
7107,2357,148,2,42.76
7108,2358,169,3,96.92
7109,2359,40,3,633.55
7110,2359,152,4,48.13
7111,2359,148,4,42.76
7112,2360,128,4,46.60
7113,2360,60,3,179.81
7114,2361,190,3,109.95
7115,2362,95,3,418.23
7116,2362,23,4,311.08
7117,2362,60,2,179.81
7118,2363,161,1,9.08
7119,2364,195,3,97.24
7120,2365,22,2,129.18
7121,2365,10,3,273.35
7122,2365,15,4,875.17
7123,2366,11,1,691.54
7124,2367,193,4,94.03
7125,2368,81,3,310.43
7126,2369,59,1,264.27
7127,2370,26,2,43.63
7128,2370,194,2,74.31
7129,2370,195,4,97.24
7130,2370,192,3,14.31
7131,2370,181,3,13.99
7132,2371,179,1,29.88
7133,2371,57,3,51.30
7134,2371,31,2,609.25
7135,2372,11,1,691.54
7136,2372,14,4,750.61
7137,2372,108,3,231.27
7138,2372,108,1,231.27
7139,2373,51,4,23.32
7140,2374,105,4,27.39
7141,2374,16,1,537.37
7142,2374,186,1,118.92
7143,2374,98,2,324.18
7144,2375,68,3,104.26
7145,2375,141,1,44.68
7146,2376,126,2,25.37
7147,2376,165,2,65.60
7148,2376,181,3,13.99
7149,2376,98,3,324.18
7150,2376,14,2,750.61
7151,2377,87,4,282.19
7152,2378,164,2,69.89
7153,2378,29,4,665.28
7154,2378,22,3,129.18
7155,2379,14,2,750.61
7156,2379,72,2,207.50
7157,2379,117,3,298.11
7158,2379,23,3,311.08
7159,2379,129,2,31.16
7160,2380,41,1,224.09
7161,2380,157,1,19.33
7162,2381,69,2,258.65
7163,2381,4,3,327.69
7164,2382,58,1,199.52
7165,2382,142,1,36.11
7166,2383,69,4,258.65
7167,2383,153,2,53.97
7168,2383,152,4,48.13
7169,2383,127,2,45.09
7170,2383,175,4,53.39
7171,2384,31,2,609.25
7172,2384,194,2,74.31
7173,2385,117,1,298.11
7174,2385,173,2,93.51
7175,2385,22,2,129.18
7176,2385,102,3,17.15
7177,2385,46,2,30.13
7178,2386,43,4,30.78
7179,2386,43,2,30.78
7180,2387,157,1,19.33
7181,2387,1,3,500.72
7182,2388,84,4,198.78
7183,2388,134,4,19.36
7184,2388,11,1,691.54
7185,2388,124,2,44.55
7186,2389,49,2,182.19
7187,2390,137,3,16.72
7188,2390,157,1,19.33
7189,2391,49,1,182.19
7190,2391,137,2,16.72
7191,2392,19,4,816.54
7192,2392,18,1,293.07
7193,2392,4,3,327.69
7194,2392,37,3,429.72
7195,2392,9,3,746.78
7196,2393,167,3,106.22
7197,2393,52,2,47.09
7198,2394,55,3,247.20
7199,2394,183,3,92.22
7200,2394,146,3,27.35
7201,2394,130,3,40.37
7202,2394,86,3,333.64
7203,2395,40,4,633.55
7204,2395,77,4,28.30
7205,2396,53,3,108.74
7206,2396,11,4,691.54
7207,2396,26,2,43.63
7208,2396,30,2,281.92
7209,2396,104,4,42.38
7210,2397,152,3,48.13
7211,2397,86,2,333.64
7212,2398,200,1,21.95
7213,2398,53,1,108.74
7214,2398,119,3,390.51
7215,2398,113,1,78.35
7216,2399,131,2,51.37
7217,2399,75,2,108.00
7218,2399,153,1,53.97
7219,2399,80,2,253.61
7220,2399,28,3,549.50
7221,2400,155,1,24.51
7222,2401,20,3,150.57
7223,2401,85,4,126.48
7224,2402,157,1,19.33
7225,2402,196,3,66.42
7226,2402,160,4,45.74
7227,2402,31,4,609.25
7228,2402,131,1,51.37
7229,2403,16,1,537.37
7230,2403,40,4,633.55
7231,2403,146,4,27.35
7232,2403,54,2,52.55
7233,2404,62,4,205.44
7234,2404,159,1,26.55
7235,2404,163,3,81.90
7236,2404,42,2,81.37
7237,2404,105,3,27.39
7238,2405,15,2,875.17
7239,2405,91,4,265.75
7240,2405,95,3,418.23
7241,2405,43,3,30.78
7242,2405,86,1,333.64
7243,2406,143,1,59.98
7244,2406,41,3,224.09
7245,2406,141,2,44.68
7246,2407,81,1,310.43
7247,2407,176,2,24.47
7248,2408,41,1,224.09
7249,2409,35,3,291.27
7250,2409,25,3,250.49
7251,2409,30,2,281.92
7252,2409,70,2,47.08
7253,2410,32,1,574.26
7254,2411,85,2,126.48
7255,2411,114,1,386.72
7256,2411,66,3,60.34
7257,2412,114,4,386.72
7258,2412,31,4,609.25
7259,2413,68,4,104.26
7260,2414,96,4,48.32
7261,2414,127,2,45.09
7262,2414,95,4,418.23
7263,2415,72,1,207.50
7264,2415,1,4,500.72
7265,2416,146,1,27.35
7266,2416,117,1,298.11
7267,2416,164,1,69.89
7268,2417,132,4,33.38
7269,2417,48,1,206.81
7270,2418,192,1,14.31
7271,2418,55,2,247.20
7272,2418,34,4,426.41
7273,2418,129,3,31.16
7274,2419,12,1,788.04
7275,2419,11,4,691.54
7276,2419,3,3,136.62
7277,2420,108,2,231.27
7278,2420,164,4,69.89
7279,2421,17,2,446.15
7280,2421,21,4,540.25
7281,2422,42,3,81.37
7282,2422,169,1,96.92
7283,2422,5,3,294.97
7284,2422,66,1,60.34
7285,2422,16,4,537.37
7286,2423,125,4,32.57
7287,2423,56,2,174.98
7288,2423,105,2,27.39
7289,2424,22,1,129.18
7290,2424,9,1,746.78
7291,2424,155,1,24.51
7292,2425,82,4,164.45
7293,2425,122,4,11.28
7294,2425,91,4,265.75
7295,2426,124,3,44.55
7296,2426,163,1,81.90
7297,2426,57,4,51.30
7298,2426,111,4,295.40
7299,2426,8,1,743.01
7300,2427,122,1,11.28
7301,2427,93,1,318.36
7302,2427,28,4,549.50
7303,2427,34,3,426.41
7304,2428,95,3,418.23
7305,2428,16,2,537.37
7306,2428,43,3,30.78
7307,2428,18,3,293.07
7308,2428,200,3,21.95
7309,2429,57,4,51.30
7310,2429,160,2,45.74
7311,2429,135,2,53.76
7312,2429,90,2,370.03
7313,2430,47,2,66.78
7314,2430,86,4,333.64
7315,2430,186,3,118.92
7316,2430,51,4,23.32
7317,2431,103,4,258.65
7318,2431,184,1,93.38
7319,2432,55,3,247.20
7320,2432,35,2,291.27
7321,2433,152,4,48.13
7322,2434,3,1,136.62
7323,2434,63,2,293.35
7324,2434,155,3,24.51
7325,2435,124,3,44.55
7326,2436,136,2,16.82
7327,2436,49,1,182.19
7328,2436,82,1,164.45
7329,2436,141,1,44.68
7330,2437,112,1,307.14
7331,2438,198,2,49.14
7332,2438,36,2,558.56
7333,2439,113,3,78.35
7334,2439,68,2,104.26
7335,2440,107,2,368.95
7336,2441,4,3,327.69
7337,2441,18,2,293.07
7338,2441,148,2,42.76
7339,2441,74,4,54.80
7340,2441,34,2,426.41
7341,2442,196,4,66.42
7342,2442,51,3,23.32
7343,2442,144,2,46.06
7344,2443,108,2,231.27
7345,2443,114,3,386.72
7346,2444,68,1,104.26
7347,2445,181,2,13.99
7348,2445,119,4,390.51
7349,2445,173,2,93.51
7350,2445,39,1,380.34
7351,2446,169,3,96.92
7352,2447,3,4,136.62
7353,2447,53,4,108.74
7354,2447,140,4,13.39
7355,2447,95,3,418.23
7356,2448,114,4,386.72
7357,2448,8,2,743.01
7358,2448,67,3,39.92
7359,2449,184,2,93.38
7360,2450,184,4,93.38
7361,2450,133,1,46.80
7362,2450,200,4,21.95
7363,2450,139,3,26.08
7364,2450,134,3,19.36
7365,2451,48,1,206.81
7366,2451,52,1,47.09
7367,2451,24,2,811.59
7368,2452,141,1,44.68
7369,2453,191,2,103.44
7370,2453,144,3,46.06
7371,2453,174,3,114.93
7372,2453,57,2,51.30
7373,2453,115,3,308.68
7374,2454,141,3,44.68
7375,2454,59,3,264.27
7376,2454,34,4,426.41
7377,2455,60,2,179.81
7378,2455,52,3,47.09
7379,2456,79,4,233.68
7380,2456,186,2,118.92
7381,2456,159,3,26.55
7382,2456,168,2,4.90
7383,2457,70,3,47.08
7384,2458,161,3,9.08
7385,2459,181,4,13.99
7386,2459,65,2,153.24
7387,2460,121,3,40.24
7388,2460,74,2,54.80
7389,2460,153,1,53.97
7390,2460,94,3,281.05
7391,2461,176,3,24.47
7392,2461,76,1,248.97
7393,2461,41,4,224.09
7394,2461,19,1,816.54
7395,2461,6,2,871.62
7396,2462,63,1,293.35
7397,2463,86,2,333.64
7398,2463,182,3,100.88
7399,2463,30,4,281.92
7400,2464,85,2,126.48
7401,2464,195,4,97.24
7402,2464,50,1,237.25
7403,2465,94,3,281.05
7404,2465,100,3,86.91
7405,2465,190,3,109.95
7406,2465,98,4,324.18
7407,2465,24,4,811.59
7408,2466,38,4,117.99
7409,2466,179,1,29.88
7410,2466,113,3,78.35
7411,2467,36,2,558.56
7412,2467,11,2,691.54
7413,2468,190,3,109.95
7414,2468,72,2,207.50
7415,2469,162,2,21.49
7416,2469,39,1,380.34
7417,2469,25,2,250.49
7418,2469,67,2,39.92
7419,2470,18,4,293.07
7420,2471,86,3,333.64
7421,2471,153,4,53.97
7422,2471,124,3,44.55
7423,2471,134,4,19.36
7424,2471,31,4,609.25
7425,2472,85,3,126.48
7426,2472,23,3,311.08
7427,2472,182,2,100.88
7428,2472,18,4,293.07
7429,2472,40,2,633.55
7430,2473,107,4,368.95
7431,2473,45,4,150.59
7432,2473,109,3,191.43
7433,2473,103,4,258.65
7434,2473,137,4,16.72
7435,2474,22,4,129.18
7436,2474,17,4,446.15
7437,2474,173,4,93.51
7438,2474,177,1,103.55
7439,2474,65,2,153.24
7440,2475,126,2,25.37
7441,2475,175,4,53.39
7442,2476,129,4,31.16
7443,2476,42,4,81.37
7444,2476,86,3,333.64
7445,2477,104,2,42.38
7446,2477,200,3,21.95
7447,2477,178,3,39.29
7448,2477,107,4,368.95
7449,2478,49,4,182.19
7450,2478,129,3,31.16
7451,2478,200,2,21.95
7452,2478,54,2,52.55
7453,2478,182,4,100.88
7454,2479,35,2,291.27
7455,2479,192,4,14.31
7456,2479,59,3,264.27
7457,2479,123,1,37.05
7458,2480,69,4,258.65
7459,2480,71,2,271.85
7460,2480,179,3,29.88
7461,2480,126,1,25.37
7462,2481,100,4,86.91
7463,2481,138,2,54.31
7464,2481,84,3,198.78
7465,2482,70,2,47.08
7466,2482,164,4,69.89
7467,2482,176,3,24.47
7468,2482,141,2,44.68
7469,2483,170,3,16.89
7470,2483,69,1,258.65
7471,2483,192,4,14.31
7472,2483,82,1,164.45
7473,2484,87,2,282.19
7474,2485,2,3,239.88
7475,2486,132,2,33.38
7476,2487,175,1,53.39
7477,2488,105,3,27.39
7478,2488,30,4,281.92
7479,2489,55,3,247.20
7480,2489,137,2,16.72
7481,2489,154,1,6.98
7482,2489,32,2,574.26
7483,2489,106,3,377.39
7484,2490,137,2,16.72
7485,2490,79,1,233.68
7486,2490,110,2,431.78
7487,2491,138,2,54.31
7488,2491,8,1,743.01
7489,2491,182,1,100.88
7490,2491,57,3,51.30
7491,2491,36,3,558.56
7492,2492,108,1,231.27
7493,2492,188,4,16.87
7494,2492,25,3,250.49
7495,2493,29,2,665.28
7496,2493,75,2,108.00
7497,2493,14,1,750.61
7498,2493,108,2,231.27
7499,2493,30,2,281.92
7500,2494,6,4,871.62
7501,2494,91,2,265.75
7502,2494,113,3,78.35
7503,2494,142,1,36.11
7504,2494,189,1,57.74
7505,2495,198,1,49.14
7506,2495,64,1,50.42
7507,2495,53,2,108.74
7508,2495,14,4,750.61
7509,2496,163,1,81.90
7510,2496,55,1,247.20
7511,2497,198,2,49.14
7512,2497,41,4,224.09
7513,2498,59,2,264.27
7514,2499,55,1,247.20
7515,2499,37,2,429.72
7516,2499,164,1,69.89
7517,2499,50,4,237.25
7518,2499,103,4,258.65
7519,2500,42,2,81.37
7520,2501,196,1,66.42
7521,2501,168,2,4.90
7522,2501,187,1,12.37
7523,2502,125,1,32.57
7524,2502,31,3,609.25
7525,2502,104,3,42.38
7526,2503,108,2,231.27
7527,2503,130,4,40.37
7528,2503,48,2,206.81
7529,2503,169,3,96.92
7530,2504,20,1,150.57
7531,2505,76,3,248.97
7532,2505,161,3,9.08
7533,2505,90,1,370.03
7534,2506,184,2,93.38
7535,2506,103,4,258.65
7536,2507,27,2,225.51
7537,2507,44,4,168.63
7538,2508,43,3,30.78
7539,2509,187,2,12.37
7540,2510,166,1,61.71
7541,2510,153,3,53.97
7542,2511,115,2,308.68
7543,2511,150,4,45.00
7544,2511,62,1,205.44
7545,2511,4,4,327.69
7546,2512,126,1,25.37
7547,2512,102,4,17.15
7548,2513,101,1,329.79
7549,2514,185,3,4.70
7550,2514,103,4,258.65
7551,2514,99,2,151.45
7552,2515,17,3,446.15
7553,2515,122,2,11.28
7554,2516,86,3,333.64
7555,2516,65,3,153.24
7556,2517,170,4,16.89
7557,2518,17,3,446.15
7558,2518,4,4,327.69
7559,2518,182,1,100.88
7560,2518,78,4,92.26
7561,2518,6,2,871.62
7562,2519,121,4,40.24
7563,2519,186,1,118.92
7564,2519,123,2,37.05
7565,2520,51,3,23.32
7566,2521,189,1,57.74
7567,2521,32,2,574.26
7568,2521,20,1,150.57
7569,2521,159,1,26.55
7570,2521,42,4,81.37
7571,2522,195,1,97.24
7572,2522,114,1,386.72
7573,2522,154,3,6.98
7574,2522,96,3,48.32
7575,2523,34,2,426.41
7576,2523,39,1,380.34
7577,2523,168,4,4.90
7578,2523,170,1,16.89
7579,2524,4,3,327.69
7580,2524,13,2,522.46
7581,2524,180,4,109.81
7582,2524,137,2,16.72
7583,2524,22,2,129.18
7584,2525,45,3,150.59
7585,2525,153,4,53.97
7586,2525,17,2,446.15
7587,2525,138,2,54.31
7588,2525,80,4,253.61
7589,2526,59,1,264.27
7590,2526,176,1,24.47
7591,2527,133,1,46.80
7592,2527,55,3,247.20
7593,2528,91,3,265.75
7594,2529,196,2,66.42
7595,2529,57,4,51.30
7596,2529,178,3,39.29
7597,2529,183,3,92.22
7598,2530,170,4,16.89
7599,2530,43,4,30.78
7600,2530,196,2,66.42
7601,2530,117,1,298.11
7602,2531,111,4,295.40
7603,2531,159,4,26.55
7604,2531,54,4,52.55
7605,2531,182,2,100.88
7606,2532,194,3,74.31
7607,2532,132,1,33.38
7608,2532,159,4,26.55
7609,2532,100,2,86.91
7610,2532,8,3,743.01
7611,2533,133,3,46.80
7612,2533,46,3,30.13
7613,2534,93,2,318.36
7614,2534,170,1,16.89
7615,2534,77,4,28.30
7616,2534,114,2,386.72
7617,2535,200,4,21.95
7618,2535,12,2,788.04
7619,2535,192,3,14.31
7620,2535,195,3,97.24
7621,2536,108,3,231.27
7622,2536,131,4,51.37
7623,2536,97,2,388.13
7624,2536,180,2,109.81
7625,2536,25,2,250.49
7626,2537,10,2,273.35
7627,2537,70,3,47.08
7628,2537,104,3,42.38
7629,2537,57,3,51.30
7630,2538,135,1,53.76
7631,2538,174,2,114.93
7632,2539,92,1,391.62
7633,2539,186,4,118.92
7634,2539,69,1,258.65
7635,2539,174,3,114.93
7636,2540,167,3,106.22
7637,2540,76,4,248.97
7638,2540,198,1,49.14
7639,2540,57,3,51.30
7640,2540,133,1,46.80
7641,2541,146,4,27.35
7642,2541,20,3,150.57
7643,2541,200,1,21.95
7644,2541,82,4,164.45
7645,2542,3,3,136.62
7646,2543,193,1,94.03
7647,2543,130,1,40.37
7648,2543,57,2,51.30
7649,2543,9,3,746.78
7650,2543,57,1,51.30
7651,2544,144,4,46.06
7652,2544,172,3,66.83
7653,2544,155,1,24.51
7654,2544,113,4,78.35
7655,2545,141,2,44.68
7656,2546,157,3,19.33
7657,2546,161,1,9.08
7658,2546,10,1,273.35
7659,2546,141,3,44.68
7660,2546,109,1,191.43
7661,2547,72,3,207.50
7662,2547,136,3,16.82
7663,2547,188,4,16.87
7664,2547,64,4,50.42
7665,2548,122,2,11.28
7666,2548,94,1,281.05
7667,2548,139,1,26.08
7668,2549,168,3,4.90
7669,2549,137,2,16.72
7670,2549,150,4,45.00
7671,2550,154,1,6.98
7672,2550,170,4,16.89
7673,2550,101,3,329.79
7674,2550,71,2,271.85
7675,2551,102,1,17.15
7676,2551,43,4,30.78
7677,2552,111,4,295.40
7678,2552,117,2,298.11
7679,2552,9,4,746.78
7680,2552,55,1,247.20
7681,2553,192,1,14.31
7682,2554,155,4,24.51
7683,2554,130,3,40.37
7684,2555,24,2,811.59
7685,2555,151,2,53.45
7686,2555,91,3,265.75
7687,2556,57,2,51.30
7688,2556,99,3,151.45
7689,2556,141,1,44.68
7690,2556,141,4,44.68
7691,2557,186,1,118.92
7692,2557,144,2,46.06
7693,2558,98,1,324.18
7694,2559,119,1,390.51
7695,2559,152,2,48.13
7696,2560,106,4,377.39
7697,2560,78,1,92.26
7698,2560,37,2,429.72
7699,2560,156,4,47.44
7700,2560,55,1,247.20
7701,2561,133,2,46.80
7702,2562,56,4,174.98
7703,2563,13,4,522.46
7704,2563,64,4,50.42
7705,2563,116,1,163.33
7706,2563,190,2,109.95
7707,2563,51,4,23.32
7708,2564,37,3,429.72
7709,2564,150,3,45.00
7710,2564,54,4,52.55
7711,2565,19,1,816.54
7712,2565,17,4,446.15
7713,2565,153,3,53.97
7714,2566,40,3,633.55
7715,2567,177,2,103.55
7716,2567,25,2,250.49
7717,2567,116,1,163.33
7718,2567,99,4,151.45
7719,2567,64,2,50.42
7720,2568,153,1,53.97
7721,2568,51,2,23.32
7722,2568,48,4,206.81
7723,2568,78,3,92.26
7724,2569,101,1,329.79
7725,2569,15,4,875.17
7726,2569,189,3,57.74
7727,2570,86,1,333.64
7728,2570,76,4,248.97
7729,2571,155,2,24.51
7730,2571,123,4,37.05
7731,2571,124,2,44.55
7732,2571,21,2,540.25
7733,2571,39,1,380.34
7734,2572,80,1,253.61
7735,2573,13,3,522.46
7736,2573,113,4,78.35
7737,2573,118,3,259.42
7738,2574,152,4,48.13
7739,2574,18,4,293.07
7740,2574,79,2,233.68
7741,2574,196,3,66.42
7742,2575,184,1,93.38
7743,2575,56,4,174.98
7744,2575,86,3,333.64
7745,2576,134,4,19.36
7746,2576,105,4,27.39
7747,2576,154,3,6.98
7748,2577,87,3,282.19
7749,2577,196,4,66.42
7750,2577,131,3,51.37
7751,2577,129,2,31.16
7752,2577,49,3,182.19
7753,2578,183,1,92.22
7754,2578,32,3,574.26
7755,2578,165,3,65.60
7756,2579,131,3,51.37
7757,2579,103,1,258.65
7758,2579,106,2,377.39
7759,2580,172,1,66.83
7760,2580,22,2,129.18
7761,2580,86,1,333.64
7762,2581,125,1,32.57
7763,2581,114,4,386.72
7764,2581,193,2,94.03
7765,2581,183,3,92.22
7766,2582,55,4,247.20
7767,2582,5,2,294.97
7768,2583,110,2,431.78
7769,2583,110,1,431.78
7770,2584,173,2,93.51
7771,2584,144,4,46.06
7772,2584,107,2,368.95
7773,2584,167,2,106.22
7774,2585,95,3,418.23
7775,2585,80,2,253.61
7776,2585,109,1,191.43
7777,2585,170,2,16.89
7778,2585,91,2,265.75
7779,2586,38,1,117.99
7780,2586,2,4,239.88
7781,2586,77,1,28.30
7782,2587,30,2,281.92
7783,2587,193,2,94.03
7784,2588,73,1,25.03
7785,2588,40,4,633.55
7786,2588,41,3,224.09
7787,2588,80,1,253.61
7788,2589,87,2,282.19
7789,2589,106,4,377.39
7790,2589,26,4,43.63
7791,2589,177,2,103.55
7792,2589,131,3,51.37
7793,2590,180,2,109.81
7794,2590,170,3,16.89
7795,2591,104,4,42.38
7796,2591,170,2,16.89
7797,2591,89,4,183.76
7798,2591,131,3,51.37
7799,2592,80,3,253.61
7800,2592,179,3,29.88
7801,2592,36,3,558.56
7802,2593,100,3,86.91
7803,2594,107,4,368.95
7804,2594,140,4,13.39
7805,2594,64,3,50.42
7806,2595,70,3,47.08
7807,2595,41,1,224.09
7808,2595,106,1,377.39
7809,2595,95,4,418.23
7810,2595,150,2,45.00
7811,2596,23,1,311.08
7812,2596,172,4,66.83
7813,2596,150,1,45.00
7814,2596,134,3,19.36
7815,2597,112,3,307.14
7816,2597,30,2,281.92
7817,2597,151,3,53.45
7818,2598,123,1,37.05
7819,2598,193,1,94.03
7820,2598,35,3,291.27
7821,2598,109,3,191.43
7822,2598,24,3,811.59
7823,2599,144,3,46.06
7824,2599,158,4,59.27
7825,2599,128,3,46.60
7826,2599,137,2,16.72
7827,2599,85,3,126.48
7828,2600,112,4,307.14
7829,2600,185,1,4.70
7830,2600,95,2,418.23
7831,2600,113,3,78.35
7832,2600,134,3,19.36
7833,2601,9,4,746.78
7834,2601,3,3,136.62
7835,2601,29,1,665.28
7836,2601,160,1,45.74
7837,2602,96,3,48.32
7838,2603,122,1,11.28
7839,2603,72,2,207.50
7840,2604,152,4,48.13
7841,2605,39,3,380.34
7842,2605,132,2,33.38
7843,2606,191,2,103.44
7844,2606,154,1,6.98
7845,2606,53,3,108.74
7846,2606,42,3,81.37
7847,2606,18,2,293.07
7848,2607,10,2,273.35
7849,2607,103,4,258.65
7850,2608,29,4,665.28
7851,2608,141,1,44.68
7852,2608,145,3,16.73
7853,2609,80,4,253.61
7854,2610,20,4,150.57
7855,2611,52,3,47.09
7856,2611,89,1,183.76
7857,2611,79,4,233.68
7858,2611,35,4,291.27
7859,2611,3,1,136.62
7860,2612,119,2,390.51
7861,2612,144,2,46.06
7862,2612,146,2,27.35
7863,2612,186,1,118.92
7864,2613,83,2,88.66
7865,2613,121,3,40.24
7866,2614,23,3,311.08
7867,2614,11,3,691.54
7868,2614,19,4,816.54
7869,2614,71,2,271.85
7870,2615,193,4,94.03
7871,2615,34,2,426.41
7872,2615,19,1,816.54
7873,2615,178,1,39.29
7874,2616,43,1,30.78
7875,2616,114,2,386.72
7876,2617,157,2,19.33
7877,2617,89,2,183.76
7878,2617,112,2,307.14
7879,2618,78,4,92.26
7880,2618,70,1,47.08
7881,2618,109,3,191.43
7882,2619,43,2,30.78
7883,2619,103,1,258.65
7884,2619,67,3,39.92
7885,2620,153,3,53.97
7886,2620,103,2,258.65
7887,2620,75,1,108.00
7888,2620,145,4,16.73
7889,2621,181,4,13.99
7890,2622,42,2,81.37
7891,2623,75,3,108.00
7892,2624,130,1,40.37
7893,2624,15,4,875.17
7894,2625,51,2,23.32
7895,2625,155,1,24.51
7896,2625,30,3,281.92
7897,2625,34,2,426.41
7898,2625,198,2,49.14
7899,2626,154,3,6.98
7900,2626,69,4,258.65
7901,2626,26,4,43.63
7902,2626,24,2,811.59
7903,2626,158,4,59.27
7904,2627,83,3,88.66
7905,2628,93,3,318.36
7906,2629,2,4,239.88
7907,2629,131,1,51.37
7908,2630,87,3,282.19
7909,2630,157,3,19.33
7910,2630,128,4,46.60
7911,2630,130,2,40.37
7912,2631,37,3,429.72
7913,2631,140,4,13.39
7914,2631,145,1,16.73
7915,2632,43,3,30.78
7916,2632,116,3,163.33
7917,2632,13,3,522.46
7918,2632,14,4,750.61
7919,2632,49,1,182.19
7920,2633,73,2,25.03
7921,2634,75,1,108.00
7922,2634,96,1,48.32
7923,2634,168,2,4.90
7924,2634,48,1,206.81
7925,2634,24,1,811.59
7926,2635,47,2,66.78
7927,2636,55,3,247.20
7928,2636,198,2,49.14
7929,2636,79,4,233.68
7930,2637,71,3,271.85
7931,2637,53,4,108.74
7932,2638,44,1,168.63
7933,2638,9,2,746.78
7934,2638,193,4,94.03
7935,2638,35,2,291.27
7936,2639,59,3,264.27
7937,2639,115,1,308.68
7938,2639,96,1,48.32
7939,2640,132,4,33.38
7940,2640,141,2,44.68
7941,2640,35,4,291.27
7942,2640,186,2,118.92
7943,2640,62,4,205.44
7944,2641,143,2,59.98
7945,2641,55,4,247.20
7946,2641,155,1,24.51
7947,2642,164,3,69.89
7948,2642,150,1,45.00
7949,2643,1,2,500.72
7950,2644,158,4,59.27
7951,2645,136,3,16.82
7952,2645,193,3,94.03
7953,2646,181,2,13.99
7954,2646,48,2,206.81
7955,2646,36,4,558.56
7956,2646,129,2,31.16
7957,2646,50,3,237.25
7958,2647,8,4,743.01
7959,2647,106,2,377.39
7960,2647,146,2,27.35
7961,2647,19,3,816.54
7962,2648,157,3,19.33
7963,2648,90,2,370.03
7964,2648,130,3,40.37
7965,2648,102,4,17.15
7966,2648,51,4,23.32
7967,2649,137,2,16.72
7968,2649,10,2,273.35
7969,2649,187,1,12.37
7970,2649,170,2,16.89
7971,2650,158,3,59.27
7972,2650,89,1,183.76
7973,2650,86,4,333.64
7974,2650,79,2,233.68
7975,2651,114,1,386.72
7976,2651,30,1,281.92
7977,2652,45,2,150.59
7978,2653,187,1,12.37
7979,2654,75,3,108.00
7980,2655,146,2,27.35
7981,2655,73,2,25.03
7982,2655,85,1,126.48
7983,2656,101,4,329.79
7984,2656,2,2,239.88
7985,2656,125,2,32.57
7986,2656,29,3,665.28
7987,2656,50,4,237.25
7988,2657,22,2,129.18
7989,2658,159,3,26.55
7990,2658,67,4,39.92
7991,2658,158,2,59.27
7992,2658,87,2,282.19
7993,2659,143,1,59.98
7994,2659,24,3,811.59
7995,2659,123,4,37.05
7996,2659,166,4,61.71
7997,2659,112,2,307.14
7998,2660,89,4,183.76
7999,2660,111,1,295.40
8000,2660,77,4,28.30
8001,2660,174,4,114.93
8002,2660,5,4,294.97
8003,2661,84,2,198.78
8004,2661,135,2,53.76
8005,2661,41,2,224.09
8006,2661,30,4,281.92
8007,2662,112,3,307.14
8008,2663,81,4,310.43
8009,2663,181,4,13.99
8010,2663,71,1,271.85
8011,2663,98,3,324.18
8012,2664,50,1,237.25
8013,2664,122,2,11.28
8014,2665,191,4,103.44
8015,2665,110,3,431.78
8016,2665,78,4,92.26
8017,2665,158,3,59.27
8018,2665,165,3,65.60
8019,2666,75,4,108.00
8020,2666,127,3,45.09
8021,2666,146,1,27.35
8022,2667,118,2,259.42
8023,2667,104,3,42.38
8024,2667,160,1,45.74
8025,2667,47,2,66.78
8026,2667,82,3,164.45
8027,2668,28,1,549.50
8028,2668,97,4,388.13
8029,2669,90,1,370.03
8030,2669,25,1,250.49
8031,2669,144,3,46.06
8032,2670,104,3,42.38
8033,2670,137,4,16.72
8034,2670,160,1,45.74
8035,2670,29,2,665.28
8036,2671,124,3,44.55
8037,2671,28,3,549.50
8038,2672,185,1,4.70
8039,2672,151,4,53.45
8040,2672,194,4,74.31
8041,2672,131,3,51.37
8042,2673,126,1,25.37
8043,2673,103,2,258.65
8044,2673,32,3,574.26
8045,2673,182,4,100.88
8046,2674,34,2,426.41
8047,2674,49,1,182.19
8048,2675,144,3,46.06
8049,2675,78,4,92.26
8050,2675,62,4,205.44
8051,2676,31,3,609.25
8052,2677,50,1,237.25
8053,2677,13,3,522.46
8054,2677,156,3,47.44
8055,2678,112,2,307.14
8056,2678,133,1,46.80
8057,2678,77,2,28.30
8058,2678,39,4,380.34
8059,2679,118,1,259.42
8060,2679,142,3,36.11
8061,2679,73,4,25.03
8062,2679,176,1,24.47
8063,2680,80,1,253.61
8064,2680,92,3,391.62
8065,2680,99,2,151.45
8066,2681,196,2,66.42
8067,2682,99,3,151.45
8068,2683,15,1,875.17
8069,2683,32,4,574.26
8070,2684,15,4,875.17
8071,2684,76,1,248.97
8072,2684,102,1,17.15
8073,2685,59,1,264.27
8074,2685,95,1,418.23
8075,2685,200,4,21.95
8076,2686,180,3,109.81
8077,2686,111,4,295.40
8078,2687,99,4,151.45
8079,2687,169,1,96.92
8080,2687,78,1,92.26
8081,2688,169,3,96.92
8082,2689,59,1,264.27
8083,2690,115,4,308.68
8084,2690,122,2,11.28
8085,2690,57,2,51.30
8086,2690,84,1,198.78
8087,2690,59,2,264.27
8088,2691,1,2,500.72
8089,2691,65,1,153.24
8090,2692,151,2,53.45
8091,2692,185,2,4.70
8092,2692,135,1,53.76
8093,2693,114,2,386.72
8094,2693,66,2,60.34
8095,2693,47,1,66.78
8096,2693,49,2,182.19
8097,2694,50,3,237.25
8098,2694,67,4,39.92
8099,2695,158,4,59.27
8100,2695,36,2,558.56
8101,2695,9,3,746.78
8102,2695,155,2,24.51
8103,2696,70,2,47.08
8104,2696,175,1,53.39
8105,2696,19,4,816.54
8106,2696,53,1,108.74
8107,2696,10,4,273.35
8108,2697,67,4,39.92
8109,2697,142,3,36.11
8110,2697,172,3,66.83
8111,2698,167,1,106.22
8112,2698,43,2,30.78
8113,2698,65,1,153.24
8114,2699,200,2,21.95
8115,2699,40,3,633.55
8116,2699,82,1,164.45
8117,2699,118,3,259.42
8118,2699,127,3,45.09
8119,2700,189,3,57.74
8120,2700,24,3,811.59
8121,2700,177,2,103.55
8122,2701,70,2,47.08
8123,2701,69,2,258.65
8124,2701,65,1,153.24
8125,2701,81,2,310.43
8126,2701,12,1,788.04
8127,2702,13,4,522.46
8128,2702,64,2,50.42
8129,2702,58,4,199.52
8130,2702,189,4,57.74
8131,2703,145,2,16.73
8132,2703,72,3,207.50
8133,2703,75,4,108.00
8134,2704,64,2,50.42
8135,2705,194,2,74.31
8136,2706,182,4,100.88
8137,2706,8,4,743.01
8138,2706,179,2,29.88
8139,2706,26,4,43.63
8140,2707,180,4,109.81
8141,2708,100,4,86.91
8142,2708,138,1,54.31
8143,2708,191,3,103.44
8144,2708,145,3,16.73
8145,2709,141,4,44.68
8146,2709,6,4,871.62
8147,2709,192,4,14.31
8148,2709,31,2,609.25
8149,2709,117,2,298.11
8150,2710,100,1,86.91
8151,2710,40,4,633.55
8152,2710,14,4,750.61
8153,2711,57,2,51.30
8154,2712,29,2,665.28
8155,2712,75,1,108.00
8156,2712,101,4,329.79
8157,2712,108,1,231.27
8158,2713,141,3,44.68
8159,2713,124,4,44.55
8160,2713,166,1,61.71
8161,2713,12,2,788.04
8162,2714,6,4,871.62
8163,2714,5,2,294.97
8164,2714,123,3,37.05
8165,2715,111,4,295.40
8166,2715,188,1,16.87
8167,2715,123,4,37.05
8168,2715,10,3,273.35
8169,2715,200,1,21.95
8170,2716,97,3,388.13
8171,2716,112,1,307.14
8172,2717,144,3,46.06
8173,2717,195,1,97.24
8174,2717,87,4,282.19
8175,2717,66,1,60.34
8176,2717,64,2,50.42
8177,2718,103,1,258.65
8178,2718,6,1,871.62
8179,2718,78,1,92.26
8180,2718,74,4,54.80
8181,2719,71,3,271.85
8182,2720,85,4,126.48
8183,2720,134,3,19.36
8184,2720,117,4,298.11
8185,2720,163,4,81.90
8186,2721,163,3,81.90
8187,2721,188,1,16.87
8188,2721,79,3,233.68
8189,2721,17,3,446.15
8190,2722,177,3,103.55
8191,2722,149,2,28.06
8192,2722,78,1,92.26
8193,2723,118,1,259.42
8194,2724,31,3,609.25
8195,2724,182,1,100.88
8196,2724,153,2,53.97
8197,2724,49,4,182.19
8198,2725,191,1,103.44
8199,2725,39,4,380.34
8200,2726,103,4,258.65
8201,2726,58,3,199.52
8202,2726,123,2,37.05
8203,2726,65,3,153.24
8204,2727,168,3,4.90
8205,2727,108,2,231.27
8206,2728,95,4,418.23
8207,2728,15,2,875.17
8208,2728,69,4,258.65
8209,2728,100,4,86.91
8210,2729,129,2,31.16
8211,2729,117,4,298.11
8212,2730,52,4,47.09
8213,2731,118,2,259.42
8214,2731,196,3,66.42
8215,2731,170,4,16.89
8216,2731,36,2,558.56
8217,2731,50,2,237.25
8218,2732,176,1,24.47
8219,2732,49,2,182.19
8220,2732,159,2,26.55
8221,2733,57,2,51.30
8222,2733,144,1,46.06
8223,2733,77,1,28.30
8224,2734,56,3,174.98
8225,2734,200,3,21.95
8226,2734,156,3,47.44
8227,2735,135,2,53.76
8228,2735,62,3,205.44
8229,2736,58,4,199.52
8230,2736,45,2,150.59
8231,2736,107,4,368.95
8232,2736,175,1,53.39
8233,2737,148,3,42.76
8234,2737,13,4,522.46
8235,2737,8,2,743.01
8236,2737,182,4,100.88
8237,2738,98,2,324.18
8238,2738,92,1,391.62
8239,2739,182,1,100.88
8240,2739,187,3,12.37
8241,2739,92,3,391.62
8242,2739,18,4,293.07
8243,2740,154,1,6.98
8244,2741,67,4,39.92
8245,2741,111,4,295.40
8246,2741,74,2,54.80
8247,2741,170,1,16.89
8248,2742,136,1,16.82
8249,2742,125,4,32.57
8250,2742,190,4,109.95
8251,2742,71,4,271.85
8252,2743,145,1,16.73
8253,2743,127,3,45.09
8254,2743,38,1,117.99
8255,2743,188,2,16.87
8256,2743,125,2,32.57
8257,2744,65,4,153.24
8258,2744,28,4,549.50
8259,2745,134,4,19.36
8260,2745,112,3,307.14
8261,2745,52,1,47.09
8262,2745,194,4,74.31
8263,2746,12,4,788.04
8264,2746,58,4,199.52
8265,2747,123,3,37.05
8266,2747,197,2,63.01
8267,2747,91,4,265.75
8268,2747,17,4,446.15
8269,2748,124,3,44.55
8270,2748,161,3,9.08
8271,2748,29,3,665.28
8272,2748,128,4,46.60
8273,2748,95,2,418.23
8274,2749,185,2,4.70
8275,2749,19,4,816.54
8276,2749,150,4,45.00
8277,2750,168,1,4.90
8278,2751,94,2,281.05
8279,2752,161,3,9.08
8280,2752,145,2,16.73
8281,2752,146,1,27.35
8282,2752,100,2,86.91
8283,2752,185,2,4.70
8284,2753,22,3,129.18
8285,2753,42,4,81.37
8286,2753,183,4,92.22
8287,2754,122,4,11.28
8288,2754,90,2,370.03
8289,2754,144,2,46.06
8290,2754,101,4,329.79
8291,2754,96,1,48.32
8292,2755,160,4,45.74
8293,2756,109,1,191.43
8294,2757,75,4,108.00
8295,2757,86,4,333.64
8296,2758,42,1,81.37
8297,2758,128,2,46.60
8298,2758,109,2,191.43
8299,2758,149,1,28.06
8300,2758,118,3,259.42
8301,2759,198,3,49.14
8302,2760,121,3,40.24
8303,2760,133,1,46.80
8304,2760,177,2,103.55
8305,2760,70,2,47.08
8306,2761,123,2,37.05
8307,2761,92,3,391.62
8308,2761,82,3,164.45
8309,2761,187,1,12.37
8310,2762,169,1,96.92
8311,2762,183,2,92.22
8312,2762,145,2,16.73
8313,2763,185,4,4.70
8314,2763,47,4,66.78
8315,2763,24,1,811.59
8316,2764,195,4,97.24
8317,2764,76,3,248.97
8318,2764,184,2,93.38
8319,2765,108,1,231.27
8320,2765,35,1,291.27
8321,2765,140,1,13.39
8322,2766,193,1,94.03
8323,2766,117,2,298.11
8324,2766,107,3,368.95
8325,2766,175,3,53.39
8326,2767,30,1,281.92
8327,2768,32,4,574.26
8328,2768,75,1,108.00
8329,2768,73,1,25.03
8330,2768,100,2,86.91
8331,2769,15,3,875.17
8332,2770,135,3,53.76
8333,2770,178,1,39.29
8334,2770,39,2,380.34
8335,2771,108,3,231.27
8336,2771,113,3,78.35
8337,2771,190,2,109.95
8338,2771,178,1,39.29
8339,2771,21,1,540.25
8340,2772,139,2,26.08
8341,2773,81,1,310.43
8342,2773,41,4,224.09
8343,2773,162,1,21.49
8344,2774,148,1,42.76
8345,2774,79,3,233.68
8346,2774,13,4,522.46
8347,2774,136,3,16.82
8348,2775,34,1,426.41
8349,2775,51,4,23.32
8350,2775,108,1,231.27
8351,2775,20,4,150.57
8352,2775,85,4,126.48
8353,2776,70,4,47.08
8354,2777,23,2,311.08
8355,2778,105,4,27.39
8356,2778,158,3,59.27
8357,2778,79,3,233.68
8358,2778,66,2,60.34
8359,2778,111,1,295.40
8360,2779,18,4,293.07
8361,2779,22,3,129.18
8362,2779,169,2,96.92
8363,2780,90,4,370.03
8364,2780,193,2,94.03
8365,2780,189,2,57.74
8366,2780,159,1,26.55
8367,2781,128,2,46.60
8368,2781,183,4,92.22
8369,2781,74,1,54.80
8370,2781,121,3,40.24
8371,2782,86,2,333.64
8372,2782,175,3,53.39
8373,2782,42,3,81.37
8374,2783,148,3,42.76
8375,2783,178,4,39.29
8376,2784,26,3,43.63
8377,2784,11,4,691.54
8378,2784,54,4,52.55
8379,2784,192,1,14.31
8380,2784,32,1,574.26
8381,2785,32,3,574.26
8382,2785,187,1,12.37
8383,2785,148,1,42.76
8384,2786,16,3,537.37
8385,2786,11,4,691.54
8386,2786,31,3,609.25
8387,2787,119,4,390.51
8388,2788,115,2,308.68
8389,2788,56,2,174.98
8390,2788,176,2,24.47
8391,2788,133,3,46.80
8392,2789,197,4,63.01
8393,2789,28,3,549.50
8394,2789,165,3,65.60
8395,2789,68,1,104.26
8396,2790,154,4,6.98
8397,2790,5,4,294.97
8398,2790,52,1,47.09
8399,2790,109,3,191.43
8400,2791,129,2,31.16
8401,2791,35,4,291.27
8402,2791,59,2,264.27
8403,2791,48,4,206.81
8404,2791,130,3,40.37
8405,2792,145,1,16.73
8406,2792,161,4,9.08
8407,2792,37,2,429.72
8408,2792,74,4,54.80
8409,2792,47,4,66.78
8410,2793,105,1,27.39
8411,2794,150,2,45.00
8412,2794,189,2,57.74
8413,2794,48,1,206.81
8414,2794,49,3,182.19
8415,2795,104,4,42.38
8416,2795,25,4,250.49
8417,2796,36,2,558.56
8418,2796,160,2,45.74
8419,2796,59,4,264.27
8420,2797,189,2,57.74
8421,2797,39,3,380.34
8422,2797,163,3,81.90
8423,2797,140,3,13.39
8424,2798,198,3,49.14
8425,2798,41,3,224.09
8426,2798,178,2,39.29
8427,2799,19,3,816.54
8428,2799,126,4,25.37
8429,2799,110,2,431.78
8430,2799,2,1,239.88
8431,2799,131,4,51.37
8432,2800,39,1,380.34
8433,2800,153,4,53.97
8434,2800,181,1,13.99
8435,2800,129,3,31.16
8436,2801,98,2,324.18
8437,2801,186,1,118.92
8438,2801,176,1,24.47
8439,2802,22,2,129.18
8440,2802,2,1,239.88
8441,2802,160,2,45.74
8442,2802,2,1,239.88
8443,2802,49,4,182.19
8444,2803,62,1,205.44
8445,2804,95,4,418.23
8446,2804,96,3,48.32
8447,2805,92,4,391.62
8448,2805,164,3,69.89
8449,2805,175,4,53.39
8450,2806,143,3,59.98
8451,2806,164,2,69.89
8452,2806,30,2,281.92
8453,2806,30,3,281.92
8454,2806,85,3,126.48
8455,2807,37,1,429.72
8456,2807,100,3,86.91
8457,2807,47,2,66.78
8458,2807,10,2,273.35
8459,2808,122,4,11.28
8460,2809,183,1,92.22
8461,2809,184,2,93.38
8462,2810,29,3,665.28
8463,2811,180,4,109.81
8464,2811,84,1,198.78
8465,2811,14,2,750.61
8466,2811,28,3,549.50
8467,2811,8,2,743.01
8468,2812,145,1,16.73
8469,2812,43,4,30.78
8470,2813,16,4,537.37
8471,2813,109,2,191.43
8472,2813,63,3,293.35
8473,2813,84,2,198.78
8474,2814,84,2,198.78
8475,2814,22,3,129.18
8476,2814,89,3,183.76
8477,2815,9,4,746.78
8478,2815,8,1,743.01
8479,2815,3,3,136.62
8480,2815,18,3,293.07
8481,2815,2,1,239.88
8482,2816,137,4,16.72
8483,2816,118,4,259.42
8484,2816,112,1,307.14
8485,2817,141,1,44.68
8486,2817,49,4,182.19
8487,2817,181,3,13.99
8488,2817,136,1,16.82
8489,2818,42,2,81.37
8490,2819,143,2,59.98
8491,2819,87,2,282.19
8492,2819,47,3,66.78
8493,2819,73,2,25.03
8494,2820,74,4,54.80
8495,2820,91,3,265.75
8496,2820,131,4,51.37
8497,2820,186,1,118.92
8498,2820,49,1,182.19
8499,2821,128,1,46.60
8500,2821,64,4,50.42
8501,2821,143,2,59.98
8502,2821,69,4,258.65
8503,2822,49,3,182.19
8504,2822,101,4,329.79
8505,2823,166,3,61.71
8506,2824,139,4,26.08
8507,2825,42,3,81.37
8508,2826,123,1,37.05
8509,2826,191,4,103.44
8510,2826,22,2,129.18
8511,2826,187,3,12.37
8512,2827,187,2,12.37
8513,2827,113,1,78.35
8514,2827,55,4,247.20
8515,2827,128,4,46.60
8516,2827,13,2,522.46
8517,2828,64,1,50.42
8518,2828,139,2,26.08
8519,2828,126,2,25.37
8520,2828,4,1,327.69
8521,2828,125,2,32.57
8522,2829,75,2,108.00
8523,2829,101,1,329.79
8524,2830,135,3,53.76
8525,2830,121,4,40.24
8526,2830,143,2,59.98
8527,2830,39,2,380.34
8528,2830,178,2,39.29
8529,2831,189,2,57.74
8530,2831,1,1,500.72
8531,2831,118,1,259.42
8532,2831,114,3,386.72
8533,2831,138,1,54.31
8534,2832,40,2,633.55
8535,2833,58,1,199.52
8536,2833,84,4,198.78
8537,2833,190,4,109.95
8538,2834,38,1,117.99
8539,2834,108,1,231.27
8540,2835,20,3,150.57
8541,2835,193,2,94.03
8542,2835,181,4,13.99
8543,2835,84,3,198.78
8544,2836,98,3,324.18
8545,2836,182,4,100.88
8546,2837,118,3,259.42
8547,2837,149,1,28.06
8548,2838,79,1,233.68
8549,2838,38,4,117.99
8550,2838,51,2,23.32
8551,2838,15,1,875.17
8552,2838,38,3,117.99
8553,2839,191,1,103.44
8554,2839,11,1,691.54
8555,2839,165,4,65.60
8556,2840,72,3,207.50
8557,2841,44,1,168.63
8558,2841,175,2,53.39
8559,2842,37,3,429.72
8560,2843,144,2,46.06
8561,2843,66,3,60.34
8562,2844,54,1,52.55
8563,2844,103,4,258.65
8564,2844,107,3,368.95
8565,2845,122,2,11.28
8566,2845,58,2,199.52
8567,2845,174,3,114.93
8568,2846,47,2,66.78
8569,2846,19,3,816.54
8570,2846,103,3,258.65
8571,2846,172,3,66.83
8572,2846,13,4,522.46
8573,2847,112,3,307.14
8574,2847,54,4,52.55
8575,2847,81,1,310.43
8576,2847,177,3,103.55
8577,2848,150,1,45.00
8578,2848,173,2,93.51
8579,2848,127,2,45.09
8580,2848,123,3,37.05
8581,2849,165,1,65.60
8582,2849,131,3,51.37
8583,2849,71,1,271.85
8584,2849,69,3,258.65
8585,2850,79,4,233.68
8586,2850,183,1,92.22
8587,2850,68,3,104.26
8588,2851,30,2,281.92
8589,2851,25,1,250.49
8590,2851,158,3,59.27
8591,2852,194,1,74.31
8592,2853,173,3,93.51
8593,2853,187,3,12.37
8594,2854,134,1,19.36
8595,2854,157,1,19.33
8596,2855,122,2,11.28
8597,2855,16,2,537.37
8598,2855,17,2,446.15
8599,2855,190,3,109.95
8600,2856,183,3,92.22
8601,2856,143,3,59.98
8602,2856,83,4,88.66
8603,2857,116,4,163.33
8604,2857,150,4,45.00
8605,2857,140,3,13.39
8606,2858,82,1,164.45
8607,2858,30,4,281.92
8608,2858,197,1,63.01
8609,2858,71,1,271.85
8610,2858,97,1,388.13
8611,2859,56,4,174.98
8612,2860,173,3,93.51
8613,2860,57,1,51.30
8614,2860,76,1,248.97
8615,2861,148,1,42.76
8616,2861,27,3,225.51
8617,2861,43,2,30.78
8618,2861,112,3,307.14
8619,2861,124,4,44.55
8620,2862,55,3,247.20
8621,2862,89,3,183.76
8622,2862,45,4,150.59
8623,2863,18,2,293.07
8624,2863,41,3,224.09
8625,2863,20,2,150.57
8626,2864,129,4,31.16
8627,2864,154,1,6.98
8628,2865,178,4,39.29
8629,2865,31,2,609.25
8630,2866,128,4,46.60
8631,2866,67,2,39.92
8632,2866,155,2,24.51
8633,2866,83,2,88.66
8634,2866,3,3,136.62
8635,2867,145,1,16.73
8636,2867,91,4,265.75
8637,2867,194,2,74.31
8638,2868,194,3,74.31
8639,2868,56,1,174.98
8640,2869,73,3,25.03
8641,2869,37,1,429.72
8642,2870,190,3,109.95
8643,2870,23,1,311.08
8644,2870,56,2,174.98
8645,2871,24,1,811.59
8646,2871,100,3,86.91
8647,2871,191,1,103.44
8648,2872,62,1,205.44
8649,2872,200,2,21.95
8650,2873,94,2,281.05
8651,2873,113,4,78.35
8652,2873,2,1,239.88
8653,2873,35,3,291.27
8654,2874,195,3,97.24
8655,2874,110,4,431.78
8656,2874,5,3,294.97
8657,2875,137,1,16.72
8658,2875,46,1,30.13
8659,2875,83,4,88.66
8660,2875,189,1,57.74
8661,2875,72,2,207.50
8662,2876,107,2,368.95
8663,2876,125,4,32.57
8664,2876,13,1,522.46
8665,2876,108,2,231.27
8666,2877,148,1,42.76
8667,2877,113,4,78.35
8668,2877,72,4,207.50
8669,2878,20,2,150.57
8670,2879,152,4,48.13
8671,2880,150,4,45.00
8672,2881,8,3,743.01
8673,2881,2,4,239.88
8674,2881,47,4,66.78
8675,2881,168,1,4.90
8676,2882,10,4,273.35
8677,2883,99,4,151.45
8678,2883,126,2,25.37
8679,2884,44,2,168.63
8680,2884,64,1,50.42
8681,2884,104,4,42.38
8682,2885,142,3,36.11
8683,2886,80,2,253.61
8684,2886,65,3,153.24
8685,2886,82,1,164.45
8686,2886,75,2,108.00
8687,2886,59,3,264.27
8688,2887,143,4,59.98
8689,2887,90,1,370.03
8690,2887,124,4,44.55
8691,2888,69,4,258.65
8692,2888,136,4,16.82
8693,2888,160,3,45.74
8694,2889,86,3,333.64
8695,2889,111,2,295.40
8696,2889,3,4,136.62
8697,2889,54,1,52.55
8698,2889,69,2,258.65
8699,2890,99,3,151.45
8700,2890,67,4,39.92
8701,2890,59,4,264.27
8702,2890,198,2,49.14
8703,2891,24,2,811.59
8704,2892,105,2,27.39
8705,2892,114,3,386.72
8706,2892,83,2,88.66
8707,2893,111,4,295.40
8708,2893,14,4,750.61
8709,2893,139,3,26.08
8710,2893,99,4,151.45
8711,2893,45,1,150.59
8712,2894,170,3,16.89
8713,2894,176,2,24.47
8714,2895,145,4,16.73
8715,2895,166,2,61.71
8716,2896,42,4,81.37
8717,2896,142,3,36.11
8718,2897,38,3,117.99
8719,2897,26,1,43.63
8720,2897,3,1,136.62
8721,2898,181,4,13.99
8722,2898,41,2,224.09
8723,2898,83,3,88.66
8724,2899,35,1,291.27
8725,2899,188,2,16.87
8726,2899,41,4,224.09
8727,2899,159,3,26.55
8728,2899,39,4,380.34
8729,2900,121,4,40.24
8730,2901,156,1,47.44
8731,2901,84,3,198.78
8732,2902,156,3,47.44
8733,2902,145,3,16.73
8734,2902,144,4,46.06
8735,2903,179,3,29.88
8736,2904,57,1,51.30
8737,2904,123,3,37.05
8738,2904,174,3,114.93
8739,2904,197,3,63.01
8740,2904,17,2,446.15
8741,2905,48,3,206.81
8742,2905,9,1,746.78
8743,2905,168,3,4.90
8744,2905,76,4,248.97
8745,2905,9,2,746.78
8746,2906,165,2,65.60
8747,2906,54,4,52.55
8748,2907,122,2,11.28
8749,2908,4,4,327.69
8750,2908,197,2,63.01
8751,2908,150,3,45.00
8752,2909,125,4,32.57
8753,2909,89,1,183.76
8754,2910,128,1,46.60
8755,2910,198,4,49.14
8756,2910,148,4,42.76
8757,2911,40,2,633.55
8758,2911,3,3,136.62
8759,2911,145,1,16.73
8760,2911,157,1,19.33
8761,2912,110,4,431.78
8762,2912,44,2,168.63
8763,2912,11,2,691.54
8764,2913,184,3,93.38
8765,2914,180,1,109.81
8766,2914,13,2,522.46
8767,2914,127,2,45.09
8768,2914,37,1,429.72
8769,2915,89,1,183.76
8770,2915,26,1,43.63
8771,2916,144,2,46.06
8772,2917,58,2,199.52
8773,2918,41,4,224.09
8774,2918,2,1,239.88
8775,2918,170,2,16.89
8776,2918,174,3,114.93
8777,2918,16,3,537.37
8778,2919,112,3,307.14
8779,2919,181,4,13.99
8780,2919,101,3,329.79
8781,2919,40,1,633.55
8782,2920,64,2,50.42
8783,2920,134,1,19.36
8784,2920,32,2,574.26
8785,2921,25,3,250.49
8786,2921,86,4,333.64
8787,2921,95,4,418.23
8788,2921,27,3,225.51
8789,2921,159,1,26.55
8790,2922,200,3,21.95
8791,2922,143,1,59.98
8792,2922,5,3,294.97
8793,2922,79,4,233.68
8794,2923,137,2,16.72
8795,2923,185,1,4.70
8796,2923,153,4,53.97
8797,2923,110,4,431.78
8798,2923,104,3,42.38
8799,2924,99,2,151.45
8800,2924,28,1,549.50
8801,2924,151,1,53.45
8802,2924,137,4,16.72
8803,2924,46,4,30.13
8804,2925,151,1,53.45
8805,2925,175,4,53.39
8806,2926,137,4,16.72
8807,2926,68,1,104.26
8808,2927,12,4,788.04
8809,2927,187,3,12.37
8810,2927,68,2,104.26
8811,2928,192,2,14.31
8812,2928,132,4,33.38
8813,2928,94,2,281.05
8814,2929,133,2,46.80
8815,2929,78,3,92.26
8816,2929,28,4,549.50
8817,2929,92,2,391.62
8818,2929,193,1,94.03
8819,2930,87,4,282.19
8820,2930,128,1,46.60
8821,2930,181,2,13.99
8822,2930,49,3,182.19
8823,2931,79,4,233.68
8824,2932,198,1,49.14
8825,2932,107,1,368.95
8826,2932,71,4,271.85
8827,2932,43,3,30.78
8828,2933,139,3,26.08
8829,2933,93,3,318.36
8830,2933,90,3,370.03
8831,2933,145,1,16.73
8832,2933,95,4,418.23
8833,2934,77,1,28.30
8834,2935,17,3,446.15
8835,2935,32,2,574.26
8836,2935,170,4,16.89
8837,2936,78,3,92.26
8838,2936,130,2,40.37
8839,2937,81,4,310.43
8840,2937,16,1,537.37
8841,2938,191,2,103.44
8842,2938,144,4,46.06
8843,2938,78,2,92.26
8844,2938,76,2,248.97
8845,2939,154,2,6.98
8846,2939,103,2,258.65
8847,2940,54,4,52.55
8848,2941,142,3,36.11
8849,2941,140,3,13.39
8850,2941,188,2,16.87
8851,2941,185,3,4.70
8852,2942,14,3,750.61
8853,2943,151,1,53.45
8854,2943,198,4,49.14
8855,2943,47,1,66.78
8856,2944,97,1,388.13
8857,2944,64,4,50.42
8858,2944,111,1,295.40
8859,2944,117,2,298.11
8860,2944,111,4,295.40
8861,2945,86,2,333.64
8862,2945,69,1,258.65
8863,2946,37,4,429.72
8864,2946,155,3,24.51
8865,2946,190,2,109.95
8866,2946,172,3,66.83
8867,2947,52,4,47.09
8868,2947,5,3,294.97
8869,2947,134,3,19.36
8870,2947,161,3,9.08
8871,2948,99,1,151.45
8872,2948,42,4,81.37
8873,2948,36,2,558.56
8874,2948,72,3,207.50
8875,2949,93,2,318.36
8876,2949,188,1,16.87
8877,2949,126,3,25.37
8878,2949,43,4,30.78
8879,2949,154,4,6.98
8880,2950,4,3,327.69
8881,2950,22,3,129.18
8882,2951,117,2,298.11
8883,2951,129,1,31.16
8884,2951,91,3,265.75
8885,2952,97,1,388.13
8886,2952,1,1,500.72
8887,2952,190,1,109.95
8888,2952,190,4,109.95
8889,2953,167,2,106.22
8890,2953,112,3,307.14
8891,2953,190,4,109.95
8892,2953,169,4,96.92
8893,2953,97,2,388.13
8894,2954,5,2,294.97
8895,2954,104,3,42.38
8896,2955,52,4,47.09
8897,2955,104,1,42.38
8898,2955,6,1,871.62
8899,2955,103,1,258.65
8900,2955,3,2,136.62
8901,2956,136,1,16.82
8902,2957,181,2,13.99
8903,2957,34,1,426.41
8904,2957,68,4,104.26
8905,2958,49,4,182.19
8906,2958,21,1,540.25
8907,2958,136,4,16.82
8908,2958,159,1,26.55
8909,2958,146,4,27.35
8910,2959,60,3,179.81
8911,2959,187,2,12.37
8912,2959,48,3,206.81
8913,2959,37,1,429.72
8914,2960,35,1,291.27
8915,2960,192,4,14.31
8916,2960,39,1,380.34
8917,2960,30,4,281.92
8918,2961,105,4,27.39
8919,2961,197,3,63.01
8920,2961,174,1,114.93
8921,2961,62,1,205.44
8922,2961,114,3,386.72
8923,2962,108,1,231.27
8924,2962,86,4,333.64
8925,2962,124,4,44.55
8926,2963,136,3,16.82
8927,2963,65,3,153.24
8928,2963,148,4,42.76
8929,2964,107,1,368.95
8930,2964,51,3,23.32
8931,2964,34,1,426.41
8932,2964,181,2,13.99
8933,2964,1,3,500.72
8934,2965,118,4,259.42
8935,2965,25,1,250.49
8936,2966,57,4,51.30
8937,2966,10,4,273.35
8938,2966,76,4,248.97
8939,2966,27,4,225.51
8940,2967,41,3,224.09
8941,2967,40,3,633.55
8942,2968,31,3,609.25
8943,2968,121,4,40.24
8944,2968,6,2,871.62
8945,2968,140,4,13.39
8946,2968,131,2,51.37
8947,2969,1,4,500.72
8948,2970,48,4,206.81
8949,2970,22,1,129.18
8950,2970,71,1,271.85
8951,2970,163,4,81.90
8952,2970,84,3,198.78
8953,2971,118,2,259.42
8954,2971,111,2,295.40
8955,2971,142,3,36.11
8956,2971,39,3,380.34
8957,2971,69,2,258.65
8958,2972,105,1,27.39
8959,2973,167,1,106.22
8960,2973,102,1,17.15
8961,2973,28,3,549.50
8962,2974,17,3,446.15
8963,2974,18,3,293.07
8964,2975,130,3,40.37
8965,2975,77,3,28.30
8966,2976,180,2,109.81
8967,2976,183,1,92.22
8968,2977,184,3,93.38
8969,2977,168,2,4.90
8970,2977,102,1,17.15
8971,2977,13,2,522.46
8972,2977,194,2,74.31
8973,2978,63,4,293.35
8974,2978,90,3,370.03
8975,2978,35,2,291.27
8976,2978,56,1,174.98
8977,2979,14,3,750.61
8978,2979,37,2,429.72
8979,2980,75,1,108.00
8980,2980,132,2,33.38
8981,2981,126,1,25.37
8982,2981,75,2,108.00
8983,2981,90,3,370.03
8984,2982,48,1,206.81
8985,2983,17,4,446.15
8986,2983,49,4,182.19
8987,2983,129,2,31.16
8988,2983,79,4,233.68
8989,2983,99,2,151.45
8990,2984,22,2,129.18
8991,2984,191,3,103.44
8992,2984,34,2,426.41
8993,2984,43,1,30.78
8994,2984,98,1,324.18
8995,2985,121,4,40.24
8996,2986,188,3,16.87
8997,2986,153,1,53.97
8998,2986,19,2,816.54
8999,2986,26,2,43.63
9000,2986,6,3,871.62
9001,2987,130,3,40.37
9002,2987,161,4,9.08
9003,2988,193,1,94.03
9004,2988,141,1,44.68
9005,2988,45,3,150.59
9006,2989,96,1,48.32
9007,2989,159,3,26.55
9008,2989,30,1,281.92
9009,2989,67,1,39.92
9010,2989,135,2,53.76
9011,2990,130,1,40.37
9012,2990,113,2,78.35
9013,2990,54,4,52.55
9014,2991,169,4,96.92
9015,2991,167,4,106.22
9016,2991,5,4,294.97
9017,2992,115,1,308.68
9018,2993,94,1,281.05
9019,2993,11,4,691.54
9020,2994,189,2,57.74
9021,2994,30,3,281.92
9022,2994,29,1,665.28
9023,2995,200,4,21.95
9024,2995,100,4,86.91
9025,2995,115,1,308.68
9026,2995,18,2,293.07
9027,2995,113,4,78.35
9028,2996,189,2,57.74
9029,2996,136,3,16.82
9030,2997,107,2,368.95
9031,2997,25,3,250.49
9032,2998,89,1,183.76
9033,2998,114,3,386.72
9034,2998,127,1,45.09
9035,2999,107,1,368.95
9036,2999,189,2,57.74
9037,2999,178,4,39.29
9038,2999,121,2,40.24
9039,2999,112,2,307.14
9040,3000,191,4,103.44
9041,3000,53,1,108.74
9042,3000,168,4,4.90
9043,3001,194,2,74.31
9044,3001,80,3,253.61
9045,3002,186,3,118.92
9046,3002,40,3,633.55
9047,3002,76,3,248.97
9048,3003,84,4,198.78
9049,3003,84,1,198.78
9050,3003,184,1,93.38
9051,3003,21,4,540.25
9052,3004,105,2,27.39
9053,3005,37,4,429.72
9054,3005,170,1,16.89
9055,3006,186,4,118.92
9056,3006,73,1,25.03
9057,3006,148,3,42.76
9058,3006,86,1,333.64
9059,3006,36,3,558.56
9060,3007,108,1,231.27
9061,3007,153,4,53.97
9062,3008,46,4,30.13
9063,3008,40,2,633.55
9064,3008,68,3,104.26
9065,3009,52,4,47.09
9066,3009,84,3,198.78
9067,3010,151,4,53.45
9068,3011,48,1,206.81
9069,3011,164,1,69.89
9070,3011,100,2,86.91
9071,3011,175,2,53.39
9072,3012,110,1,431.78
9073,3012,55,4,247.20
9074,3012,194,2,74.31
9075,3012,159,3,26.55
9076,3013,188,3,16.87
9077,3014,148,2,42.76
9078,3015,77,3,28.30
9079,3015,184,4,93.38
9080,3016,142,4,36.11
9081,3017,189,3,57.74
9082,3017,188,1,16.87
9083,3017,118,3,259.42
9084,3017,27,1,225.51
9085,3017,149,1,28.06
9086,3018,23,1,311.08
9087,3019,31,1,609.25
9088,3019,78,1,92.26
9089,3020,32,3,574.26
9090,3020,124,1,44.55
9091,3020,39,2,380.34
9092,3021,57,3,51.30
9093,3021,54,1,52.55
9094,3021,44,4,168.63
9095,3022,53,2,108.74
9096,3022,3,3,136.62
9097,3022,146,4,27.35
9098,3022,3,3,136.62
9099,3022,181,2,13.99
9100,3023,55,3,247.20
9101,3023,51,2,23.32
9102,3023,110,3,431.78
9103,3023,81,1,310.43
9104,3023,125,3,32.57
9105,3024,68,3,104.26
9106,3024,57,2,51.30
9107,3024,65,2,153.24
9108,3025,77,2,28.30
9109,3025,29,4,665.28
9110,3025,179,2,29.88
9111,3025,41,3,224.09
9112,3026,35,4,291.27
9113,3026,57,3,51.30
9114,3026,14,3,750.61
9115,3026,181,3,13.99
9116,3027,195,1,97.24
9117,3027,128,3,46.60
9118,3027,140,2,13.39
9119,3027,78,2,92.26
9120,3027,110,3,431.78
9121,3028,85,1,126.48
9122,3028,26,4,43.63
9123,3028,42,3,81.37
9124,3028,182,4,100.88
9125,3028,194,2,74.31
9126,3029,129,2,31.16
9127,3029,52,3,47.09
9128,3029,109,1,191.43
9129,3030,150,4,45.00
9130,3031,15,2,875.17
9131,3032,156,2,47.44
9132,3032,92,1,391.62
9133,3032,22,1,129.18
9134,3032,107,1,368.95
9135,3033,128,3,46.60
9136,3033,53,3,108.74
9137,3033,193,4,94.03
9138,3033,22,2,129.18
9139,3033,52,1,47.09
9140,3034,67,2,39.92
9141,3034,192,4,14.31
9142,3035,48,3,206.81
9143,3035,73,3,25.03
9144,3036,97,4,388.13
9145,3036,148,3,42.76
9146,3036,165,4,65.60
9147,3036,148,4,42.76
9148,3037,55,2,247.20
9149,3038,105,1,27.39
9150,3038,86,3,333.64
9151,3038,73,2,25.03
9152,3038,10,1,273.35
9153,3038,76,3,248.97
9154,3039,135,4,53.76
9155,3039,172,2,66.83
9156,3040,186,4,118.92
9157,3040,166,1,61.71
9158,3040,175,1,53.39
9159,3041,25,1,250.49
9160,3041,196,3,66.42
9161,3042,27,1,225.51
9162,3042,32,1,574.26
9163,3043,143,4,59.98
9164,3043,162,1,21.49
9165,3044,72,1,207.50
9166,3044,123,4,37.05
9167,3044,200,1,21.95
9168,3045,179,3,29.88
9169,3045,178,1,39.29
9170,3046,136,1,16.82
9171,3046,51,3,23.32
9172,3046,94,3,281.05
9173,3046,49,4,182.19
9174,3047,196,3,66.42
9175,3047,149,1,28.06
9176,3048,38,3,117.99
9177,3048,25,3,250.49
9178,3049,51,4,23.32
9179,3049,47,2,66.78
9180,3050,135,4,53.76
9181,3050,65,2,153.24
9182,3050,104,1,42.38
9183,3051,138,2,54.31
9184,3051,34,3,426.41
9185,3052,183,4,92.22
9186,3052,37,2,429.72
9187,3052,198,3,49.14
9188,3052,146,2,27.35
9189,3053,47,1,66.78
9190,3053,110,4,431.78
9191,3053,166,2,61.71
9192,3053,73,4,25.03
9193,3054,200,4,21.95
9194,3054,133,2,46.80
9195,3055,32,1,574.26
9196,3056,163,1,81.90
9197,3057,113,2,78.35
9198,3057,121,1,40.24
9199,3057,65,2,153.24
9200,3057,29,2,665.28
9201,3057,121,3,40.24
9202,3058,12,2,788.04
9203,3058,123,1,37.05
9204,3059,12,3,788.04
9205,3059,115,1,308.68
9206,3060,152,2,48.13
9207,3060,92,3,391.62
9208,3061,50,4,237.25
9209,3061,66,4,60.34
9210,3061,34,4,426.41
9211,3062,157,4,19.33
9212,3063,116,2,163.33
9213,3063,167,3,106.22
9214,3063,107,4,368.95
9215,3064,176,2,24.47
9216,3064,81,3,310.43
9217,3065,77,1,28.30
9218,3065,89,2,183.76
9219,3065,26,3,43.63
9220,3065,83,2,88.66
9221,3065,174,1,114.93
9222,3066,156,4,47.44
9223,3066,185,2,4.70
9224,3067,101,3,329.79
9225,3067,178,3,39.29
9226,3067,3,2,136.62
9227,3067,122,4,11.28
9228,3068,154,3,6.98
9229,3069,98,2,324.18
9230,3070,49,2,182.19
9231,3070,117,1,298.11
9232,3070,38,1,117.99
9233,3070,162,1,21.49
9234,3070,41,4,224.09
9235,3071,56,1,174.98
9236,3071,194,1,74.31
9237,3071,154,2,6.98
9238,3071,183,2,92.22
9239,3072,198,4,49.14
9240,3072,113,3,78.35
9241,3072,8,2,743.01
9242,3073,9,1,746.78
9243,3074,16,4,537.37
9244,3075,184,1,93.38
9245,3076,151,1,53.45
9246,3076,46,3,30.13
9247,3076,182,2,100.88
9248,3076,149,4,28.06
9249,3076,129,3,31.16
9250,3077,36,3,558.56
9251,3077,102,2,17.15
9252,3077,48,3,206.81
9253,3077,166,4,61.71
9254,3078,159,4,26.55
9255,3078,109,3,191.43
9256,3078,46,2,30.13
9257,3078,9,1,746.78
9258,3079,188,1,16.87
9259,3079,40,4,633.55
9260,3079,39,3,380.34
9261,3080,21,4,540.25
9262,3080,197,1,63.01
9263,3080,13,2,522.46
9264,3080,6,2,871.62
9265,3081,134,3,19.36
9266,3082,113,4,78.35
9267,3083,99,1,151.45
9268,3083,195,1,97.24
9269,3083,116,3,163.33
9270,3084,194,1,74.31
9271,3084,125,4,32.57
9272,3085,82,3,164.45
9273,3085,56,1,174.98
9274,3085,133,2,46.80
9275,3085,145,3,16.73
9276,3086,54,2,52.55
9277,3086,69,1,258.65
9278,3086,170,3,16.89
9279,3087,183,2,92.22
9280,3087,177,2,103.55
9281,3088,143,3,59.98
9282,3088,122,3,11.28
9283,3088,119,1,390.51
9284,3089,78,2,92.26
9285,3089,173,1,93.51
9286,3089,68,4,104.26
9287,3089,60,4,179.81
9288,3090,18,2,293.07
9289,3090,116,1,163.33
9290,3091,3,1,136.62
9291,3091,146,1,27.35
9292,3092,37,3,429.72
9293,3092,15,3,875.17
9294,3093,158,1,59.27
9295,3093,42,4,81.37
9296,3094,40,1,633.55
9297,3094,125,1,32.57
9298,3094,75,2,108.00
9299,3095,166,3,61.71
9300,3095,97,3,388.13
9301,3095,49,3,182.19
9302,3096,196,1,66.42
9303,3096,190,2,109.95
9304,3096,81,3,310.43
9305,3096,139,1,26.08
9306,3097,40,4,633.55
9307,3097,126,3,25.37
9308,3097,134,2,19.36
9309,3097,162,2,21.49
9310,3097,74,2,54.80
9311,3098,8,4,743.01
9312,3098,136,4,16.82
9313,3098,91,4,265.75
9314,3099,99,4,151.45
9315,3099,31,4,609.25
9316,3099,189,3,57.74
9317,3099,195,3,97.24
9318,3100,32,1,574.26
9319,3100,166,1,61.71
9320,3100,77,4,28.30
9321,3100,98,2,324.18
9322,3100,195,2,97.24
9323,3101,53,1,108.74
9324,3101,170,2,16.89
9325,3101,72,3,207.50
9326,3101,71,1,271.85
9327,3101,162,3,21.49
9328,3102,82,3,164.45
9329,3102,53,1,108.74
9330,3103,16,2,537.37
9331,3103,172,4,66.83
9332,3104,197,1,63.01
9333,3104,18,1,293.07
9334,3105,67,4,39.92
9335,3105,156,2,47.44
9336,3105,45,2,150.59
9337,3105,87,3,282.19
9338,3105,84,4,198.78
9339,3106,75,3,108.00
9340,3106,70,1,47.08
9341,3106,150,1,45.00
9342,3106,116,1,163.33
9343,3107,200,1,21.95
9344,3107,157,2,19.33
9345,3107,153,1,53.97
9346,3107,18,2,293.07
9347,3107,184,1,93.38
9348,3108,191,4,103.44
9349,3109,181,1,13.99
9350,3110,197,2,63.01
9351,3110,181,4,13.99
9352,3110,137,1,16.72
9353,3111,181,3,13.99
9354,3111,48,3,206.81
9355,3111,59,2,264.27
9356,3111,90,3,370.03
9357,3111,30,3,281.92
9358,3112,32,2,574.26
9359,3112,41,2,224.09
9360,3112,39,4,380.34
9361,3112,23,2,311.08
9362,3113,69,2,258.65
9363,3114,123,3,37.05
9364,3115,52,4,47.09
9365,3115,159,3,26.55
9366,3116,14,4,750.61
9367,3116,152,2,48.13
9368,3116,42,4,81.37
9369,3117,75,1,108.00
9370,3117,29,1,665.28
9371,3117,153,4,53.97
9372,3117,89,2,183.76
9373,3117,56,2,174.98
9374,3118,63,3,293.35
9375,3118,47,1,66.78
9376,3119,127,1,45.09
9377,3119,71,3,271.85
9378,3119,84,4,198.78
9379,3120,67,4,39.92
9380,3120,76,2,248.97
9381,3120,70,2,47.08
9382,3120,121,4,40.24
9383,3120,197,3,63.01
9384,3121,36,2,558.56
9385,3121,158,3,59.27
9386,3121,17,3,446.15
9387,3122,36,4,558.56
9388,3122,16,2,537.37
9389,3123,186,3,118.92
9390,3123,3,2,136.62
9391,3123,101,4,329.79
9392,3123,90,2,370.03
9393,3123,11,2,691.54
9394,3124,135,3,53.76
9395,3124,2,4,239.88
9396,3124,149,1,28.06
9397,3125,60,2,179.81
9398,3125,50,3,237.25
9399,3125,52,4,47.09
9400,3125,148,1,42.76
9401,3125,87,3,282.19
9402,3126,190,2,109.95
9403,3126,198,2,49.14
9404,3127,47,3,66.78
9405,3128,142,1,36.11
9406,3128,3,4,136.62
9407,3128,138,3,54.31
9408,3129,197,1,63.01
9409,3129,162,1,21.49
9410,3129,60,2,179.81
9411,3129,112,3,307.14
9412,3129,5,4,294.97
9413,3130,134,3,19.36
9414,3131,83,2,88.66
9415,3132,86,2,333.64
9416,3132,189,2,57.74
9417,3132,157,4,19.33
9418,3133,5,3,294.97
9419,3133,16,1,537.37
9420,3133,118,3,259.42
9421,3133,168,1,4.90
9422,3134,153,4,53.97
9423,3135,72,2,207.50
9424,3135,62,4,205.44
9425,3135,71,2,271.85
9426,3135,126,3,25.37
9427,3136,188,4,16.87
9428,3136,10,1,273.35
9429,3137,126,1,25.37
9430,3137,128,3,46.60
9431,3137,57,1,51.30
9432,3137,125,3,32.57
9433,3138,60,3,179.81
9434,3139,169,3,96.92
9435,3139,178,2,39.29
9436,3139,154,1,6.98
9437,3139,31,2,609.25
9438,3140,72,2,207.50
9439,3141,68,3,104.26
9440,3141,173,4,93.51
9441,3142,106,3,377.39
9442,3142,71,3,271.85
9443,3142,18,4,293.07
9444,3143,97,1,388.13
9445,3143,50,3,237.25
9446,3143,89,4,183.76
9447,3143,162,2,21.49
9448,3143,184,4,93.38
9449,3144,150,1,45.00
9450,3145,58,3,199.52
9451,3145,30,3,281.92
9452,3145,178,4,39.29
9453,3145,106,2,377.39
9454,3145,22,4,129.18
9455,3146,187,1,12.37
9456,3146,42,1,81.37
9457,3146,136,3,16.82
9458,3147,114,2,386.72
9459,3148,172,1,66.83
9460,3148,181,1,13.99
9461,3148,188,2,16.87
9462,3148,115,1,308.68
9463,3148,170,1,16.89
9464,3149,180,4,109.81
9465,3150,192,3,14.31
9466,3150,111,2,295.40
9467,3150,174,1,114.93
9468,3150,78,3,92.26
9469,3151,178,4,39.29
9470,3152,144,4,46.06
9471,3152,185,2,4.70
9472,3152,85,3,126.48
9473,3152,89,4,183.76
9474,3153,102,1,17.15
9475,3154,160,4,45.74
9476,3154,44,4,168.63
9477,3154,196,3,66.42
9478,3154,159,4,26.55
9479,3155,6,1,871.62
9480,3155,3,2,136.62
9481,3155,183,4,92.22
9482,3155,191,4,103.44
9483,3156,8,4,743.01
9484,3156,3,4,136.62
9485,3156,1,1,500.72
9486,3157,166,1,61.71
9487,3157,119,1,390.51
9488,3157,62,2,205.44
9489,3157,95,2,418.23
9490,3157,65,3,153.24
9491,3158,60,1,179.81
9492,3158,116,1,163.33
9493,3158,41,1,224.09
9494,3159,151,3,53.45
9495,3159,117,1,298.11
9496,3159,75,4,108.00
9497,3159,186,4,118.92
9498,3160,69,4,258.65
9499,3160,121,2,40.24
9500,3161,37,1,429.72
9501,3161,156,3,47.44
9502,3161,74,2,54.80
9503,3162,62,4,205.44
9504,3162,135,3,53.76
9505,3162,90,3,370.03
9506,3163,81,3,310.43
9507,3163,87,4,282.19
9508,3163,162,1,21.49
9509,3163,122,1,11.28
9510,3163,25,1,250.49
9511,3164,116,2,163.33
9512,3165,26,2,43.63
9513,3165,73,4,25.03
9514,3165,30,2,281.92
9515,3165,161,1,9.08
9516,3165,53,4,108.74
9517,3166,198,3,49.14
9518,3166,186,2,118.92
9519,3166,180,3,109.81
9520,3166,84,1,198.78
9521,3167,91,1,265.75
9522,3167,121,3,40.24
9523,3167,154,1,6.98
9524,3168,144,1,46.06
9525,3168,82,1,164.45
9526,3169,159,2,26.55
9527,3169,166,1,61.71
9528,3169,77,4,28.30
9529,3170,181,3,13.99
9530,3171,111,3,295.40
9531,3171,24,3,811.59
9532,3171,96,2,48.32
9533,3171,9,2,746.78
9534,3171,36,4,558.56
9535,3172,200,2,21.95
9536,3173,109,3,191.43
9537,3174,64,2,50.42
9538,3174,164,2,69.89
9539,3174,40,4,633.55
9540,3174,140,4,13.39
9541,3174,30,1,281.92
9542,3175,106,1,377.39
9543,3175,174,4,114.93
9544,3175,13,3,522.46
9545,3175,12,3,788.04
9546,3176,16,4,537.37
9547,3177,175,1,53.39
9548,3177,178,4,39.29
9549,3178,8,3,743.01
9550,3179,176,3,24.47
9551,3179,2,4,239.88
9552,3180,27,3,225.51
9553,3180,21,4,540.25
9554,3180,136,4,16.82
9555,3180,14,2,750.61
9556,3181,101,2,329.79
9557,3181,190,2,109.95
9558,3181,90,2,370.03
9559,3181,12,2,788.04
9560,3182,89,3,183.76
9561,3183,67,4,39.92
9562,3183,40,4,633.55
9563,3184,87,4,282.19
9564,3185,3,4,136.62
9565,3185,50,1,237.25
9566,3185,54,3,52.55
9567,3185,18,4,293.07
9568,3185,75,4,108.00
9569,3186,15,4,875.17
9570,3186,43,4,30.78
9571,3186,93,2,318.36
9572,3186,53,4,108.74
9573,3186,47,3,66.78
9574,3187,69,1,258.65
9575,3188,121,1,40.24
9576,3188,117,2,298.11
9577,3188,25,2,250.49
9578,3188,42,2,81.37
9579,3189,26,3,43.63
9580,3189,69,1,258.65
9581,3189,192,1,14.31
9582,3189,89,1,183.76
9583,3190,134,3,19.36
9584,3191,99,3,151.45
9585,3192,71,2,271.85
9586,3193,99,2,151.45
9587,3193,163,4,81.90
9588,3193,51,3,23.32
9589,3194,37,3,429.72
9590,3194,67,3,39.92
9591,3194,4,2,327.69
9592,3195,144,4,46.06
9593,3195,39,3,380.34
9594,3195,158,2,59.27
9595,3195,102,4,17.15
9596,3195,148,2,42.76
9597,3196,93,4,318.36
9598,3196,90,3,370.03
9599,3196,200,1,21.95
9600,3196,176,3,24.47
9601,3197,81,4,310.43
9602,3197,34,2,426.41
9603,3198,121,1,40.24
9604,3198,102,2,17.15
9605,3198,183,1,92.22
9606,3198,60,4,179.81
9607,3199,141,3,44.68
9608,3200,69,4,258.65
9609,3200,170,4,16.89
9610,3200,25,4,250.49
9611,3200,52,3,47.09
9612,3201,48,3,206.81
9613,3201,91,1,265.75
9614,3201,151,1,53.45
9615,3201,158,1,59.27
9616,3201,191,4,103.44
9617,3202,75,3,108.00
9618,3203,50,3,237.25
9619,3203,189,2,57.74
9620,3204,114,4,386.72
9621,3205,99,4,151.45
9622,3205,178,4,39.29
9623,3205,107,4,368.95
9624,3205,182,2,100.88
9625,3205,31,3,609.25
9626,3206,135,1,53.76
9627,3206,115,1,308.68
9628,3207,52,1,47.09
9629,3208,128,1,46.60
9630,3209,87,3,282.19
9631,3209,97,1,388.13
9632,3209,198,4,49.14
9633,3209,3,1,136.62
9634,3209,27,1,225.51
9635,3210,68,4,104.26
9636,3210,113,1,78.35
9637,3210,12,3,788.04
9638,3210,194,3,74.31
9639,3210,149,3,28.06
9640,3211,95,2,418.23
9641,3211,160,3,45.74
9642,3212,180,4,109.81
9643,3212,143,1,59.98
9644,3212,144,2,46.06
9645,3212,55,1,247.20
9646,3213,57,3,51.30
9647,3213,198,3,49.14
9648,3213,53,2,108.74
9649,3214,164,4,69.89
9650,3215,100,2,86.91
9651,3216,95,3,418.23
9652,3216,51,1,23.32
9653,3216,105,3,27.39
9654,3217,156,2,47.44
9655,3217,174,3,114.93
9656,3217,19,3,816.54
9657,3217,90,2,370.03
9658,3218,106,1,377.39
9659,3218,12,2,788.04
9660,3218,165,2,65.60
9661,3218,53,4,108.74
9662,3218,15,3,875.17
9663,3219,20,1,150.57
9664,3219,113,4,78.35
9665,3219,185,3,4.70
9666,3219,186,2,118.92
9667,3219,179,4,29.88
9668,3220,198,4,49.14
9669,3220,144,2,46.06
9670,3220,55,2,247.20
9671,3220,137,4,16.72
9672,3220,9,2,746.78
9673,3221,81,1,310.43
9674,3221,58,4,199.52
9675,3222,164,3,69.89
9676,3222,155,2,24.51
9677,3222,179,3,29.88
9678,3222,140,2,13.39
9679,3223,55,4,247.20
9680,3223,86,1,333.64
9681,3223,168,3,4.90
9682,3224,123,2,37.05
9683,3224,140,2,13.39
9684,3224,77,3,28.30
9685,3224,58,1,199.52
9686,3224,14,1,750.61
9687,3225,76,3,248.97
9688,3226,12,2,788.04
9689,3226,134,3,19.36
9690,3226,10,4,273.35
9691,3226,44,1,168.63
9692,3227,81,3,310.43
9693,3227,16,3,537.37
9694,3227,174,2,114.93
9695,3227,102,2,17.15
9696,3228,121,2,40.24
9697,3228,186,3,118.92
9698,3228,15,1,875.17
9699,3229,176,2,24.47
9700,3229,155,2,24.51
9701,3229,3,4,136.62
9702,3229,159,1,26.55
9703,3230,90,1,370.03
9704,3230,96,4,48.32
9705,3231,3,2,136.62
9706,3231,68,4,104.26
9707,3231,182,1,100.88
9708,3232,133,3,46.80
9709,3232,122,4,11.28
9710,3233,185,2,4.70
9711,3233,32,2,574.26
9712,3233,178,4,39.29
9713,3233,14,2,750.61
9714,3233,124,1,44.55
9715,3234,71,3,271.85
9716,3234,71,4,271.85
9717,3234,168,2,4.90
9718,3234,154,4,6.98
9719,3235,31,3,609.25
9720,3235,84,4,198.78
9721,3235,79,1,233.68
9722,3235,194,1,74.31
9723,3235,114,3,386.72
9724,3236,125,3,32.57
9725,3236,66,2,60.34
9726,3236,37,2,429.72
9727,3236,146,4,27.35
9728,3237,52,3,47.09
9729,3238,190,3,109.95
9730,3238,180,4,109.81
9731,3238,157,3,19.33
9732,3239,66,1,60.34
9733,3239,177,4,103.55
9734,3240,185,2,4.70
9735,3241,116,1,163.33
9736,3241,155,2,24.51
9737,3241,172,4,66.83
9738,3241,20,4,150.57
9739,3242,84,1,198.78
9740,3242,166,4,61.71
9741,3242,63,1,293.35
9742,3243,73,3,25.03
9743,3243,94,3,281.05
9744,3243,78,1,92.26
9745,3243,55,3,247.20
9746,3243,57,1,51.30
9747,3244,198,4,49.14
9748,3244,29,4,665.28
9749,3244,148,1,42.76
9750,3245,50,1,237.25
9751,3245,191,3,103.44
9752,3245,188,4,16.87
9753,3245,49,4,182.19
9754,3246,21,3,540.25
9755,3246,50,4,237.25
9756,3246,8,2,743.01
9757,3246,116,1,163.33
9758,3246,76,1,248.97
9759,3247,163,3,81.90
9760,3247,75,2,108.00
9761,3247,101,3,329.79
9762,3247,123,3,37.05
9763,3247,85,2,126.48
9764,3248,187,1,12.37
9765,3248,111,3,295.40
9766,3249,166,1,61.71
9767,3249,62,1,205.44
9768,3249,184,4,93.38
9769,3250,173,1,93.51
9770,3250,124,1,44.55
9771,3250,125,3,32.57
9772,3251,184,2,93.38
9773,3251,32,1,574.26
9774,3252,195,4,97.24
9775,3253,158,2,59.27
9776,3253,148,4,42.76
9777,3253,79,2,233.68
9778,3253,193,2,94.03
9779,3253,187,4,12.37
9780,3254,13,1,522.46
9781,3255,87,2,282.19
9782,3255,195,4,97.24
9783,3255,41,2,224.09
9784,3255,21,3,540.25
9785,3255,100,3,86.91
9786,3256,189,1,57.74
9787,3256,4,1,327.69
9788,3256,158,4,59.27
9789,3256,172,4,66.83
9790,3257,191,4,103.44
9791,3257,154,1,6.98
9792,3257,4,2,327.69
9793,3258,122,3,11.28
9794,3258,27,3,225.51
9795,3258,13,1,522.46
9796,3258,197,3,63.01
9797,3258,75,1,108.00
9798,3259,132,4,33.38
9799,3259,8,3,743.01
9800,3260,74,4,54.80
9801,3260,10,3,273.35
9802,3261,141,4,44.68
9803,3261,121,1,40.24
9804,3261,193,2,94.03
9805,3262,10,2,273.35
9806,3263,126,2,25.37
9807,3263,35,3,291.27
9808,3263,44,3,168.63
9809,3263,15,3,875.17
9810,3263,44,1,168.63
9811,3264,42,3,81.37
9812,3264,29,3,665.28
9813,3264,165,4,65.60
9814,3264,91,2,265.75
9815,3264,144,4,46.06
9816,3265,194,1,74.31
9817,3265,173,3,93.51
9818,3265,158,3,59.27
9819,3265,100,1,86.91
9820,3266,196,2,66.42
9821,3266,196,4,66.42
9822,3266,188,4,16.87
9823,3266,99,4,151.45
9824,3266,55,4,247.20
9825,3267,107,3,368.95
9826,3267,23,4,311.08
9827,3267,170,2,16.89
9828,3267,45,1,150.59
9829,3268,92,3,391.62
9830,3268,140,2,13.39
9831,3269,76,1,248.97
9832,3269,161,3,9.08
9833,3269,187,4,12.37
9834,3270,56,4,174.98
9835,3270,100,3,86.91
9836,3271,150,3,45.00
9837,3271,186,2,118.92
9838,3271,160,1,45.74
9839,3272,3,4,136.62
9840,3272,150,2,45.00
9841,3272,156,4,47.44
9842,3272,15,2,875.17
9843,3272,54,4,52.55
9844,3273,65,4,153.24
9845,3273,177,1,103.55
9846,3273,74,4,54.80
9847,3273,111,2,295.40
9848,3273,169,2,96.92
9849,3274,116,3,163.33
9850,3274,200,4,21.95
9851,3275,91,1,265.75
9852,3276,115,1,308.68
9853,3276,89,4,183.76
9854,3276,162,2,21.49
9855,3276,175,2,53.39
9856,3276,6,4,871.62
9857,3277,27,2,225.51
9858,3278,111,3,295.40
9859,3278,143,2,59.98
9860,3279,6,4,871.62
9861,3279,175,2,53.39
9862,3279,144,2,46.06
9863,3280,63,3,293.35
9864,3280,123,4,37.05
9865,3280,9,2,746.78
9866,3281,83,2,88.66
9867,3282,128,2,46.60
9868,3282,41,3,224.09
9869,3282,64,2,50.42
9870,3282,166,3,61.71
9871,3283,197,3,63.01
9872,3283,86,1,333.64
9873,3283,79,2,233.68
9874,3283,94,2,281.05
9875,3284,18,4,293.07
9876,3284,80,2,253.61
9877,3284,43,1,30.78
9878,3285,60,1,179.81
9879,3286,176,1,24.47
9880,3286,8,3,743.01
9881,3287,124,3,44.55
9882,3287,169,1,96.92
9883,3287,155,2,24.51
9884,3288,25,1,250.49
9885,3288,156,4,47.44
9886,3289,116,1,163.33
9887,3289,176,4,24.47
9888,3290,130,2,40.37
9889,3290,114,3,386.72
9890,3290,86,1,333.64
9891,3290,99,1,151.45
9892,3291,93,3,318.36
9893,3291,65,3,153.24
9894,3291,128,3,46.60
9895,3291,60,1,179.81
9896,3291,39,3,380.34
9897,3292,52,3,47.09
9898,3292,114,3,386.72
9899,3292,73,2,25.03
9900,3292,59,2,264.27
9901,3293,177,4,103.55
9902,3293,46,2,30.13
9903,3293,121,4,40.24
9904,3293,26,2,43.63
9905,3294,183,4,92.22
9906,3294,22,1,129.18
9907,3294,126,4,25.37
9908,3294,70,4,47.08
9909,3295,102,3,17.15
9910,3295,185,3,4.70
9911,3295,72,3,207.50
9912,3296,195,1,97.24
9913,3296,47,1,66.78
9914,3296,141,2,44.68
9915,3296,184,4,93.38
9916,3297,63,2,293.35
9917,3297,146,1,27.35
9918,3297,95,3,418.23
9919,3297,94,3,281.05
9920,3298,78,2,92.26
9921,3298,141,2,44.68
9922,3298,25,3,250.49
9923,3298,28,4,549.50
9924,3299,179,1,29.88
9925,3300,13,2,522.46
9926,3300,91,1,265.75
9927,3300,77,4,28.30
9928,3301,119,3,390.51
9929,3301,176,1,24.47
9930,3301,101,2,329.79
9931,3302,126,4,25.37
9932,3302,63,4,293.35
9933,3302,52,2,47.09
9934,3302,28,2,549.50
9935,3302,107,4,368.95
9936,3303,161,2,9.08
9937,3304,185,2,4.70
9938,3305,22,4,129.18
9939,3305,161,1,9.08
9940,3306,69,3,258.65
9941,3306,12,3,788.04
9942,3306,153,3,53.97
9943,3306,189,2,57.74
9944,3306,108,1,231.27
9945,3307,20,2,150.57
9946,3307,89,3,183.76
9947,3307,77,2,28.30
9948,3308,178,1,39.29
9949,3308,6,3,871.62
9950,3308,158,4,59.27
9951,3308,75,3,108.00
9952,3308,148,3,42.76
9953,3309,153,3,53.97
9954,3309,174,3,114.93
9955,3309,110,3,431.78
9956,3309,58,4,199.52
9957,3309,105,4,27.39
9958,3310,116,4,163.33
9959,3310,18,2,293.07
9960,3310,138,2,54.31
9961,3310,26,4,43.63
9962,3311,49,4,182.19
9963,3312,67,2,39.92
9964,3312,183,3,92.22
9965,3312,186,3,118.92
9966,3313,146,3,27.35
9967,3314,189,4,57.74
9968,3314,32,1,574.26
9969,3314,124,3,44.55
9970,3314,39,2,380.34
9971,3315,68,3,104.26
9972,3315,69,4,258.65
9973,3315,64,3,50.42
9974,3315,168,1,4.90
9975,3315,2,4,239.88
9976,3316,161,1,9.08
9977,3316,126,4,25.37
9978,3316,65,2,153.24
9979,3316,84,2,198.78
9980,3316,26,2,43.63
9981,3317,146,1,27.35
9982,3317,107,3,368.95
9983,3317,156,4,47.44
9984,3317,153,2,53.97
9985,3318,93,4,318.36
9986,3318,42,3,81.37
9987,3318,112,4,307.14
9988,3318,59,4,264.27
9989,3318,188,2,16.87
9990,3319,20,1,150.57
9991,3319,45,3,150.59
9992,3319,73,4,25.03
9993,3320,46,4,30.13
9994,3320,197,2,63.01
9995,3320,100,2,86.91
9996,3321,181,2,13.99
9997,3321,4,3,327.69
9998,3322,2,3,239.88
9999,3323,140,2,13.39
10000,3323,143,4,59.98
10001,3323,42,2,81.37
10002,3323,91,2,265.75
10003,3323,15,3,875.17
10004,3324,124,3,44.55
10005,3324,91,2,265.75
10006,3324,158,2,59.27
10007,3324,30,4,281.92
10008,3324,133,2,46.80
10009,3325,114,3,386.72
10010,3325,18,4,293.07
10011,3325,1,1,500.72
10012,3325,145,3,16.73
10013,3326,105,1,27.39
10014,3327,153,4,53.97
10015,3327,140,1,13.39
10016,3327,16,1,537.37
10017,3328,177,1,103.55
10018,3328,185,1,4.70
10019,3328,77,3,28.30
10020,3328,11,4,691.54
10021,3328,177,1,103.55
10022,3329,117,3,298.11
10023,3330,139,4,26.08
10024,3331,123,3,37.05
10025,3331,66,2,60.34
10026,3331,21,3,540.25
10027,3332,130,1,40.37
10028,3332,27,1,225.51
10029,3332,111,3,295.40
10030,3332,180,4,109.81
10031,3333,152,1,48.13
10032,3333,122,4,11.28
10033,3334,26,1,43.63
10034,3334,131,1,51.37
10035,3334,45,4,150.59
10036,3334,112,1,307.14
10037,3334,156,2,47.44
10038,3335,49,4,182.19
10039,3336,165,2,65.60
10040,3336,163,2,81.90
10041,3337,6,3,871.62
10042,3337,200,4,21.95
10043,3338,135,4,53.76
10044,3339,29,4,665.28
10045,3339,46,4,30.13
10046,3339,43,3,30.78
10047,3339,145,3,16.73
10048,3340,102,1,17.15
10049,3340,97,4,388.13
10050,3340,96,2,48.32
10051,3340,63,1,293.35
10052,3341,109,3,191.43
10053,3341,39,2,380.34
10054,3341,194,2,74.31
10055,3342,187,4,12.37
10056,3342,60,2,179.81
10057,3343,131,3,51.37
10058,3343,176,2,24.47
10059,3343,34,3,426.41
10060,3343,24,1,811.59
10061,3344,87,4,282.19
10062,3344,138,2,54.31
10063,3344,86,3,333.64
10064,3344,108,4,231.27
10065,3345,38,4,117.99
10066,3345,40,3,633.55
10067,3346,130,4,40.37
10068,3346,96,4,48.32
10069,3347,30,2,281.92
10070,3347,57,3,51.30
10071,3347,15,4,875.17
10072,3348,95,2,418.23
10073,3348,70,4,47.08
10074,3348,172,3,66.83
10075,3348,135,2,53.76
10076,3349,79,3,233.68
10077,3349,143,1,59.98
10078,3349,103,1,258.65
10079,3350,133,3,46.80
10080,3350,170,2,16.89
10081,3351,189,1,57.74
10082,3352,116,1,163.33
10083,3352,117,1,298.11
10084,3353,12,1,788.04
10085,3354,195,4,97.24
10086,3354,86,2,333.64
10087,3354,137,2,16.72
10088,3355,80,1,253.61
10089,3355,168,3,4.90
10090,3355,20,4,150.57
10091,3356,154,1,6.98
10092,3357,158,4,59.27
10093,3358,43,2,30.78
10094,3358,73,4,25.03
10095,3359,197,4,63.01
10096,3360,36,3,558.56
10097,3361,53,2,108.74
10098,3362,23,2,311.08
10099,3362,184,2,93.38
10100,3363,195,1,97.24
10101,3364,118,2,259.42
10102,3364,173,4,93.51
10103,3364,190,3,109.95
10104,3364,185,2,4.70
10105,3365,191,3,103.44
10106,3365,59,3,264.27
10107,3366,77,2,28.30
10108,3366,113,2,78.35
10109,3366,142,3,36.11
10110,3366,70,1,47.08
10111,3366,101,3,329.79
10112,3367,108,1,231.27
10113,3367,18,1,293.07
10114,3368,117,4,298.11
10115,3368,175,4,53.39
10116,3369,132,1,33.38
10117,3369,182,1,100.88
10118,3369,162,1,21.49
10119,3369,84,3,198.78
10120,3369,182,2,100.88
10121,3370,114,1,386.72
10122,3371,179,4,29.88
10123,3371,153,1,53.97
10124,3371,60,3,179.81
10125,3371,184,3,93.38
10126,3371,59,4,264.27
10127,3372,132,4,33.38
10128,3372,129,2,31.16
10129,3372,125,1,32.57
10130,3372,177,1,103.55
10131,3373,195,4,97.24
10132,3373,35,2,291.27
10133,3373,71,2,271.85
10134,3373,83,4,88.66
10135,3373,181,3,13.99
10136,3374,102,3,17.15
10137,3374,32,3,574.26
10138,3374,77,2,28.30
10139,3374,161,4,9.08
10140,3375,151,1,53.45
10141,3375,20,2,150.57
10142,3375,5,4,294.97
10143,3375,137,4,16.72
10144,3376,14,1,750.61
10145,3376,142,4,36.11
10146,3376,13,3,522.46
10147,3376,121,3,40.24
10148,3376,113,3,78.35
10149,3377,109,3,191.43
10150,3377,109,4,191.43
10151,3377,130,1,40.37
10152,3377,108,2,231.27
10153,3377,105,1,27.39
10154,3378,6,2,871.62
10155,3378,90,2,370.03
10156,3378,69,4,258.65
10157,3378,161,1,9.08
10158,3378,6,1,871.62
10159,3379,100,3,86.91
10160,3380,23,2,311.08
10161,3380,127,2,45.09
10162,3380,136,1,16.82
10163,3381,184,3,93.38
10164,3381,157,4,19.33
10165,3381,39,2,380.34
10166,3381,141,1,44.68
10167,3381,129,1,31.16
10168,3382,176,3,24.47
10169,3382,113,2,78.35
10170,3382,39,2,380.34
10171,3382,17,1,446.15
10172,3383,137,2,16.72
10173,3383,137,2,16.72
10174,3383,18,1,293.07
10175,3383,169,1,96.92
10176,3384,200,4,21.95
10177,3384,111,1,295.40
10178,3384,84,4,198.78
10179,3384,181,4,13.99
10180,3384,192,2,14.31
10181,3385,123,1,37.05
10182,3385,105,3,27.39
10183,3385,175,3,53.39
10184,3385,63,1,293.35
10185,3386,114,2,386.72
10186,3386,103,4,258.65
10187,3387,121,3,40.24
10188,3387,153,3,53.97
10189,3387,173,3,93.51
10190,3387,193,3,94.03
10191,3387,125,2,32.57
10192,3388,175,3,53.39
10193,3389,4,1,327.69
10194,3389,68,3,104.26
10195,3389,30,4,281.92
10196,3389,77,3,28.30
10197,3389,44,1,168.63
10198,3390,67,3,39.92
10199,3390,111,4,295.40
10200,3390,52,1,47.09
10201,3390,85,3,126.48
10202,3390,198,3,49.14
10203,3391,23,4,311.08
10204,3391,38,1,117.99
10205,3392,5,2,294.97
10206,3392,106,3,377.39
10207,3393,44,2,168.63
10208,3393,19,4,816.54
10209,3393,101,3,329.79
10210,3393,118,1,259.42
10211,3394,185,4,4.70
10212,3394,186,2,118.92
10213,3394,160,4,45.74
10214,3395,93,4,318.36
10215,3395,29,3,665.28
10216,3395,182,4,100.88
10217,3395,181,1,13.99
10218,3396,55,4,247.20
10219,3396,37,2,429.72
10220,3396,106,4,377.39
10221,3396,60,3,179.81
10222,3396,70,4,47.08
10223,3397,165,1,65.60
10224,3397,30,4,281.92
10225,3397,70,2,47.08
10226,3398,44,4,168.63
10227,3399,168,4,4.90
10228,3400,197,3,63.01
10229,3400,158,3,59.27
10230,3401,184,3,93.38
10231,3401,42,3,81.37
10232,3401,100,2,86.91
10233,3401,24,3,811.59
10234,3402,110,3,431.78
10235,3402,176,2,24.47
10236,3402,37,1,429.72
10237,3402,97,4,388.13
10238,3403,74,2,54.80
10239,3404,29,1,665.28
10240,3404,182,3,100.88
10241,3404,5,1,294.97
10242,3404,99,3,151.45
10243,3404,122,3,11.28
10244,3405,185,3,4.70
10245,3405,196,1,66.42
10246,3405,72,1,207.50
10247,3405,4,4,327.69
10248,3406,159,2,26.55
10249,3407,111,3,295.40
10250,3407,55,3,247.20
10251,3407,58,3,199.52
10252,3407,141,3,44.68
10253,3408,129,2,31.16
10254,3408,192,2,14.31
10255,3408,117,3,298.11
10256,3408,89,1,183.76
10257,3408,91,1,265.75
10258,3409,198,1,49.14
10259,3409,11,4,691.54
10260,3409,16,2,537.37
10261,3409,192,2,14.31
10262,3410,107,3,368.95
10263,3410,90,1,370.03
10264,3410,142,4,36.11
10265,3411,189,2,57.74
10266,3411,149,1,28.06
10267,3411,48,1,206.81
10268,3411,172,4,66.83
10269,3411,114,2,386.72
10270,3412,5,3,294.97
10271,3412,197,1,63.01
10272,3412,11,2,691.54
10273,3412,40,1,633.55
10274,3412,146,2,27.35
10275,3413,107,2,368.95
10276,3413,119,2,390.51
10277,3413,38,4,117.99
10278,3414,34,2,426.41
10279,3414,84,1,198.78
10280,3414,106,4,377.39
10281,3414,192,4,14.31
10282,3414,100,2,86.91
10283,3415,155,1,24.51
10284,3415,123,1,37.05
10285,3415,173,4,93.51
10286,3415,164,4,69.89
10287,3416,134,4,19.36
10288,3416,143,4,59.98
10289,3416,144,3,46.06
10290,3416,102,1,17.15
10291,3416,100,4,86.91
10292,3417,166,1,61.71
10293,3417,133,1,46.80
10294,3417,53,3,108.74
10295,3417,40,2,633.55
10296,3418,3,1,136.62
10297,3418,102,4,17.15
10298,3418,198,1,49.14
10299,3419,48,1,206.81
10300,3419,98,2,324.18
10301,3419,161,2,9.08
10302,3419,35,1,291.27
10303,3420,155,2,24.51
10304,3421,95,2,418.23
10305,3421,3,3,136.62
10306,3421,109,3,191.43
10307,3422,114,4,386.72
10308,3422,17,2,446.15
10309,3422,115,1,308.68
10310,3422,143,1,59.98
10311,3422,129,2,31.16
10312,3423,109,4,191.43
10313,3423,157,2,19.33
10314,3423,146,2,27.35
10315,3423,131,4,51.37
10316,3424,92,4,391.62
10317,3424,60,3,179.81
10318,3424,104,1,42.38
10319,3424,22,2,129.18
10320,3425,184,3,93.38
10321,3425,101,1,329.79
10322,3425,95,3,418.23
10323,3425,143,3,59.98
10324,3426,86,2,333.64
10325,3426,108,2,231.27
10326,3426,124,1,44.55
10327,3426,168,1,4.90
10328,3426,184,4,93.38
10329,3427,191,3,103.44
10330,3427,187,2,12.37
10331,3428,131,3,51.37
10332,3428,41,2,224.09
10333,3428,81,1,310.43
10334,3428,98,4,324.18
10335,3428,10,4,273.35
10336,3429,23,2,311.08
10337,3429,40,3,633.55
10338,3429,53,2,108.74
10339,3429,185,4,4.70
10340,3430,194,1,74.31
10341,3430,135,4,53.76
10342,3430,107,2,368.95
10343,3431,17,1,446.15
10344,3431,169,1,96.92
10345,3432,193,4,94.03
10346,3432,59,4,264.27
10347,3432,130,2,40.37
10348,3432,118,3,259.42
10349,3433,26,3,43.63
10350,3433,57,1,51.30
10351,3433,101,2,329.79
10352,3433,196,3,66.42
10353,3433,69,2,258.65
10354,3434,98,4,324.18
10355,3434,17,1,446.15
10356,3435,182,4,100.88
10357,3435,64,2,50.42
10358,3436,125,2,32.57
10359,3436,183,3,92.22
10360,3437,117,1,298.11
10361,3437,28,3,549.50
10362,3437,196,3,66.42
10363,3438,81,4,310.43
10364,3438,50,3,237.25
10365,3439,105,2,27.39
10366,3439,187,1,12.37
10367,3439,97,3,388.13
10368,3439,133,2,46.80
10369,3439,163,3,81.90
10370,3440,126,2,25.37
10371,3440,140,3,13.39
10372,3440,135,1,53.76
10373,3440,140,2,13.39
10374,3441,135,2,53.76
10375,3441,189,3,57.74
10376,3442,68,1,104.26
10377,3442,148,1,42.76
10378,3443,15,2,875.17
10379,3443,26,1,43.63
10380,3444,2,4,239.88
10381,3444,55,3,247.20
10382,3444,71,1,271.85
10383,3444,136,4,16.82
10384,3445,53,2,108.74
10385,3446,12,3,788.04
10386,3447,91,4,265.75
10387,3447,134,1,19.36
10388,3448,24,3,811.59
10389,3448,170,1,16.89
10390,3449,38,2,117.99
10391,3450,91,2,265.75
10392,3450,59,4,264.27
10393,3450,127,1,45.09
10394,3451,19,3,816.54
10395,3451,96,3,48.32
10396,3452,184,2,93.38
10397,3452,94,3,281.05
10398,3452,185,1,4.70
10399,3453,162,2,21.49
10400,3453,72,2,207.50
10401,3453,163,3,81.90
10402,3453,162,2,21.49
10403,3453,181,2,13.99
10404,3454,155,3,24.51
10405,3454,143,2,59.98
10406,3454,152,2,48.13
10407,3454,60,1,179.81
10408,3454,16,2,537.37
10409,3455,144,3,46.06
10410,3455,109,1,191.43
10411,3455,139,4,26.08
10412,3455,8,4,743.01
10413,3455,191,2,103.44
10414,3456,44,1,168.63
10415,3456,55,4,247.20
10416,3456,26,2,43.63
10417,3457,180,4,109.81
10418,3457,4,2,327.69
10419,3457,142,3,36.11
10420,3457,67,3,39.92
10421,3458,117,1,298.11
10422,3458,198,4,49.14
10423,3458,102,2,17.15
10424,3458,177,4,103.55
10425,3459,140,4,13.39
10426,3459,167,3,106.22
10427,3459,6,2,871.62
10428,3459,24,2,811.59
10429,3460,139,4,26.08
10430,3460,17,3,446.15
10431,3460,79,2,233.68
10432,3460,23,2,311.08
10433,3460,132,4,33.38
10434,3461,85,4,126.48
10435,3461,192,3,14.31
10436,3461,54,3,52.55
10437,3461,92,2,391.62
10438,3461,72,3,207.50
10439,3462,148,3,42.76
10440,3463,190,4,109.95
10441,3464,52,1,47.09
10442,3464,149,4,28.06
10443,3465,122,4,11.28
10444,3465,156,2,47.44
10445,3466,95,1,418.23
10446,3466,69,3,258.65
10447,3467,82,3,164.45
10448,3467,54,1,52.55
10449,3467,119,4,390.51
10450,3467,67,1,39.92
10451,3468,116,4,163.33
10452,3468,178,4,39.29
10453,3469,131,3,51.37
10454,3469,194,4,74.31
10455,3469,40,4,633.55
10456,3470,30,2,281.92
10457,3470,153,4,53.97
10458,3470,60,1,179.81
10459,3470,109,3,191.43
10460,3471,119,3,390.51
10461,3471,146,2,27.35
10462,3471,156,2,47.44
10463,3472,145,4,16.73
10464,3472,179,1,29.88
10465,3472,164,4,69.89
10466,3473,82,3,164.45
10467,3473,195,1,97.24
10468,3474,4,2,327.69
10469,3475,168,3,4.90
10470,3476,25,2,250.49
10471,3477,85,2,126.48
10472,3477,90,3,370.03
10473,3478,93,3,318.36
10474,3479,17,2,446.15
10475,3480,135,4,53.76
10476,3480,92,1,391.62
10477,3481,191,3,103.44
10478,3481,126,4,25.37
10479,3482,56,4,174.98
10480,3482,112,1,307.14
10481,3483,46,2,30.13
10482,3483,117,1,298.11
10483,3483,101,3,329.79
10484,3483,29,1,665.28
10485,3483,73,1,25.03
10486,3484,162,4,21.49
10487,3484,169,4,96.92
10488,3484,135,1,53.76
10489,3484,70,4,47.08
10490,3485,163,2,81.90
10491,3486,173,4,93.51
10492,3486,94,4,281.05
10493,3486,60,1,179.81
10494,3487,158,1,59.27
10495,3487,23,1,311.08
10496,3487,77,2,28.30
10497,3487,162,4,21.49
10498,3487,22,3,129.18
10499,3488,194,4,74.31
10500,3489,149,1,28.06
10501,3489,121,1,40.24
10502,3489,192,2,14.31
10503,3489,15,1,875.17
10504,3489,114,2,386.72
10505,3490,42,2,81.37
10506,3491,115,3,308.68
10507,3491,167,1,106.22
10508,3491,133,3,46.80
10509,3492,116,1,163.33
10510,3492,42,4,81.37
10511,3492,9,1,746.78
10512,3493,94,3,281.05
10513,3494,5,4,294.97
10514,3494,118,1,259.42
10515,3495,3,3,136.62
10516,3496,30,3,281.92
10517,3496,31,2,609.25
10518,3496,163,3,81.90
10519,3497,18,4,293.07
10520,3497,114,2,386.72
10521,3497,95,1,418.23
10522,3497,95,4,418.23
10523,3497,84,1,198.78
10524,3498,163,3,81.90
10525,3498,85,2,126.48
10526,3498,114,1,386.72
10527,3498,159,2,26.55
10528,3499,188,4,16.87
10529,3499,180,2,109.81
10530,3499,197,2,63.01
10531,3499,1,3,500.72
10532,3499,83,1,88.66
10533,3500,77,3,28.30
10534,3500,2,3,239.88
10535,3500,190,1,109.95
10536,3500,110,2,431.78
10537,3500,191,2,103.44
10538,3501,174,1,114.93
10539,3501,19,2,816.54
10540,3501,155,1,24.51
10541,3502,124,4,44.55
10542,3502,133,3,46.80
10543,3502,103,1,258.65
10544,3503,92,1,391.62
10545,3503,157,3,19.33
10546,3503,160,1,45.74
10547,3503,179,1,29.88
10548,3504,41,3,224.09
10549,3504,108,2,231.27
10550,3504,158,1,59.27
10551,3504,139,3,26.08
10552,3504,29,1,665.28
10553,3505,115,4,308.68
10554,3505,71,2,271.85
10555,3505,173,1,93.51
10556,3505,80,4,253.61
10557,3505,166,3,61.71
10558,3506,82,3,164.45
10559,3506,195,1,97.24
10560,3506,86,1,333.64
10561,3506,73,4,25.03
10562,3507,69,4,258.65
10563,3508,30,2,281.92
10564,3508,56,4,174.98
10565,3509,75,1,108.00
10566,3509,46,2,30.13
10567,3510,38,1,117.99
10568,3510,114,1,386.72
10569,3510,28,3,549.50
10570,3510,174,2,114.93
10571,3511,154,4,6.98
10572,3511,51,4,23.32
10573,3511,21,3,540.25
10574,3511,97,2,388.13
10575,3512,76,1,248.97
10576,3512,200,1,21.95
10577,3512,75,2,108.00
10578,3512,195,1,97.24
10579,3513,169,4,96.92
10580,3514,135,3,53.76
10581,3515,41,4,224.09
10582,3515,154,2,6.98
10583,3515,168,4,4.90
10584,3516,86,1,333.64
10585,3516,24,2,811.59
10586,3517,63,4,293.35
10587,3517,3,4,136.62
10588,3517,49,3,182.19
10589,3518,75,1,108.00
10590,3518,112,4,307.14
10591,3519,83,3,88.66
10592,3520,82,4,164.45
10593,3521,154,3,6.98
10594,3521,173,2,93.51
10595,3521,144,4,46.06
10596,3521,149,1,28.06
10597,3522,86,2,333.64
10598,3522,25,1,250.49
10599,3522,139,4,26.08
10600,3522,167,4,106.22
10601,3523,58,4,199.52
10602,3523,130,4,40.37
10603,3523,122,4,11.28
10604,3524,172,4,66.83
10605,3524,185,2,4.70
10606,3524,146,2,27.35
10607,3525,144,2,46.06
10608,3525,153,2,53.97
10609,3525,1,4,500.72
10610,3525,21,1,540.25
10611,3525,11,1,691.54
10612,3526,173,2,93.51
10613,3527,167,2,106.22
10614,3527,135,1,53.76
10615,3527,64,1,50.42
10616,3527,175,2,53.39
10617,3527,142,2,36.11
10618,3528,113,4,78.35
10619,3528,59,4,264.27
10620,3528,117,4,298.11
10621,3528,101,1,329.79
10622,3529,177,2,103.55
10623,3529,28,2,549.50
10624,3530,22,3,129.18
10625,3530,172,3,66.83
10626,3530,144,3,46.06
10627,3531,106,3,377.39
10628,3531,85,4,126.48
10629,3531,104,4,42.38
10630,3531,4,4,327.69
10631,3531,158,1,59.27
10632,3532,87,3,282.19
10633,3532,69,1,258.65
10634,3532,200,1,21.95
10635,3532,103,3,258.65
10636,3533,108,3,231.27
10637,3533,146,2,27.35
10638,3533,34,4,426.41
10639,3533,191,2,103.44
10640,3533,172,1,66.83
10641,3534,19,1,816.54
10642,3534,166,2,61.71
10643,3535,6,4,871.62
10644,3535,72,3,207.50
10645,3535,117,2,298.11
10646,3536,84,1,198.78
10647,3536,9,4,746.78
10648,3536,50,1,237.25
10649,3536,183,3,92.22
10650,3537,163,3,81.90
10651,3537,86,4,333.64
10652,3537,1,4,500.72
10653,3537,99,4,151.45
10654,3537,156,4,47.44
10655,3538,15,3,875.17
10656,3538,134,1,19.36
10657,3538,115,4,308.68
10658,3538,124,4,44.55
10659,3538,196,1,66.42
10660,3539,111,3,295.40
10661,3539,63,2,293.35
10662,3540,116,3,163.33
10663,3541,136,4,16.82
10664,3541,98,1,324.18
10665,3542,1,3,500.72
10666,3542,132,4,33.38
10667,3543,82,4,164.45
10668,3543,121,3,40.24
10669,3543,72,3,207.50
10670,3544,186,2,118.92
10671,3545,99,1,151.45
10672,3545,119,1,390.51
10673,3546,107,4,368.95
10674,3546,113,2,78.35
10675,3546,137,4,16.72
10676,3547,14,4,750.61
10677,3547,191,4,103.44
10678,3547,183,2,92.22
10679,3547,52,4,47.09
10680,3547,152,1,48.13
10681,3548,29,1,665.28
10682,3548,87,2,282.19
10683,3548,145,2,16.73
10684,3549,127,3,45.09
10685,3550,110,4,431.78
10686,3550,29,4,665.28
10687,3550,94,4,281.05
10688,3550,140,4,13.39
10689,3551,162,1,21.49
10690,3552,111,1,295.40
10691,3552,56,3,174.98
10692,3552,167,4,106.22
10693,3552,90,3,370.03
10694,3552,95,4,418.23
10695,3553,15,3,875.17
10696,3554,196,4,66.42
10697,3554,68,1,104.26
10698,3554,28,4,549.50
10699,3554,193,1,94.03
10700,3554,176,4,24.47
10701,3555,5,4,294.97
10702,3555,142,4,36.11
10703,3555,48,3,206.81
10704,3556,76,3,248.97
10705,3556,85,2,126.48
10706,3556,129,2,31.16
10707,3556,86,4,333.64
10708,3557,183,4,92.22
10709,3558,99,3,151.45
10710,3558,74,1,54.80
10711,3559,194,1,74.31
10712,3559,69,2,258.65
10713,3559,67,1,39.92
10714,3560,36,3,558.56
10715,3560,18,2,293.07
10716,3560,99,1,151.45
10717,3560,99,3,151.45
10718,3560,159,3,26.55
10719,3561,50,4,237.25
10720,3561,162,3,21.49
10721,3561,135,1,53.76
10722,3562,139,2,26.08
10723,3562,117,3,298.11
10724,3562,37,4,429.72
10725,3562,34,4,426.41
10726,3563,149,4,28.06
10727,3563,162,4,21.49
10728,3564,115,3,308.68
10729,3565,93,4,318.36
10730,3566,179,3,29.88
10731,3566,26,3,43.63
10732,3566,121,4,40.24
10733,3566,25,3,250.49
10734,3567,16,1,537.37
10735,3567,83,1,88.66
10736,3567,52,2,47.09
10737,3567,127,3,45.09
10738,3568,37,1,429.72
10739,3569,118,3,259.42
10740,3569,196,3,66.42
10741,3569,110,4,431.78
10742,3569,70,4,47.08
10743,3570,27,2,225.51
10744,3570,27,4,225.51
10745,3570,73,2,25.03
10746,3570,189,4,57.74
10747,3570,23,2,311.08
10748,3571,42,4,81.37
10749,3571,178,1,39.29
10750,3571,151,3,53.45
10751,3571,191,1,103.44
10752,3572,87,2,282.19
10753,3572,129,1,31.16
10754,3572,31,1,609.25
10755,3572,144,1,46.06
10756,3573,172,4,66.83
10757,3573,34,4,426.41
10758,3573,87,4,282.19
10759,3573,41,4,224.09
10760,3573,14,2,750.61
10761,3574,136,3,16.82
10762,3574,146,2,27.35
10763,3575,8,4,743.01
10764,3575,141,1,44.68
10765,3575,132,4,33.38
10766,3575,81,4,310.43
10767,3576,148,3,42.76
10768,3576,92,4,391.62
10769,3576,152,4,48.13
10770,3576,94,1,281.05
10771,3577,121,4,40.24
10772,3577,44,3,168.63
10773,3577,157,3,19.33
10774,3577,48,4,206.81
10775,3577,125,1,32.57
10776,3578,169,3,96.92
10777,3578,47,3,66.78
10778,3578,72,2,207.50
10779,3578,49,2,182.19
10780,3578,160,3,45.74
10781,3579,190,4,109.95
10782,3579,25,2,250.49
10783,3579,4,2,327.69
10784,3579,46,1,30.13
10785,3580,86,2,333.64
10786,3580,46,1,30.13
10787,3580,49,4,182.19
10788,3580,100,2,86.91
10789,3581,136,2,16.82
10790,3581,96,2,48.32
10791,3581,179,1,29.88
10792,3581,16,4,537.37
10793,3581,139,2,26.08
10794,3582,75,2,108.00
10795,3582,16,2,537.37
10796,3582,24,2,811.59
10797,3583,31,1,609.25
10798,3583,74,1,54.80
10799,3583,191,1,103.44
10800,3583,169,4,96.92
10801,3584,141,1,44.68
10802,3584,64,1,50.42
10803,3584,106,4,377.39
10804,3585,25,1,250.49
10805,3585,121,2,40.24
10806,3585,116,2,163.33
10807,3586,169,4,96.92
10808,3586,157,1,19.33
10809,3586,130,4,40.37
10810,3587,86,1,333.64
10811,3587,45,3,150.59
10812,3587,133,3,46.80
10813,3588,57,3,51.30
10814,3589,183,4,92.22
10815,3589,197,3,63.01
10816,3589,77,1,28.30
10817,3589,14,4,750.61
10818,3589,64,2,50.42
10819,3590,98,3,324.18
10820,3590,179,1,29.88
10821,3590,172,3,66.83
10822,3590,152,1,48.13
10823,3590,166,4,61.71
10824,3591,95,2,418.23
10825,3591,32,3,574.26
10826,3591,176,2,24.47
10827,3592,9,4,746.78
10828,3592,59,4,264.27
10829,3592,20,2,150.57
10830,3592,60,1,179.81
10831,3592,18,3,293.07
10832,3593,22,2,129.18
10833,3593,53,1,108.74
10834,3593,57,1,51.30
10835,3593,130,1,40.37
10836,3593,50,2,237.25
10837,3594,111,1,295.40
10838,3595,29,2,665.28
10839,3595,107,2,368.95
10840,3595,39,4,380.34
10841,3595,164,1,69.89
10842,3596,1,2,500.72
10843,3596,17,1,446.15
10844,3596,142,4,36.11
10845,3596,174,2,114.93
10846,3596,134,2,19.36
10847,3597,25,2,250.49
10848,3597,117,1,298.11
10849,3597,108,4,231.27
10850,3597,110,3,431.78
10851,3597,121,1,40.24
10852,3598,160,1,45.74
10853,3599,38,1,117.99
10854,3600,154,4,6.98
10855,3600,162,3,21.49
10856,3601,139,4,26.08
10857,3601,4,1,327.69
10858,3601,3,3,136.62
10859,3601,146,2,27.35
10860,3601,15,2,875.17
10861,3602,157,2,19.33
10862,3602,194,3,74.31
10863,3602,20,3,150.57
10864,3603,194,1,74.31
10865,3603,126,1,25.37
10866,3603,9,3,746.78
10867,3604,4,3,327.69
10868,3604,57,3,51.30
10869,3604,182,1,100.88
10870,3605,166,3,61.71
10871,3605,119,4,390.51
10872,3605,26,2,43.63
10873,3605,133,4,46.80
10874,3605,195,2,97.24
10875,3606,128,3,46.60
10876,3606,38,3,117.99
10877,3606,191,4,103.44
10878,3606,164,3,69.89
10879,3606,100,2,86.91
10880,3607,118,2,259.42
10881,3607,75,4,108.00
10882,3607,83,2,88.66
10883,3608,16,1,537.37
10884,3608,197,2,63.01
10885,3608,89,1,183.76
10886,3608,40,2,633.55
10887,3609,84,1,198.78
10888,3609,103,3,258.65
10889,3610,49,4,182.19
10890,3610,43,2,30.78
10891,3610,132,4,33.38
10892,3610,163,1,81.90
10893,3610,169,3,96.92
10894,3611,125,1,32.57
10895,3612,69,1,258.65
10896,3612,29,2,665.28
10897,3612,101,2,329.79
10898,3612,188,4,16.87
10899,3612,80,1,253.61
10900,3613,32,1,574.26
10901,3613,38,1,117.99
10902,3613,70,1,47.08
10903,3613,24,3,811.59
10904,3613,103,3,258.65
10905,3614,11,3,691.54
10906,3614,125,3,32.57
10907,3614,95,4,418.23
10908,3614,200,4,21.95
10909,3614,158,3,59.27
10910,3615,116,1,163.33
10911,3615,59,3,264.27
10912,3615,132,2,33.38
10913,3615,16,2,537.37
10914,3616,8,2,743.01
10915,3616,6,1,871.62
10916,3616,10,4,273.35
10917,3616,97,1,388.13
10918,3616,111,3,295.40
10919,3617,185,3,4.70
10920,3617,108,4,231.27
10921,3617,24,2,811.59
10922,3618,169,2,96.92
10923,3619,169,4,96.92
10924,3619,145,4,16.73
10925,3619,173,2,93.51
10926,3619,182,2,100.88
10927,3619,49,2,182.19
10928,3620,149,2,28.06
10929,3620,87,1,282.19
10930,3621,98,4,324.18
10931,3621,96,3,48.32
10932,3621,3,4,136.62
10933,3621,193,1,94.03
10934,3621,45,4,150.59
10935,3622,138,3,54.31
10936,3622,183,2,92.22
10937,3622,9,2,746.78
10938,3622,102,1,17.15
10939,3622,31,4,609.25
10940,3623,82,3,164.45
10941,3624,72,2,207.50
10942,3625,42,4,81.37
10943,3625,26,4,43.63
10944,3626,158,2,59.27
10945,3626,79,4,233.68
10946,3626,97,2,388.13
10947,3626,30,4,281.92
10948,3627,70,2,47.08
10949,3627,22,3,129.18
10950,3627,50,2,237.25
10951,3627,167,2,106.22
10952,3627,186,1,118.92
10953,3628,186,3,118.92
10954,3628,31,2,609.25
10955,3628,134,2,19.36
10956,3629,45,1,150.59
10957,3629,146,3,27.35
10958,3629,104,3,42.38
10959,3630,41,3,224.09
10960,3630,123,4,37.05
10961,3630,43,3,30.78
10962,3631,24,3,811.59
10963,3631,65,3,153.24
10964,3631,30,1,281.92
10965,3631,168,1,4.90
10966,3631,91,4,265.75
10967,3632,109,4,191.43
10968,3632,39,2,380.34
10969,3632,198,3,49.14
10970,3633,50,2,237.25
10971,3634,55,1,247.20
10972,3634,70,4,47.08
10973,3634,123,3,37.05
10974,3634,10,2,273.35
10975,3634,197,3,63.01
10976,3635,70,4,47.08
10977,3635,63,2,293.35
10978,3635,27,4,225.51
10979,3636,195,2,97.24
10980,3636,162,4,21.49
10981,3637,9,3,746.78
10982,3637,177,2,103.55
10983,3637,117,2,298.11
10984,3638,138,1,54.31
10985,3639,30,4,281.92
10986,3639,96,4,48.32
10987,3640,101,1,329.79
10988,3641,42,1,81.37
10989,3641,122,3,11.28
10990,3642,172,3,66.83
10991,3642,157,1,19.33
10992,3642,27,3,225.51
10993,3642,198,3,49.14
10994,3642,9,2,746.78
10995,3643,13,4,522.46
10996,3643,83,4,88.66
10997,3643,18,4,293.07
10998,3643,102,3,17.15
10999,3643,80,4,253.61
11000,3644,123,3,37.05
11001,3644,107,1,368.95
11002,3644,141,3,44.68
11003,3644,100,4,86.91
11004,3645,77,1,28.30
11005,3646,154,4,6.98
11006,3647,180,1,109.81
11007,3647,129,1,31.16
11008,3647,108,1,231.27
11009,3647,104,4,42.38
11010,3648,143,3,59.98
11011,3649,136,1,16.82
11012,3650,152,2,48.13
11013,3650,94,4,281.05
11014,3650,191,4,103.44
11015,3650,112,1,307.14
11016,3651,19,3,816.54
11017,3651,118,4,259.42
11018,3651,103,1,258.65
11019,3651,16,3,537.37
11020,3652,9,2,746.78
11021,3652,4,3,327.69
11022,3652,109,2,191.43
11023,3652,122,1,11.28
11024,3652,133,3,46.80
11025,3653,129,3,31.16
11026,3654,54,1,52.55
11027,3654,58,1,199.52
11028,3654,47,3,66.78
11029,3655,94,3,281.05
11030,3655,114,4,386.72
11031,3655,163,3,81.90
11032,3656,176,3,24.47
11033,3656,66,3,60.34
11034,3656,194,3,74.31
11035,3656,141,3,44.68
11036,3657,109,4,191.43
11037,3658,95,2,418.23
11038,3659,71,2,271.85
11039,3660,70,4,47.08
11040,3661,60,2,179.81
11041,3661,151,4,53.45
11042,3661,148,4,42.76
11043,3661,39,3,380.34
11044,3661,141,3,44.68
11045,3662,5,1,294.97
11046,3662,74,4,54.80
11047,3662,158,3,59.27
11048,3662,71,4,271.85
11049,3663,36,3,558.56
11050,3663,181,3,13.99
11051,3664,2,3,239.88
11052,3665,108,3,231.27
11053,3665,178,1,39.29
11054,3665,163,1,81.90
11055,3666,170,4,16.89
11056,3666,52,1,47.09
11057,3666,174,1,114.93
11058,3667,74,1,54.80
11059,3667,66,4,60.34
11060,3667,133,1,46.80
11061,3667,13,2,522.46
11062,3668,163,2,81.90
11063,3668,156,1,47.44
11064,3668,5,2,294.97
11065,3668,132,4,33.38
11066,3669,13,2,522.46
11067,3669,55,4,247.20
11068,3669,150,1,45.00
11069,3670,113,1,78.35
11070,3671,72,1,207.50
11071,3672,190,4,109.95
11072,3673,126,4,25.37
11073,3673,63,4,293.35
11074,3674,71,2,271.85
11075,3674,57,1,51.30
11076,3675,109,3,191.43
11077,3676,151,4,53.45
11078,3677,184,1,93.38
11079,3677,188,2,16.87
11080,3677,86,2,333.64
11081,3677,44,2,168.63
11082,3678,148,2,42.76
11083,3679,166,4,61.71
11084,3680,191,3,103.44
11085,3680,27,4,225.51
11086,3680,194,3,74.31
11087,3680,180,4,109.81
11088,3680,3,2,136.62
11089,3681,196,4,66.42
11090,3681,166,2,61.71
11091,3681,136,3,16.82
11092,3681,144,2,46.06
11093,3682,76,3,248.97
11094,3682,125,4,32.57
11095,3682,32,4,574.26
11096,3683,122,1,11.28
11097,3683,45,2,150.59
11098,3683,134,4,19.36
11099,3683,128,4,46.60
11100,3684,188,2,16.87
11101,3684,64,3,50.42
11102,3684,9,2,746.78
11103,3685,185,4,4.70
11104,3685,119,2,390.51
11105,3685,14,2,750.61
11106,3685,2,3,239.88
11107,3686,178,1,39.29
11108,3687,31,3,609.25
11109,3687,109,1,191.43
11110,3687,27,3,225.51
11111,3687,148,2,42.76
11112,3688,87,1,282.19
11113,3688,38,2,117.99
11114,3688,151,4,53.45
11115,3689,48,4,206.81
11116,3689,94,4,281.05
11117,3690,161,1,9.08
11118,3690,146,1,27.35
11119,3690,196,2,66.42
11120,3690,22,3,129.18
11121,3690,86,4,333.64
11122,3691,55,1,247.20
11123,3691,156,4,47.44
11124,3691,165,2,65.60
11125,3691,167,3,106.22
11126,3692,98,3,324.18
11127,3692,113,2,78.35
11128,3692,68,1,104.26
11129,3692,153,4,53.97
11130,3693,29,3,665.28
11131,3693,129,4,31.16
11132,3694,152,3,48.13
11133,3694,113,3,78.35
11134,3694,28,4,549.50
11135,3695,140,4,13.39
11136,3695,68,1,104.26
11137,3695,153,4,53.97
11138,3695,178,2,39.29
11139,3696,60,3,179.81
11140,3696,129,2,31.16
11141,3696,62,2,205.44
11142,3696,85,2,126.48
11143,3696,43,2,30.78
11144,3697,82,2,164.45
11145,3698,117,2,298.11
11146,3699,32,3,574.26
11147,3699,96,1,48.32
11148,3700,176,2,24.47
11149,3700,162,4,21.49
11150,3700,140,3,13.39
11151,3701,116,1,163.33
11152,3702,86,4,333.64
11153,3702,39,4,380.34
11154,3702,135,3,53.76
11155,3702,159,4,26.55
11156,3703,59,4,264.27
11157,3703,155,3,24.51
11158,3704,184,1,93.38
11159,3705,19,1,816.54
11160,3705,69,2,258.65
11161,3706,11,2,691.54
11162,3706,132,2,33.38
11163,3706,39,2,380.34
11164,3707,39,1,380.34
11165,3708,112,1,307.14
11166,3708,169,1,96.92
11167,3708,188,1,16.87
11168,3709,183,1,92.22
11169,3710,142,1,36.11
11170,3710,133,1,46.80
11171,3710,75,4,108.00
11172,3711,109,4,191.43
11173,3711,17,3,446.15
11174,3711,38,1,117.99
11175,3712,26,4,43.63
11176,3712,56,1,174.98
11177,3712,26,4,43.63
11178,3713,8,1,743.01
11179,3713,23,2,311.08
11180,3714,187,3,12.37
11181,3714,149,2,28.06
11182,3714,139,2,26.08
11183,3714,190,3,109.95
11184,3714,197,3,63.01
11185,3715,62,3,205.44
11186,3715,130,3,40.37
11187,3715,181,4,13.99
11188,3715,15,2,875.17
11189,3716,196,1,66.42
11190,3717,58,2,199.52
11191,3717,177,1,103.55
11192,3717,60,2,179.81
11193,3717,142,4,36.11
11194,3718,38,4,117.99
11195,3719,60,3,179.81
11196,3719,189,3,57.74
11197,3719,34,1,426.41
11198,3719,35,2,291.27
11199,3719,174,3,114.93
11200,3720,13,4,522.46
11201,3721,146,2,27.35
11202,3721,52,2,47.09
11203,3721,103,3,258.65
11204,3722,137,2,16.72
11205,3722,72,2,207.50
11206,3722,65,4,153.24
11207,3722,133,2,46.80
11208,3723,51,3,23.32
11209,3723,14,2,750.61
11210,3723,73,2,25.03
11211,3723,76,1,248.97
11212,3724,149,1,28.06
11213,3724,174,1,114.93
11214,3724,14,1,750.61
11215,3725,126,1,25.37
11216,3725,94,1,281.05
11217,3725,44,3,168.63
11218,3725,181,4,13.99
11219,3726,106,1,377.39
11220,3727,17,4,446.15
11221,3728,71,3,271.85
11222,3728,77,2,28.30
11223,3729,192,4,14.31
11224,3729,60,4,179.81
11225,3729,144,3,46.06
11226,3730,44,3,168.63
11227,3730,106,3,377.39
11228,3730,197,2,63.01
11229,3730,116,4,163.33
11230,3731,174,2,114.93
11231,3731,52,4,47.09
11232,3731,32,4,574.26
11233,3731,104,2,42.38
11234,3731,81,3,310.43
11235,3732,136,4,16.82
11236,3732,115,4,308.68
11237,3733,145,3,16.73
11238,3733,141,3,44.68
11239,3734,196,3,66.42
11240,3734,40,2,633.55
11241,3734,157,2,19.33
11242,3734,145,2,16.73
11243,3735,54,2,52.55
11244,3735,86,4,333.64
11245,3735,37,2,429.72
11246,3736,193,1,94.03
11247,3736,10,4,273.35
11248,3737,170,3,16.89
11249,3737,116,4,163.33
11250,3738,47,2,66.78
11251,3738,97,1,388.13
11252,3738,96,4,48.32
11253,3738,78,4,92.26
11254,3739,198,4,49.14
11255,3739,43,4,30.78
11256,3740,161,1,9.08
11257,3740,161,2,9.08
11258,3740,15,1,875.17
11259,3740,153,2,53.97
11260,3741,80,2,253.61
11261,3741,43,2,30.78
11262,3741,54,2,52.55
11263,3741,128,3,46.60
11264,3742,133,1,46.80
11265,3742,194,3,74.31
11266,3743,85,1,126.48
11267,3744,172,4,66.83
11268,3744,39,3,380.34
11269,3744,96,4,48.32
11270,3744,101,2,329.79
11271,3744,72,1,207.50
11272,3745,79,3,233.68
11273,3745,31,2,609.25
11274,3745,72,3,207.50
11275,3745,45,3,150.59
11276,3745,85,4,126.48
11277,3746,157,2,19.33
11278,3746,123,3,37.05
11279,3746,49,2,182.19
11280,3747,124,3,44.55
11281,3747,119,3,390.51
11282,3747,180,1,109.81
11283,3747,51,3,23.32
11284,3747,65,4,153.24
11285,3748,20,3,150.57
11286,3749,149,3,28.06
11287,3749,16,2,537.37
11288,3750,71,4,271.85
11289,3750,189,2,57.74
11290,3750,128,3,46.60
11291,3751,102,4,17.15
11292,3751,22,2,129.18
11293,3751,161,2,9.08
11294,3751,189,3,57.74
11295,3751,193,4,94.03
11296,3752,98,1,324.18
11297,3753,51,2,23.32
11298,3753,165,4,65.60
11299,3753,113,1,78.35
11300,3754,4,4,327.69
11301,3754,129,4,31.16
11302,3754,166,2,61.71
11303,3754,110,2,431.78
11304,3755,149,3,28.06
11305,3756,29,1,665.28
11306,3756,82,3,164.45
11307,3757,46,3,30.13
11308,3757,200,4,21.95
11309,3757,162,1,21.49
11310,3757,71,4,271.85
11311,3757,180,4,109.81
11312,3758,73,4,25.03
11313,3758,103,4,258.65
11314,3758,75,2,108.00
11315,3759,8,3,743.01
11316,3759,113,4,78.35
11317,3759,123,2,37.05
11318,3759,169,1,96.92
11319,3759,5,3,294.97
11320,3760,100,1,86.91
11321,3761,143,2,59.98
11322,3762,116,3,163.33
11323,3762,11,2,691.54
11324,3763,49,4,182.19
11325,3763,101,2,329.79
11326,3763,66,1,60.34
11327,3764,3,3,136.62
11328,3764,83,1,88.66
11329,3764,193,2,94.03
11330,3764,4,4,327.69
11331,3765,58,4,199.52
11332,3765,146,4,27.35
11333,3766,40,4,633.55
11334,3766,94,1,281.05
11335,3767,38,2,117.99
11336,3768,156,1,47.44
11337,3768,149,4,28.06
11338,3768,158,3,59.27
11339,3769,52,4,47.09
11340,3769,84,4,198.78
11341,3769,113,1,78.35
11342,3769,185,2,4.70
11343,3769,190,2,109.95
11344,3770,109,3,191.43
11345,3771,80,1,253.61
11346,3771,175,4,53.39
11347,3771,126,1,25.37
11348,3771,10,1,273.35
11349,3771,32,3,574.26
11350,3772,34,3,426.41
11351,3772,48,4,206.81
11352,3772,52,4,47.09
11353,3772,5,2,294.97
11354,3772,10,1,273.35
11355,3773,193,2,94.03
11356,3773,42,1,81.37
11357,3774,69,4,258.65
11358,3774,167,1,106.22
11359,3774,200,4,21.95
11360,3775,139,2,26.08
11361,3775,53,2,108.74
11362,3775,183,4,92.22
11363,3775,36,3,558.56
11364,3775,6,4,871.62
11365,3776,175,3,53.39
11366,3776,26,3,43.63
11367,3776,67,2,39.92
11368,3776,148,2,42.76
11369,3777,71,3,271.85
11370,3777,103,4,258.65
11371,3778,57,1,51.30
11372,3779,180,4,109.81
11373,3780,18,1,293.07
11374,3780,50,3,237.25
11375,3780,93,4,318.36
11376,3780,144,1,46.06
11377,3781,150,3,45.00
11378,3781,188,2,16.87
11379,3781,43,3,30.78
11380,3782,102,4,17.15
11381,3783,21,4,540.25
11382,3783,186,4,118.92
11383,3784,109,4,191.43
11384,3784,181,4,13.99
11385,3784,21,3,540.25
11386,3785,92,2,391.62
11387,3785,178,3,39.29
11388,3785,34,4,426.41
11389,3785,109,4,191.43
11390,3785,54,2,52.55
11391,3786,2,2,239.88
11392,3786,162,3,21.49
11393,3786,117,2,298.11
11394,3786,112,2,307.14
11395,3786,29,3,665.28
11396,3787,64,4,50.42
11397,3788,82,3,164.45
11398,3788,162,2,21.49
11399,3788,152,4,48.13
11400,3788,56,4,174.98
11401,3788,16,3,537.37
11402,3789,50,1,237.25
11403,3789,162,4,21.49
11404,3790,23,3,311.08
11405,3790,4,4,327.69
11406,3790,98,4,324.18
11407,3791,125,1,32.57
11408,3791,71,4,271.85
11409,3791,138,1,54.31
11410,3791,133,3,46.80
11411,3791,81,2,310.43
11412,3792,59,4,264.27
11413,3793,50,2,237.25
11414,3794,66,3,60.34
11415,3794,186,3,118.92
11416,3795,196,4,66.42
11417,3795,176,1,24.47
11418,3795,96,1,48.32
11419,3796,15,1,875.17
11420,3796,87,1,282.19
11421,3796,182,2,100.88
11422,3797,43,2,30.78
11423,3797,16,3,537.37
11424,3797,72,3,207.50
11425,3797,192,3,14.31
11426,3797,172,3,66.83
11427,3798,191,1,103.44
11428,3798,185,4,4.70
11429,3798,91,2,265.75
11430,3798,22,1,129.18
11431,3799,165,2,65.60
11432,3799,136,3,16.82
11433,3799,149,1,28.06
11434,3800,34,4,426.41
11435,3800,108,4,231.27
11436,3800,180,3,109.81
11437,3800,63,4,293.35
11438,3801,16,1,537.37
11439,3801,116,3,163.33
11440,3802,106,2,377.39
11441,3803,196,1,66.42
11442,3803,127,4,45.09
11443,3804,9,3,746.78
11444,3805,162,4,21.49
11445,3805,46,4,30.13
11446,3806,140,1,13.39
11447,3806,118,1,259.42
11448,3806,161,3,9.08
11449,3806,80,3,253.61
11450,3807,82,2,164.45
11451,3807,122,3,11.28
11452,3807,6,3,871.62
11453,3807,59,2,264.27
11454,3807,194,1,74.31
11455,3808,194,1,74.31
11456,3808,137,1,16.72
11457,3808,50,1,237.25
11458,3808,122,4,11.28
11459,3809,184,4,93.38
11460,3809,64,1,50.42
11461,3810,164,1,69.89
11462,3810,178,1,39.29
11463,3810,78,4,92.26
11464,3810,3,4,136.62
11465,3810,13,1,522.46
11466,3811,105,1,27.39
11467,3811,32,2,574.26
11468,3811,24,3,811.59
11469,3812,86,2,333.64
11470,3813,52,4,47.09
11471,3814,39,2,380.34
11472,3814,200,2,21.95
11473,3814,116,1,163.33
11474,3814,95,2,418.23
11475,3814,56,3,174.98
11476,3815,46,3,30.13
11477,3815,175,3,53.39
11478,3815,17,1,446.15
11479,3816,189,2,57.74
11480,3817,87,3,282.19
11481,3817,90,2,370.03
11482,3817,46,1,30.13
11483,3817,146,2,27.35
11484,3818,17,3,446.15
11485,3818,114,1,386.72
11486,3818,146,2,27.35
11487,3818,174,2,114.93
11488,3818,64,4,50.42
11489,3819,64,1,50.42
11490,3819,123,3,37.05
11491,3819,184,3,93.38
11492,3819,101,2,329.79
11493,3819,140,1,13.39
11494,3820,176,1,24.47
11495,3820,60,3,179.81
11496,3820,176,2,24.47
11497,3820,180,3,109.81
11498,3821,200,3,21.95
11499,3821,30,4,281.92
11500,3821,37,1,429.72
11501,3821,141,4,44.68
11502,3822,31,3,609.25
11503,3822,97,3,388.13
11504,3822,196,2,66.42
11505,3822,57,1,51.30
11506,3822,166,1,61.71
11507,3823,56,3,174.98
11508,3824,175,3,53.39
11509,3824,36,1,558.56
11510,3825,59,2,264.27
11511,3826,56,3,174.98
11512,3826,155,4,24.51
11513,3827,159,2,26.55
11514,3827,3,3,136.62
11515,3827,99,2,151.45
11516,3827,20,1,150.57
11517,3828,131,3,51.37
11518,3828,196,3,66.42
11519,3828,25,4,250.49
11520,3828,13,4,522.46
11521,3829,137,1,16.72
11522,3829,135,1,53.76
11523,3829,81,1,310.43
11524,3830,9,3,746.78
11525,3830,2,4,239.88
11526,3831,52,3,47.09
11527,3831,90,3,370.03
11528,3831,63,4,293.35
11529,3831,185,4,4.70
11530,3832,128,4,46.60
11531,3832,64,3,50.42
11532,3832,168,3,4.90
11533,3832,15,4,875.17
11534,3833,189,2,57.74
11535,3833,98,2,324.18
11536,3834,45,1,150.59
11537,3835,144,3,46.06
11538,3835,153,3,53.97
11539,3836,183,3,92.22
11540,3837,70,3,47.08
11541,3837,15,1,875.17
11542,3837,151,1,53.45
11543,3837,106,2,377.39
11544,3837,77,2,28.30
11545,3838,9,4,746.78
11546,3838,60,2,179.81
11547,3838,55,2,247.20
11548,3838,47,1,66.78
11549,3838,50,3,237.25
11550,3839,57,2,51.30
11551,3839,163,3,81.90
11552,3839,96,1,48.32
11553,3840,197,2,63.01
11554,3840,170,4,16.89
11555,3841,32,4,574.26
11556,3841,42,4,81.37
11557,3841,3,3,136.62
11558,3842,69,4,258.65
11559,3842,49,1,182.19
11560,3842,40,2,633.55
11561,3843,142,2,36.11
11562,3843,102,2,17.15
11563,3843,184,4,93.38
11564,3843,4,2,327.69
11565,3843,107,1,368.95
11566,3844,124,4,44.55
11567,3844,54,3,52.55
11568,3844,117,1,298.11
11569,3844,176,4,24.47
11570,3844,20,1,150.57
11571,3845,117,2,298.11
11572,3845,138,1,54.31
11573,3846,45,2,150.59
11574,3846,46,3,30.13
11575,3846,46,1,30.13
11576,3846,84,1,198.78
11577,3846,108,1,231.27
11578,3847,28,1,549.50
11579,3847,135,1,53.76
11580,3847,22,4,129.18
11581,3848,16,2,537.37
11582,3848,101,4,329.79
11583,3849,29,3,665.28
11584,3849,124,3,44.55
11585,3849,6,4,871.62
11586,3849,63,1,293.35
11587,3850,114,1,386.72
11588,3850,130,1,40.37
11589,3851,31,2,609.25
11590,3851,84,3,198.78
11591,3852,200,2,21.95
11592,3852,182,4,100.88
11593,3852,176,2,24.47
11594,3852,4,4,327.69
11595,3852,165,1,65.60
11596,3853,78,3,92.26
11597,3854,29,1,665.28
11598,3854,102,1,17.15
11599,3854,83,3,88.66
11600,3854,11,4,691.54
11601,3855,75,1,108.00
11602,3855,189,1,57.74
11603,3856,18,2,293.07
11604,3856,121,2,40.24
11605,3857,143,3,59.98
11606,3858,40,3,633.55
11607,3858,1,3,500.72
11608,3859,63,3,293.35
11609,3859,107,3,368.95
11610,3860,65,3,153.24
11611,3861,188,1,16.87
11612,3862,38,3,117.99
11613,3863,40,4,633.55
11614,3863,60,2,179.81
11615,3863,64,2,50.42
11616,3864,31,1,609.25
11617,3864,34,1,426.41
11618,3864,9,4,746.78
11619,3864,112,2,307.14
11620,3864,113,2,78.35
11621,3865,48,2,206.81
11622,3865,179,1,29.88
11623,3865,6,3,871.62
11624,3866,94,3,281.05
11625,3866,89,3,183.76
11626,3866,26,4,43.63
11627,3866,60,2,179.81
11628,3866,104,2,42.38
11629,3867,164,2,69.89
11630,3867,127,2,45.09
11631,3867,190,1,109.95
11632,3867,150,2,45.00
11633,3868,173,2,93.51
11634,3869,58,4,199.52
11635,3869,95,3,418.23
11636,3870,66,4,60.34
11637,3870,70,4,47.08
11638,3870,175,2,53.39
11639,3870,183,3,92.22
11640,3870,56,1,174.98
11641,3871,96,3,48.32
11642,3871,102,1,17.15
11643,3872,23,4,311.08
11644,3872,79,3,233.68
11645,3872,14,1,750.61
11646,3872,134,1,19.36
11647,3873,135,2,53.76
11648,3873,51,2,23.32
11649,3874,103,3,258.65
11650,3875,142,2,36.11
11651,3875,142,1,36.11
11652,3875,137,4,16.72
11653,3876,38,1,117.99
11654,3876,152,2,48.13
11655,3876,2,1,239.88
11656,3876,57,1,51.30
11657,3876,27,2,225.51
11658,3877,150,1,45.00
11659,3877,19,4,816.54
11660,3877,46,2,30.13
11661,3877,46,3,30.13
11662,3877,182,3,100.88
11663,3878,173,1,93.51
11664,3878,53,4,108.74
11665,3878,138,4,54.31
11666,3878,164,4,69.89
11667,3878,128,3,46.60
11668,3879,43,4,30.78
11669,3879,49,2,182.19
11670,3879,192,3,14.31
11671,3880,55,1,247.20
11672,3880,77,1,28.30
11673,3880,10,4,273.35
11674,3880,138,1,54.31
11675,3880,123,2,37.05
11676,3881,131,1,51.37
11677,3881,15,1,875.17
11678,3881,186,2,118.92
11679,3881,159,1,26.55
11680,3882,182,1,100.88
11681,3882,168,3,4.90
11682,3882,4,3,327.69
11683,3883,39,2,380.34
11684,3883,69,1,258.65
11685,3884,191,2,103.44
11686,3884,184,1,93.38
11687,3884,170,2,16.89
11688,3885,126,4,25.37
11689,3885,43,4,30.78
11690,3885,172,4,66.83
11691,3885,40,2,633.55
11692,3885,131,3,51.37
11693,3886,181,3,13.99
11694,3886,77,2,28.30
11695,3886,185,2,4.70
11696,3887,34,4,426.41
11697,3888,27,3,225.51
11698,3888,49,3,182.19
11699,3888,38,1,117.99
11700,3888,67,3,39.92
11701,3888,170,4,16.89
11702,3889,39,1,380.34
11703,3890,196,2,66.42
11704,3890,100,3,86.91
11705,3890,38,4,117.99
11706,3890,6,2,871.62
11707,3891,168,4,4.90
11708,3892,198,1,49.14
11709,3892,170,2,16.89
11710,3892,104,3,42.38
11711,3892,35,4,291.27
11712,3893,184,2,93.38
11713,3893,149,2,28.06
11714,3893,73,3,25.03
11715,3894,178,3,39.29
11716,3895,65,4,153.24
11717,3896,164,2,69.89
11718,3896,121,4,40.24
11719,3897,52,2,47.09
11720,3897,41,3,224.09
11721,3897,181,3,13.99
11722,3897,157,4,19.33
11723,3897,8,1,743.01
11724,3898,149,2,28.06
11725,3898,60,3,179.81
11726,3899,97,2,388.13
11727,3899,30,4,281.92
11728,3899,146,1,27.35
11729,3899,102,1,17.15
11730,3900,40,2,633.55
11731,3901,124,1,44.55
11732,3901,59,4,264.27
11733,3902,66,4,60.34
11734,3902,193,2,94.03
11735,3902,1,4,500.72
11736,3902,172,1,66.83
11737,3902,138,2,54.31
11738,3903,100,2,86.91
11739,3903,66,3,60.34
11740,3904,67,4,39.92
11741,3904,123,3,37.05
11742,3905,130,3,40.37
11743,3905,82,2,164.45
11744,3906,56,2,174.98
11745,3906,190,2,109.95
11746,3907,16,4,537.37
11747,3907,107,2,368.95
11748,3908,125,2,32.57
11749,3908,105,1,27.39
11750,3908,177,2,103.55
11751,3908,135,2,53.76
11752,3908,94,1,281.05
11753,3909,142,4,36.11
11754,3910,170,3,16.89
11755,3910,130,3,40.37
11756,3910,3,1,136.62
11757,3911,101,2,329.79
11758,3911,26,3,43.63
11759,3911,46,2,30.13
11760,3911,163,1,81.90
11761,3912,132,2,33.38
11762,3912,122,4,11.28
11763,3912,98,4,324.18
11764,3912,5,1,294.97
11765,3913,114,4,386.72
11766,3913,59,2,264.27
11767,3913,27,1,225.51
11768,3914,4,2,327.69
11769,3914,188,3,16.87
11770,3915,21,1,540.25
11771,3915,107,2,368.95
11772,3915,200,2,21.95
11773,3916,27,2,225.51
11774,3916,117,1,298.11
11775,3916,174,4,114.93
11776,3916,125,1,32.57
11777,3916,121,3,40.24
11778,3917,16,1,537.37
11779,3917,118,4,259.42
11780,3918,134,4,19.36
11781,3918,191,4,103.44
11782,3918,192,2,14.31
11783,3918,38,4,117.99
11784,3919,140,4,13.39
11785,3919,95,4,418.23
11786,3919,192,3,14.31
11787,3919,148,3,42.76
11788,3919,4,4,327.69
11789,3920,54,1,52.55
11790,3920,170,2,16.89
11791,3920,22,3,129.18
11792,3920,64,1,50.42
11793,3921,82,1,164.45
11794,3922,100,3,86.91
11795,3922,55,1,247.20
11796,3922,96,3,48.32
11797,3923,64,4,50.42
11798,3924,194,4,74.31
11799,3924,166,4,61.71
11800,3924,197,3,63.01
11801,3924,189,4,57.74
11802,3925,152,4,48.13
11803,3926,130,1,40.37
11804,3926,152,1,48.13
11805,3926,95,3,418.23
11806,3926,151,2,53.45
11807,3926,6,3,871.62
11808,3927,24,3,811.59
11809,3927,187,2,12.37
11810,3927,106,4,377.39
11811,3927,160,1,45.74
11812,3927,180,2,109.81
11813,3928,6,2,871.62
11814,3928,39,4,380.34
11815,3929,195,3,97.24
11816,3929,15,4,875.17
11817,3929,96,4,48.32
11818,3929,181,4,13.99
11819,3930,57,1,51.30
11820,3931,35,4,291.27
11821,3931,62,4,205.44
11822,3931,161,1,9.08
11823,3931,29,1,665.28
11824,3932,72,2,207.50
11825,3932,174,1,114.93
11826,3932,52,1,47.09
11827,3933,30,3,281.92
11828,3933,35,1,291.27
11829,3933,71,2,271.85
11830,3933,90,4,370.03
11831,3934,59,3,264.27
11832,3934,123,3,37.05
11833,3934,177,4,103.55
11834,3935,76,4,248.97
11835,3935,14,2,750.61
11836,3935,66,1,60.34
11837,3935,109,1,191.43
11838,3936,168,1,4.90
11839,3936,94,3,281.05
11840,3936,155,2,24.51
11841,3936,115,4,308.68
11842,3937,157,4,19.33
11843,3937,109,3,191.43
11844,3938,135,3,53.76
11845,3939,27,3,225.51
11846,3939,52,2,47.09
11847,3939,35,2,291.27
11848,3939,193,3,94.03
11849,3939,149,1,28.06
11850,3940,172,2,66.83
11851,3941,156,1,47.44
11852,3941,190,1,109.95
11853,3941,174,1,114.93
11854,3941,195,3,97.24
11855,3942,133,3,46.80
11856,3943,111,1,295.40
11857,3943,139,1,26.08
11858,3943,145,4,16.73
11859,3944,87,1,282.19
11860,3944,73,3,25.03
11861,3945,97,2,388.13
11862,3945,185,3,4.70
11863,3945,18,3,293.07
11864,3945,102,2,17.15
11865,3946,94,4,281.05
11866,3946,24,4,811.59
11867,3946,190,3,109.95
11868,3946,76,3,248.97
11869,3946,137,4,16.72
11870,3947,20,2,150.57
11871,3947,141,2,44.68
11872,3947,52,4,47.09
11873,3948,189,4,57.74
11874,3948,106,2,377.39
11875,3948,56,3,174.98
11876,3948,191,4,103.44
11877,3949,200,4,21.95
11878,3949,190,4,109.95
11879,3950,66,4,60.34
11880,3951,16,3,537.37
11881,3951,52,1,47.09
11882,3951,40,2,633.55
11883,3952,123,4,37.05
11884,3953,11,1,691.54
11885,3953,190,4,109.95
11886,3954,29,1,665.28
11887,3954,1,1,500.72
11888,3954,133,2,46.80
11889,3954,24,4,811.59
11890,3955,2,1,239.88
11891,3955,149,2,28.06
11892,3955,15,3,875.17
11893,3956,98,4,324.18
11894,3956,79,4,233.68
11895,3956,180,1,109.81
11896,3956,156,2,47.44
11897,3957,172,3,66.83
11898,3957,39,2,380.34
11899,3957,166,4,61.71
11900,3958,58,2,199.52
11901,3958,128,2,46.60
11902,3959,173,4,93.51
11903,3959,15,1,875.17
11904,3959,119,4,390.51
11905,3959,8,2,743.01
11906,3960,100,1,86.91
11907,3960,67,1,39.92
11908,3960,198,3,49.14
11909,3960,57,1,51.30
11910,3961,137,1,16.72
11911,3962,83,2,88.66
11912,3962,196,2,66.42
11913,3963,116,3,163.33
11914,3964,69,4,258.65
11915,3964,135,2,53.76
11916,3964,76,2,248.97
11917,3965,43,3,30.78
11918,3965,32,4,574.26
11919,3965,127,2,45.09
11920,3966,170,3,16.89
11921,3967,140,3,13.39
11922,3967,172,1,66.83
11923,3967,17,3,446.15
11924,3967,63,3,293.35
11925,3967,83,4,88.66
11926,3968,51,1,23.32
11927,3968,98,1,324.18
11928,3968,97,4,388.13
11929,3968,70,4,47.08
11930,3969,137,2,16.72
11931,3969,5,3,294.97
11932,3969,18,2,293.07
11933,3969,125,3,32.57
11934,3970,164,3,69.89
11935,3970,155,4,24.51
11936,3970,92,1,391.62
11937,3970,58,4,199.52
11938,3971,93,3,318.36
11939,3971,185,4,4.70
11940,3971,18,4,293.07
11941,3971,52,2,47.09
11942,3971,8,1,743.01
11943,3972,68,1,104.26
11944,3972,59,3,264.27
11945,3972,49,4,182.19
11946,3972,5,3,294.97
11947,3973,187,4,12.37
11948,3973,166,1,61.71
11949,3973,167,2,106.22
11950,3974,97,4,388.13
11951,3975,142,2,36.11
11952,3975,176,2,24.47
11953,3975,126,3,25.37
11954,3975,53,3,108.74
11955,3976,22,2,129.18
11956,3977,81,4,310.43
11957,3977,146,3,27.35
11958,3978,97,2,388.13
11959,3978,108,3,231.27
11960,3978,38,2,117.99
11961,3978,57,4,51.30
11962,3979,186,1,118.92
11963,3979,37,2,429.72
11964,3979,143,3,59.98
11965,3979,21,4,540.25
11966,3979,95,1,418.23
11967,3980,8,3,743.01
11968,3981,116,3,163.33
11969,3981,101,1,329.79
11970,3981,175,4,53.39
11971,3981,143,4,59.98
11972,3982,190,3,109.95
11973,3983,37,1,429.72
11974,3984,175,3,53.39
11975,3984,79,3,233.68
11976,3984,55,4,247.20
11977,3984,150,1,45.00
11978,3985,32,2,574.26
11979,3985,102,3,17.15
11980,3985,56,4,174.98
11981,3985,110,1,431.78
11982,3985,163,3,81.90
11983,3986,175,4,53.39
11984,3986,151,4,53.45
11985,3986,175,4,53.39
11986,3986,115,1,308.68
11987,3986,136,3,16.82
11988,3987,69,1,258.65
11989,3987,190,3,109.95
11990,3987,57,1,51.30
11991,3987,4,1,327.69
11992,3987,184,1,93.38
11993,3988,110,1,431.78
11994,3988,174,3,114.93
11995,3989,184,1,93.38
11996,3989,187,2,12.37
11997,3990,8,1,743.01
11998,3990,82,1,164.45
11999,3990,68,3,104.26
12000,3991,72,3,207.50
12001,3991,112,1,307.14
12002,3991,118,1,259.42
12003,3991,133,3,46.80
12004,3992,128,1,46.60
12005,3992,80,3,253.61
12006,3992,24,2,811.59
12007,3992,175,2,53.39
12008,3993,155,4,24.51
12009,3993,60,4,179.81
12010,3993,9,2,746.78
12011,3994,172,3,66.83
12012,3994,200,1,21.95
12013,3994,59,3,264.27
12014,3995,153,2,53.97
12015,3995,138,1,54.31
12016,3995,76,4,248.97
12017,3995,198,1,49.14
12018,3996,184,2,93.38
12019,3997,158,2,59.27
12020,3997,165,4,65.60
12021,3997,81,3,310.43
12022,3997,200,3,21.95
12023,3998,42,3,81.37
12024,3998,53,2,108.74
12025,3998,89,4,183.76
12026,3998,45,3,150.59
12027,3998,41,3,224.09
12028,3999,30,3,281.92
12029,3999,8,3,743.01
12030,3999,57,4,51.30
12031,3999,119,2,390.51
12032,4000,154,4,6.98
12033,4000,101,1,329.79
12034,4001,41,3,224.09
12035,4001,95,4,418.23
12036,4001,168,3,4.90
12037,4001,139,3,26.08
12038,4002,49,2,182.19
12039,4003,51,1,23.32
12040,4003,71,2,271.85
12041,4003,125,2,32.57
12042,4004,93,2,318.36
12043,4004,184,4,93.38
12044,4004,20,3,150.57
12045,4005,65,1,153.24
12046,4005,22,1,129.18
12047,4005,3,2,136.62
12048,4005,137,2,16.72
12049,4006,158,3,59.27
12050,4007,20,4,150.57
12051,4007,37,1,429.72
12052,4007,73,4,25.03
12053,4007,175,2,53.39
12054,4008,128,4,46.60
12055,4009,27,4,225.51
12056,4009,175,1,53.39
12057,4009,117,2,298.11
12058,4010,95,1,418.23
12059,4011,21,3,540.25
12060,4011,138,3,54.31
12061,4011,188,2,16.87
12062,4012,189,1,57.74
12063,4012,85,4,126.48
12064,4012,190,4,109.95
12065,4012,19,2,816.54
12066,4013,191,1,103.44
12067,4013,117,4,298.11
12068,4014,91,2,265.75
12069,4014,105,2,27.39
12070,4014,122,3,11.28
12071,4014,141,1,44.68
12072,4015,103,4,258.65
12073,4015,186,4,118.92
12074,4015,162,1,21.49
12075,4016,146,3,27.35
12076,4016,92,2,391.62
12077,4017,174,2,114.93
12078,4017,132,2,33.38
12079,4017,45,4,150.59
12080,4017,69,3,258.65
12081,4018,175,3,53.39
12082,4019,181,3,13.99
12083,4019,55,2,247.20
12084,4019,44,2,168.63
12085,4019,174,3,114.93
12086,4020,178,2,39.29
12087,4020,53,2,108.74
12088,4020,123,2,37.05
12089,4020,60,4,179.81
12090,4021,94,1,281.05
12091,4021,105,3,27.39
12092,4021,89,1,183.76
12093,4021,51,1,23.32
12094,4022,50,1,237.25
12095,4022,185,1,4.70
12096,4022,6,3,871.62
12097,4022,127,3,45.09
12098,4022,196,3,66.42
12099,4023,98,3,324.18
12100,4024,71,4,271.85
12101,4024,74,3,54.80
12102,4024,91,3,265.75
12103,4024,178,3,39.29
12104,4025,126,3,25.37
12105,4026,192,1,14.31
12106,4026,159,1,26.55
12107,4027,161,1,9.08
12108,4027,77,1,28.30
12109,4027,57,1,51.30
12110,4028,60,1,179.81
12111,4028,115,3,308.68
12112,4028,182,4,100.88
12113,4028,39,4,380.34
12114,4028,32,1,574.26
12115,4029,138,4,54.31
12116,4029,15,2,875.17
12117,4029,45,2,150.59
12118,4029,16,4,537.37
12119,4029,71,4,271.85
12120,4030,139,4,26.08
12121,4030,114,1,386.72
12122,4030,90,4,370.03
12123,4030,143,4,59.98
12124,4030,177,2,103.55
12125,4031,150,1,45.00
12126,4031,111,4,295.40
12127,4031,191,1,103.44
12128,4032,8,1,743.01
12129,4032,49,2,182.19
12130,4032,12,1,788.04
12131,4033,191,1,103.44
12132,4034,21,4,540.25
12133,4034,141,2,44.68
12134,4035,165,4,65.60
12135,4035,63,1,293.35
12136,4036,76,1,248.97
12137,4036,126,4,25.37
12138,4036,25,3,250.49
12139,4036,188,4,16.87
12140,4036,39,3,380.34
12141,4037,188,1,16.87
12142,4037,36,1,558.56
12143,4038,112,4,307.14
12144,4038,51,3,23.32
12145,4038,162,3,21.49
12146,4038,186,3,118.92
12147,4038,162,2,21.49
12148,4039,103,2,258.65
12149,4039,84,2,198.78
12150,4039,181,2,13.99
12151,4039,124,1,44.55
12152,4040,79,3,233.68
12153,4040,96,1,48.32
12154,4040,12,2,788.04
12155,4041,116,3,163.33
12156,4041,87,1,282.19
12157,4042,65,2,153.24
12158,4043,177,2,103.55
12159,4044,170,4,16.89
12160,4045,193,3,94.03
12161,4046,19,1,816.54
12162,4046,59,2,264.27
12163,4046,173,3,93.51
12164,4047,73,2,25.03
12165,4047,93,2,318.36
12166,4047,183,4,92.22
12167,4048,119,4,390.51
12168,4049,40,3,633.55
12169,4049,154,1,6.98
12170,4049,109,1,191.43
12171,4049,26,4,43.63
12172,4049,94,2,281.05
12173,4050,176,3,24.47
12174,4050,126,2,25.37
12175,4050,11,4,691.54
12176,4051,169,4,96.92
12177,4051,200,4,21.95
12178,4051,119,1,390.51
12179,4052,151,2,53.45
12180,4053,198,2,49.14
12181,4054,180,2,109.81
12182,4055,68,1,104.26
12183,4055,131,1,51.37
12184,4055,59,3,264.27
12185,4055,159,2,26.55
12186,4055,46,2,30.13
12187,4056,183,3,92.22
12188,4056,14,1,750.61
12189,4056,90,2,370.03
12190,4056,60,1,179.81
12191,4056,44,1,168.63
12192,4057,157,3,19.33
12193,4057,134,1,19.36
12194,4058,26,4,43.63
12195,4058,179,2,29.88
12196,4058,139,2,26.08
12197,4059,159,4,26.55
12198,4060,131,4,51.37
12199,4060,57,4,51.30
12200,4060,91,4,265.75
12201,4060,84,3,198.78
12202,4061,15,4,875.17
12203,4061,110,2,431.78
12204,4061,98,1,324.18
12205,4061,68,2,104.26
12206,4062,93,2,318.36
12207,4062,108,2,231.27
12208,4063,111,3,295.40
12209,4063,17,1,446.15
12210,4064,175,4,53.39
12211,4065,31,1,609.25
12212,4065,14,4,750.61
12213,4065,95,4,418.23
12214,4065,130,4,40.37
12215,4066,129,3,31.16
12216,4067,48,4,206.81
12217,4067,92,4,391.62
12218,4067,11,4,691.54
12219,4067,40,2,633.55
12220,4067,19,1,816.54
12221,4068,150,3,45.00
12222,4068,76,4,248.97
12223,4068,98,3,324.18
12224,4069,108,4,231.27
12225,4069,151,1,53.45
12226,4069,97,2,388.13
12227,4070,180,3,109.81
12228,4070,50,2,237.25
12229,4071,31,4,609.25
12230,4071,6,2,871.62
12231,4071,128,4,46.60
12232,4072,140,2,13.39
12233,4072,139,4,26.08
12234,4072,91,4,265.75
12235,4073,134,1,19.36
12236,4074,148,1,42.76
12237,4074,27,3,225.51
12238,4074,79,1,233.68
12239,4075,163,4,81.90
12240,4075,152,3,48.13
12241,4075,117,4,298.11
12242,4075,20,2,150.57
12243,4075,75,2,108.00
12244,4076,194,1,74.31
12245,4076,109,2,191.43
12246,4077,29,1,665.28
12247,4077,94,1,281.05
12248,4077,162,1,21.49
12249,4077,163,1,81.90
12250,4078,106,3,377.39
12251,4078,22,1,129.18
12252,4078,60,4,179.81
12253,4078,177,3,103.55
12254,4079,130,3,40.37
12255,4079,114,3,386.72
12256,4079,44,1,168.63
12257,4079,71,2,271.85
12258,4079,77,3,28.30
12259,4080,29,3,665.28
12260,4080,100,4,86.91
12261,4080,190,2,109.95
12262,4080,142,2,36.11
12263,4080,5,1,294.97
12264,4081,138,4,54.31
12265,4081,41,2,224.09
12266,4082,162,3,21.49
12267,4082,4,2,327.69
12268,4082,192,1,14.31
12269,4083,91,1,265.75
12270,4083,96,4,48.32
12271,4084,193,1,94.03
12272,4084,68,4,104.26
12273,4084,22,2,129.18
12274,4084,186,4,118.92
12275,4085,143,2,59.98
12276,4086,12,1,788.04
12277,4086,144,2,46.06
12278,4086,146,3,27.35
12279,4087,50,3,237.25
12280,4087,146,2,27.35
12281,4087,114,3,386.72
12282,4088,56,3,174.98
12283,4088,179,3,29.88
12284,4088,127,4,45.09
12285,4088,197,1,63.01
12286,4089,56,2,174.98
12287,4089,191,4,103.44
12288,4090,12,3,788.04
12289,4090,193,4,94.03
12290,4090,146,3,27.35
12291,4090,81,4,310.43
12292,4090,8,1,743.01
12293,4091,165,1,65.60
12294,4091,30,1,281.92
12295,4091,49,1,182.19
12296,4091,174,2,114.93
12297,4092,133,4,46.80
12298,4092,162,1,21.49
12299,4092,200,3,21.95
12300,4093,80,1,253.61
12301,4093,73,3,25.03
12302,4094,94,3,281.05
12303,4094,26,3,43.63
12304,4094,34,2,426.41
12305,4095,156,4,47.44
12306,4095,189,3,57.74
12307,4095,37,1,429.72
12308,4096,45,3,150.59
12309,4097,183,4,92.22
12310,4097,164,3,69.89
12311,4098,64,3,50.42
12312,4098,97,3,388.13
12313,4099,198,1,49.14
12314,4099,47,2,66.78
12315,4099,36,2,558.56
12316,4099,148,1,42.76
12317,4100,82,3,164.45
12318,4100,117,4,298.11
12319,4101,175,1,53.39
12320,4101,141,3,44.68
12321,4101,179,3,29.88
12322,4102,86,2,333.64
12323,4103,70,1,47.08
12324,4104,185,2,4.70
12325,4104,196,3,66.42
12326,4104,185,1,4.70
12327,4104,83,4,88.66
12328,4105,13,1,522.46
12329,4105,116,2,163.33
12330,4105,178,4,39.29
12331,4105,166,1,61.71
12332,4105,82,3,164.45
12333,4106,42,1,81.37
12334,4106,160,2,45.74
12335,4106,99,1,151.45
12336,4106,98,2,324.18
12337,4107,170,4,16.89
12338,4107,175,3,53.39
12339,4108,200,3,21.95
12340,4108,16,3,537.37
12341,4108,195,2,97.24
12342,4108,179,3,29.88
12343,4109,50,3,237.25
12344,4109,31,3,609.25
12345,4109,44,3,168.63
12346,4109,102,3,17.15
12347,4109,40,2,633.55
12348,4110,104,2,42.38
12349,4111,11,1,691.54
12350,4111,15,3,875.17
12351,4112,38,1,117.99
12352,4112,86,2,333.64
12353,4113,37,3,429.72
12354,4114,125,2,32.57
12355,4114,16,3,537.37
12356,4114,25,4,250.49
12357,4115,123,1,37.05
12358,4115,95,3,418.23
12359,4116,194,2,74.31
12360,4116,16,4,537.37
12361,4117,6,3,871.62
12362,4117,127,1,45.09
12363,4117,26,1,43.63
12364,4117,44,3,168.63
12365,4117,106,2,377.39
12366,4118,197,2,63.01
12367,4119,30,4,281.92
12368,4119,5,3,294.97
12369,4119,4,2,327.69
12370,4120,121,3,40.24
12371,4120,184,2,93.38
12372,4120,182,2,100.88
12373,4120,116,3,163.33
12374,4120,25,4,250.49
12375,4121,100,3,86.91
12376,4122,137,3,16.72
12377,4122,10,4,273.35
12378,4122,149,3,28.06
12379,4122,108,4,231.27
12380,4122,89,1,183.76
12381,4123,157,3,19.33
12382,4123,138,4,54.31
12383,4123,175,1,53.39
12384,4124,50,2,237.25
12385,4124,86,3,333.64
12386,4124,138,4,54.31
12387,4125,95,3,418.23
12388,4125,31,3,609.25
12389,4125,159,4,26.55
12390,4125,30,2,281.92
12391,4126,9,3,746.78
12392,4127,51,3,23.32
12393,4127,130,1,40.37
12394,4127,36,2,558.56
12395,4127,38,2,117.99
12396,4128,39,2,380.34
12397,4128,23,3,311.08
12398,4128,74,3,54.80
12399,4129,75,2,108.00
12400,4129,117,2,298.11
12401,4130,71,3,271.85
12402,4130,110,4,431.78
12403,4130,17,2,446.15
12404,4130,65,3,153.24
12405,4130,182,4,100.88
12406,4131,11,1,691.54
12407,4132,54,1,52.55
12408,4132,77,2,28.30
12409,4132,35,3,291.27
12410,4132,163,3,81.90
12411,4132,141,3,44.68
12412,4133,180,2,109.81
12413,4134,36,1,558.56
12414,4134,58,4,199.52
12415,4134,77,1,28.30
12416,4135,131,2,51.37
12417,4135,195,4,97.24
12418,4135,190,1,109.95
12419,4135,72,2,207.50
12420,4136,192,4,14.31
12421,4136,51,1,23.32
12422,4136,25,1,250.49
12423,4136,131,4,51.37
12424,4136,117,4,298.11
12425,4137,19,4,816.54
12426,4138,173,1,93.51
12427,4138,162,3,21.49
12428,4139,13,4,522.46
12429,4139,168,3,4.90
12430,4139,23,2,311.08
12431,4140,122,2,11.28
12432,4141,46,3,30.13
12433,4141,66,3,60.34
12434,4141,178,4,39.29
12435,4141,25,4,250.49
12436,4141,45,2,150.59
12437,4142,66,4,60.34
12438,4143,145,2,16.73
12439,4143,173,2,93.51
12440,4143,153,4,53.97
12441,4144,83,3,88.66
12442,4144,42,4,81.37
12443,4144,116,2,163.33
12444,4144,86,4,333.64
12445,4144,9,3,746.78
12446,4145,46,4,30.13
12447,4145,119,1,390.51
12448,4146,38,3,117.99
12449,4146,149,1,28.06
12450,4147,80,1,253.61
12451,4147,189,2,57.74
12452,4148,15,1,875.17
12453,4148,42,4,81.37
12454,4149,108,3,231.27
12455,4149,78,3,92.26
12456,4149,133,3,46.80
12457,4149,15,3,875.17
12458,4149,39,3,380.34
12459,4150,5,4,294.97
12460,4150,133,4,46.80
12461,4150,182,3,100.88
12462,4151,40,4,633.55
12463,4152,188,2,16.87
12464,4152,42,3,81.37
12465,4152,91,3,265.75
12466,4152,188,1,16.87
12467,4152,74,1,54.80
12468,4153,95,2,418.23
12469,4154,16,1,537.37
12470,4155,21,2,540.25
12471,4155,176,1,24.47
12472,4155,90,4,370.03
12473,4155,162,1,21.49
12474,4156,163,1,81.90
12475,4156,85,3,126.48
12476,4156,64,4,50.42
12477,4156,18,4,293.07
12478,4156,113,1,78.35
12479,4157,13,3,522.46
12480,4157,124,2,44.55
12481,4158,29,1,665.28
12482,4158,153,1,53.97
12483,4158,85,1,126.48
12484,4159,167,1,106.22
12485,4159,38,2,117.99
12486,4159,1,3,500.72
12487,4159,183,2,92.22
12488,4159,71,4,271.85
12489,4160,43,4,30.78
12490,4160,193,3,94.03
12491,4160,42,1,81.37
12492,4161,91,1,265.75
12493,4161,94,4,281.05
12494,4161,172,1,66.83
12495,4162,67,2,39.92
12496,4163,26,1,43.63
12497,4163,11,3,691.54
12498,4163,149,4,28.06
12499,4163,160,2,45.74
12500,4163,150,3,45.00
12501,4164,85,3,126.48
12502,4165,153,4,53.97
12503,4165,129,3,31.16
12504,4165,25,4,250.49
12505,4166,11,3,691.54
12506,4167,112,3,307.14
12507,4168,185,2,4.70
12508,4169,85,3,126.48
12509,4170,92,2,391.62
12510,4170,13,4,522.46
12511,4170,50,4,237.25
12512,4170,42,1,81.37
12513,4171,115,4,308.68
12514,4172,190,2,109.95
12515,4173,148,3,42.76
12516,4173,55,4,247.20
12517,4173,79,1,233.68
12518,4173,87,3,282.19
12519,4174,3,1,136.62
12520,4174,15,4,875.17
12521,4174,128,2,46.60
12522,4175,85,3,126.48
12523,4176,112,2,307.14
12524,4176,116,2,163.33
12525,4176,152,4,48.13
12526,4176,46,3,30.13
12527,4176,110,2,431.78
12528,4177,110,2,431.78
12529,4177,62,1,205.44
12530,4177,163,2,81.90
12531,4177,159,3,26.55
12532,4178,42,4,81.37
12533,4178,71,3,271.85
12534,4178,48,3,206.81
12535,4179,192,4,14.31
12536,4180,71,3,271.85
12537,4180,95,4,418.23
12538,4180,8,4,743.01
12539,4180,39,4,380.34
12540,4181,192,1,14.31
12541,4181,68,3,104.26
12542,4181,117,2,298.11
12543,4182,2,3,239.88
12544,4183,21,1,540.25
12545,4183,110,2,431.78
12546,4183,42,2,81.37
12547,4183,67,2,39.92
12548,4184,116,1,163.33
12549,4184,58,1,199.52
12550,4184,47,2,66.78
12551,4185,59,2,264.27
12552,4186,194,3,74.31
12553,4186,102,4,17.15
12554,4187,78,2,92.26
12555,4187,174,2,114.93
12556,4187,144,3,46.06
12557,4187,144,2,46.06
12558,4187,38,3,117.99
12559,4188,135,3,53.76
12560,4188,17,4,446.15
12561,4188,128,2,46.60
12562,4188,82,4,164.45
12563,4188,68,3,104.26
12564,4189,155,1,24.51
12565,4189,35,1,291.27
12566,4189,188,2,16.87
12567,4189,69,4,258.65
12568,4190,134,3,19.36
12569,4190,79,3,233.68
12570,4190,49,2,182.19
12571,4190,48,2,206.81
12572,4190,38,3,117.99
12573,4191,192,1,14.31
12574,4191,32,4,574.26
12575,4191,81,2,310.43
12576,4191,158,2,59.27
12577,4192,111,1,295.40
12578,4193,159,4,26.55
12579,4193,77,4,28.30
12580,4193,80,4,253.61
12581,4193,156,2,47.44
12582,4193,180,4,109.81
12583,4194,180,4,109.81
12584,4194,44,1,168.63
12585,4194,138,1,54.31
12586,4195,26,2,43.63
12587,4195,76,4,248.97
12588,4195,164,3,69.89
12589,4196,184,1,93.38
12590,4197,179,4,29.88
12591,4197,80,4,253.61
12592,4197,143,2,59.98
12593,4197,14,2,750.61
12594,4198,110,1,431.78
12595,4198,77,2,28.30
12596,4198,172,3,66.83
12597,4199,168,1,4.90
12598,4199,9,2,746.78
12599,4200,166,2,61.71
12600,4200,21,2,540.25
12601,4200,78,1,92.26
12602,4201,82,2,164.45
12603,4202,128,1,46.60
12604,4202,51,3,23.32
12605,4203,123,4,37.05
12606,4203,179,3,29.88
12607,4203,69,4,258.65
12608,4203,176,1,24.47
12609,4204,109,3,191.43
12610,4204,97,3,388.13
12611,4204,124,4,44.55
12612,4204,94,4,281.05
12613,4204,76,3,248.97
12614,4205,194,1,74.31
12615,4205,97,1,388.13
12616,4205,122,3,11.28
12617,4206,187,2,12.37
12618,4206,59,4,264.27
12619,4206,101,1,329.79
12620,4207,5,4,294.97
12621,4207,130,1,40.37
12622,4207,188,1,16.87
12623,4207,177,3,103.55
12624,4207,97,3,388.13
12625,4208,101,1,329.79
12626,4208,117,4,298.11
12627,4209,60,2,179.81
12628,4209,47,2,66.78
12629,4209,190,3,109.95
12630,4209,160,3,45.74
12631,4209,197,3,63.01
12632,4210,151,1,53.45
12633,4211,63,4,293.35
12634,4212,71,2,271.85
12635,4212,8,1,743.01
12636,4212,152,1,48.13
12637,4213,196,1,66.42
12638,4214,127,3,45.09
12639,4215,100,4,86.91
12640,4215,91,3,265.75
12641,4216,85,3,126.48
12642,4216,14,2,750.61
12643,4216,20,1,150.57
12644,4217,83,2,88.66
12645,4218,40,1,633.55
12646,4218,11,2,691.54
12647,4218,100,4,86.91
12648,4218,140,4,13.39
12649,4218,97,1,388.13
12650,4219,195,4,97.24
12651,4220,49,3,182.19
12652,4220,137,1,16.72
12653,4220,94,1,281.05
12654,4220,165,4,65.60
12655,4220,183,4,92.22
12656,4221,15,4,875.17
12657,4221,19,2,816.54
12658,4221,1,1,500.72
12659,4221,154,4,6.98
12660,4221,99,1,151.45
12661,4222,10,1,273.35
12662,4222,50,2,237.25
12663,4222,48,1,206.81
12664,4222,24,1,811.59
12665,4223,29,1,665.28
12666,4224,167,3,106.22
12667,4224,192,2,14.31
12668,4225,125,1,32.57
12669,4225,131,4,51.37
12670,4225,146,2,27.35
12671,4225,126,3,25.37
12672,4225,46,4,30.13
12673,4226,128,1,46.60
12674,4226,133,2,46.80
12675,4226,41,1,224.09
12676,4227,172,1,66.83
12677,4227,50,2,237.25
12678,4227,136,1,16.82
12679,4227,168,4,4.90
12680,4227,37,4,429.72
12681,4228,141,4,44.68
12682,4228,53,2,108.74
12683,4228,66,3,60.34
12684,4229,104,2,42.38
12685,4230,185,4,4.70
12686,4230,27,2,225.51
12687,4231,143,1,59.98
12688,4231,72,2,207.50
12689,4231,181,2,13.99
12690,4231,78,4,92.26
12691,4232,78,1,92.26
12692,4232,22,2,129.18
12693,4232,91,2,265.75
12694,4233,1,2,500.72
12695,4233,183,2,92.22
12696,4233,110,3,431.78
12697,4233,1,3,500.72
12698,4234,43,2,30.78
12699,4234,174,4,114.93
12700,4234,192,3,14.31
12701,4234,42,3,81.37
12702,4234,58,2,199.52
12703,4235,146,2,27.35
12704,4235,170,2,16.89
12705,4235,43,3,30.78
12706,4235,28,1,549.50
12707,4236,65,3,153.24
12708,4236,85,2,126.48
12709,4236,118,3,259.42
12710,4236,45,3,150.59
12711,4237,56,2,174.98
12712,4237,192,3,14.31
12713,4237,159,3,26.55
12714,4237,148,4,42.76
12715,4237,189,4,57.74
12716,4238,121,1,40.24
12717,4238,192,1,14.31
12718,4238,150,1,45.00
12719,4238,42,2,81.37
12720,4238,176,3,24.47
12721,4239,121,2,40.24
12722,4239,200,1,21.95
12723,4239,155,4,24.51
12724,4239,111,4,295.40
12725,4239,19,2,816.54
12726,4240,112,1,307.14
12727,4240,156,2,47.44
12728,4240,161,3,9.08
12729,4240,190,2,109.95
12730,4240,180,3,109.81
12731,4241,74,2,54.80
12732,4242,165,3,65.60
12733,4242,90,3,370.03
12734,4242,119,2,390.51
12735,4243,131,3,51.37
12736,4244,161,4,9.08
12737,4244,12,4,788.04
12738,4244,127,1,45.09
12739,4244,94,4,281.05
12740,4245,155,2,24.51
12741,4245,118,3,259.42
12742,4245,176,2,24.47
12743,4246,117,1,298.11
12744,4247,23,3,311.08
12745,4247,97,2,388.13
12746,4247,188,4,16.87
12747,4248,158,3,59.27
12748,4248,29,4,665.28
12749,4248,178,1,39.29
12750,4248,136,1,16.82
12751,4249,192,3,14.31
12752,4249,152,2,48.13
12753,4249,160,4,45.74
12754,4249,1,3,500.72
12755,4249,69,2,258.65
12756,4250,127,1,45.09
12757,4250,172,4,66.83
12758,4251,48,2,206.81
12759,4251,126,4,25.37
12760,4251,91,3,265.75
12761,4251,173,4,93.51
12762,4252,29,2,665.28
12763,4252,196,3,66.42
12764,4252,186,4,118.92
12765,4252,16,2,537.37
12766,4253,94,4,281.05
12767,4253,98,1,324.18
12768,4253,151,1,53.45
12769,4253,154,3,6.98
12770,4254,132,4,33.38
12771,4255,26,3,43.63
12772,4255,1,3,500.72
12773,4255,86,1,333.64
12774,4255,14,4,750.61
12775,4255,170,4,16.89
12776,4256,140,2,13.39
12777,4256,73,1,25.03
12778,4257,156,4,47.44
12779,4258,35,1,291.27
12780,4258,108,4,231.27
12781,4259,116,1,163.33
12782,4259,89,2,183.76
12783,4259,193,3,94.03
12784,4260,52,2,47.09
12785,4261,80,3,253.61
12786,4261,14,1,750.61
12787,4261,107,1,368.95
12788,4261,12,1,788.04
12789,4262,29,1,665.28
12790,4262,37,4,429.72
12791,4263,141,3,44.68
12792,4263,48,4,206.81
12793,4263,107,1,368.95
12794,4263,58,2,199.52
12795,4264,97,3,388.13
12796,4265,14,3,750.61
12797,4265,80,3,253.61
12798,4265,190,1,109.95
12799,4265,6,2,871.62
12800,4265,72,1,207.50
12801,4266,148,1,42.76
12802,4267,92,1,391.62
12803,4267,200,3,21.95
12804,4268,43,3,30.78
12805,4268,142,3,36.11
12806,4269,127,3,45.09
12807,4269,16,3,537.37
12808,4270,146,4,27.35
12809,4270,135,4,53.76
12810,4271,140,2,13.39
12811,4271,132,1,33.38
12812,4271,153,1,53.97
12813,4272,4,4,327.69
12814,4273,31,1,609.25
12815,4273,198,1,49.14
12816,4273,83,2,88.66
12817,4273,95,4,418.23
12818,4273,26,1,43.63
12819,4274,108,1,231.27
12820,4274,72,1,207.50
12821,4275,14,3,750.61
12822,4275,118,4,259.42
12823,4275,164,2,69.89
12824,4275,31,2,609.25
12825,4275,168,1,4.90
12826,4276,184,1,93.38
12827,4276,28,2,549.50
12828,4277,195,2,97.24
12829,4278,89,2,183.76
12830,4278,3,4,136.62
12831,4278,180,4,109.81
12832,4278,197,2,63.01
12833,4279,57,3,51.30
12834,4280,46,1,30.13
12835,4281,42,2,81.37
12836,4281,81,1,310.43
12837,4281,55,4,247.20
12838,4281,19,2,816.54
12839,4281,16,2,537.37
12840,4282,37,1,429.72
12841,4282,67,4,39.92
12842,4282,63,3,293.35
12843,4282,40,1,633.55
12844,4282,97,3,388.13
12845,4283,84,3,198.78
12846,4283,90,1,370.03
12847,4284,11,4,691.54
12848,4284,20,2,150.57
12849,4284,166,4,61.71
12850,4284,153,3,53.97
12851,4284,193,3,94.03
12852,4285,62,1,205.44
12853,4285,168,1,4.90
12854,4286,146,3,27.35
12855,4286,41,1,224.09
12856,4287,116,3,163.33
12857,4287,161,4,9.08
12858,4287,101,4,329.79
12859,4287,193,1,94.03
12860,4287,106,3,377.39
12861,4288,31,2,609.25
12862,4288,188,1,16.87
12863,4288,6,3,871.62
12864,4289,68,1,104.26
12865,4289,186,2,118.92
12866,4289,137,1,16.72
12867,4289,55,3,247.20
12868,4290,25,1,250.49
12869,4290,51,2,23.32
12870,4290,141,3,44.68
12871,4290,86,2,333.64
12872,4291,186,4,118.92
12873,4291,128,2,46.60
12874,4292,79,3,233.68
12875,4292,100,4,86.91
12876,4293,145,2,16.73
12877,4293,36,2,558.56
12878,4293,139,2,26.08
12879,4293,69,3,258.65
12880,4294,89,2,183.76
12881,4294,50,4,237.25
12882,4295,83,3,88.66
12883,4295,158,2,59.27
12884,4295,117,3,298.11
12885,4295,183,4,92.22
12886,4296,42,2,81.37
12887,4296,77,2,28.30
12888,4296,67,4,39.92
12889,4297,41,1,224.09
12890,4298,9,3,746.78
12891,4298,146,2,27.35
12892,4299,41,3,224.09
12893,4299,27,3,225.51
12894,4299,163,4,81.90
12895,4300,8,2,743.01
12896,4300,114,3,386.72
12897,4300,29,3,665.28
12898,4300,175,4,53.39
12899,4301,82,3,164.45
12900,4301,72,1,207.50
12901,4301,40,4,633.55
12902,4302,166,4,61.71
12903,4302,89,3,183.76
12904,4302,73,1,25.03
12905,4302,175,2,53.39
12906,4303,180,2,109.81
12907,4303,123,2,37.05
12908,4303,80,4,253.61
12909,4303,6,2,871.62
12910,4304,167,3,106.22
12911,4304,8,3,743.01
12912,4304,151,4,53.45
12913,4304,4,3,327.69
12914,4304,58,2,199.52
12915,4305,60,1,179.81
12916,4305,63,3,293.35
12917,4305,68,4,104.26
12918,4305,73,4,25.03
12919,4306,78,1,92.26
12920,4306,169,3,96.92
12921,4306,64,3,50.42
12922,4306,100,1,86.91
12923,4307,197,1,63.01
12924,4307,39,1,380.34
12925,4307,124,3,44.55
12926,4307,155,3,24.51
12927,4307,107,3,368.95
12928,4308,158,2,59.27
12929,4308,108,4,231.27
12930,4308,28,2,549.50
12931,4309,153,2,53.97
12932,4309,150,3,45.00
12933,4310,189,4,57.74
12934,4310,132,2,33.38
12935,4311,69,4,258.65
12936,4311,185,2,4.70
12937,4311,128,2,46.60
12938,4312,127,3,45.09
12939,4312,179,2,29.88
12940,4312,68,4,104.26
12941,4312,17,3,446.15
12942,4313,116,1,163.33
12943,4313,158,2,59.27
12944,4313,42,2,81.37
12945,4313,152,3,48.13
12946,4313,17,1,446.15
12947,4314,79,4,233.68
12948,4314,138,2,54.31
12949,4314,143,3,59.98
12950,4314,106,4,377.39
12951,4314,146,3,27.35
12952,4315,136,2,16.82
12953,4316,132,1,33.38
12954,4316,38,2,117.99
12955,4316,160,3,45.74
12956,4316,59,2,264.27
12957,4317,65,1,153.24
12958,4317,180,3,109.81
12959,4317,4,4,327.69
12960,4318,51,2,23.32
12961,4318,68,2,104.26
12962,4318,13,4,522.46
12963,4319,112,3,307.14
12964,4319,28,3,549.50
12965,4319,175,3,53.39
12966,4319,12,1,788.04
12967,4320,179,3,29.88
12968,4320,30,4,281.92
12969,4321,28,1,549.50
12970,4321,102,4,17.15
12971,4321,103,3,258.65
12972,4322,98,2,324.18
12973,4322,117,2,298.11
12974,4322,164,3,69.89
12975,4322,72,2,207.50
12976,4322,20,4,150.57
12977,4323,22,3,129.18
12978,4323,67,2,39.92
12979,4323,106,4,377.39
12980,4323,109,2,191.43
12981,4324,195,4,97.24
12982,4325,108,2,231.27
12983,4325,200,3,21.95
12984,4325,192,4,14.31
12985,4325,74,1,54.80
12986,4326,180,3,109.81
12987,4326,100,2,86.91
12988,4326,56,1,174.98
12989,4326,91,4,265.75
12990,4326,11,3,691.54
12991,4327,17,2,446.15
12992,4327,11,2,691.54
12993,4327,111,2,295.40
12994,4328,32,2,574.26
12995,4328,66,2,60.34
12996,4329,29,3,665.28
12997,4329,85,2,126.48
12998,4330,115,1,308.68
12999,4330,75,1,108.00
13000,4330,150,4,45.00
13001,4331,46,1,30.13
13002,4331,128,1,46.60
13003,4331,118,3,259.42
13004,4331,136,1,16.82
13005,4331,62,4,205.44
13006,4332,76,4,248.97
13007,4332,36,3,558.56
13008,4332,144,2,46.06
13009,4332,39,4,380.34
13010,4332,189,1,57.74
13011,4333,153,4,53.97
13012,4333,71,3,271.85
13013,4334,46,4,30.13
13014,4334,34,2,426.41
13015,4334,139,1,26.08
13016,4334,24,4,811.59
13017,4335,140,1,13.39
13018,4336,58,2,199.52
13019,4336,76,2,248.97
13020,4336,106,4,377.39
13021,4337,144,4,46.06
13022,4337,167,4,106.22
13023,4337,170,2,16.89
13024,4337,21,1,540.25
13025,4337,105,3,27.39
13026,4338,86,3,333.64
13027,4339,92,4,391.62
13028,4339,138,2,54.31
13029,4340,48,2,206.81
13030,4340,29,2,665.28
13031,4341,172,3,66.83
13032,4341,128,1,46.60
13033,4341,91,3,265.75
13034,4341,6,2,871.62
13035,4342,57,3,51.30
13036,4342,70,2,47.08
13037,4342,157,2,19.33
13038,4342,37,1,429.72
13039,4343,85,2,126.48
13040,4343,64,4,50.42
13041,4343,1,3,500.72
13042,4343,113,4,78.35
13043,4344,92,3,391.62
13044,4345,184,4,93.38
13045,4345,137,4,16.72
13046,4345,93,4,318.36
13047,4346,89,4,183.76
13048,4346,9,4,746.78
13049,4346,68,1,104.26
13050,4346,129,4,31.16
13051,4347,41,3,224.09
13052,4347,142,2,36.11
13053,4347,38,3,117.99
13054,4348,156,3,47.44
13055,4348,24,2,811.59
13056,4348,178,3,39.29
13057,4348,43,4,30.78
13058,4348,124,4,44.55
13059,4349,66,1,60.34
13060,4349,64,1,50.42
13061,4349,37,4,429.72
13062,4349,19,4,816.54
13063,4349,89,3,183.76
13064,4350,185,4,4.70
13065,4350,136,1,16.82
13066,4350,132,1,33.38
13067,4350,50,3,237.25
13068,4350,48,3,206.81
13069,4351,153,3,53.97
13070,4351,83,3,88.66
13071,4351,198,2,49.14
13072,4351,145,1,16.73
13073,4352,67,3,39.92
13074,4352,46,1,30.13
13075,4352,141,1,44.68
13076,4352,195,2,97.24
13077,4353,101,2,329.79
13078,4353,125,2,32.57
13079,4354,126,1,25.37
13080,4355,165,3,65.60
13081,4355,96,3,48.32
13082,4355,56,2,174.98
13083,4356,29,1,665.28
13084,4356,59,2,264.27
13085,4357,47,1,66.78
13086,4357,62,1,205.44
13087,4357,27,2,225.51
13088,4358,141,3,44.68
13089,4358,18,1,293.07
13090,4358,127,1,45.09
13091,4358,37,3,429.72
13092,4358,176,3,24.47
13093,4359,193,4,94.03
13094,4359,10,3,273.35
13095,4359,179,1,29.88
13096,4359,72,1,207.50
13097,4359,114,2,386.72
13098,4360,167,4,106.22
13099,4361,152,1,48.13
13100,4361,126,3,25.37
13101,4361,125,2,32.57
13102,4361,130,1,40.37
13103,4361,149,4,28.06
13104,4362,190,3,109.95
13105,4363,113,2,78.35
13106,4363,167,4,106.22
13107,4363,49,4,182.19
13108,4363,91,2,265.75
13109,4363,6,4,871.62
13110,4364,22,3,129.18
13111,4365,172,4,66.83
13112,4366,71,1,271.85
13113,4366,189,2,57.74
13114,4366,28,3,549.50
13115,4367,101,3,329.79
13116,4368,152,3,48.13
13117,4369,86,2,333.64
13118,4369,152,2,48.13
13119,4369,51,1,23.32
13120,4369,78,1,92.26
13121,4370,123,1,37.05
13122,4370,181,2,13.99
13123,4370,53,4,108.74
13124,4370,163,2,81.90
13125,4371,67,3,39.92
13126,4371,83,1,88.66
13127,4372,143,4,59.98
13128,4373,145,4,16.73
13129,4373,58,2,199.52
13130,4374,99,1,151.45
13131,4374,164,1,69.89
13132,4374,182,1,100.88
13133,4374,68,1,104.26
13134,4374,86,1,333.64
13135,4375,192,3,14.31
13136,4375,84,4,198.78
13137,4375,92,1,391.62
13138,4376,19,1,816.54
13139,4376,82,1,164.45
13140,4376,41,1,224.09
13141,4377,73,1,25.03
13142,4377,6,4,871.62
13143,4378,44,3,168.63
13144,4378,34,1,426.41
13145,4378,52,2,47.09
13146,4378,15,1,875.17
13147,4379,177,4,103.55
13148,4379,87,1,282.19
13149,4380,141,2,44.68
13150,4380,157,1,19.33
13151,4380,153,1,53.97
13152,4380,81,3,310.43
13153,4380,155,2,24.51
13154,4381,80,3,253.61
13155,4381,8,1,743.01
13156,4381,50,4,237.25
13157,4382,123,4,37.05
13158,4382,148,1,42.76
13159,4382,42,1,81.37
13160,4383,46,1,30.13
13161,4383,168,2,4.90
13162,4383,165,4,65.60
13163,4383,25,1,250.49
13164,4383,177,2,103.55
13165,4384,45,2,150.59
13166,4384,70,3,47.08
13167,4384,34,2,426.41
13168,4385,63,4,293.35
13169,4386,30,4,281.92
13170,4386,118,3,259.42
13171,4386,34,2,426.41
13172,4386,90,3,370.03
13173,4387,114,1,386.72
13174,4387,4,4,327.69
13175,4388,117,1,298.11
13176,4388,45,1,150.59
13177,4388,83,1,88.66
13178,4389,101,3,329.79
13179,4390,159,2,26.55
13180,4390,101,2,329.79
13181,4391,20,3,150.57
13182,4391,131,3,51.37
13183,4391,31,1,609.25
13184,4391,138,1,54.31
13185,4392,8,3,743.01
13186,4392,28,1,549.50
13187,4392,77,4,28.30
13188,4393,66,4,60.34
13189,4393,196,2,66.42
13190,4393,194,4,74.31
13191,4393,76,3,248.97
13192,4394,150,3,45.00
13193,4394,182,2,100.88
13194,4394,19,2,816.54
13195,4394,186,1,118.92
13196,4394,127,4,45.09
13197,4395,31,2,609.25
13198,4395,22,4,129.18
13199,4395,78,4,92.26
13200,4395,76,2,248.97
13201,4395,47,2,66.78
13202,4396,86,1,333.64
13203,4396,100,2,86.91
13204,4396,39,1,380.34
13205,4397,52,3,47.09
13206,4397,118,4,259.42
13207,4397,57,4,51.30
13208,4398,105,4,27.39
13209,4398,115,4,308.68
13210,4398,57,3,51.30
13211,4399,126,4,25.37
13212,4399,80,1,253.61
13213,4399,164,3,69.89
13214,4399,68,2,104.26
13215,4399,77,2,28.30
13216,4400,156,3,47.44
13217,4401,175,4,53.39
13218,4401,86,2,333.64
13219,4402,152,4,48.13
13220,4403,92,1,391.62
13221,4403,21,3,540.25
13222,4403,75,1,108.00
13223,4403,65,2,153.24
13224,4404,148,4,42.76
13225,4404,50,3,237.25
13226,4404,129,2,31.16
13227,4405,9,1,746.78
13228,4405,193,2,94.03
13229,4406,127,2,45.09
13230,4406,52,4,47.09
13231,4406,13,4,522.46
13232,4406,56,1,174.98
13233,4406,75,3,108.00
13234,4407,145,3,16.73
13235,4407,192,3,14.31
13236,4407,159,2,26.55
13237,4408,53,4,108.74
13238,4408,178,1,39.29
13239,4408,142,1,36.11
13240,4408,110,2,431.78
13241,4409,35,3,291.27
13242,4409,81,2,310.43
13243,4409,70,2,47.08
13244,4409,38,1,117.99
13245,4410,41,1,224.09
13246,4410,164,4,69.89
13247,4411,64,3,50.42
13248,4411,24,3,811.59
13249,4411,35,4,291.27
13250,4411,163,2,81.90
13251,4412,156,1,47.44
13252,4412,140,1,13.39
13253,4412,178,4,39.29
13254,4412,1,3,500.72
13255,4412,113,3,78.35
13256,4413,136,4,16.82
13257,4413,3,4,136.62
13258,4414,23,1,311.08
13259,4415,86,2,333.64
13260,4415,144,4,46.06
13261,4416,166,1,61.71
13262,4416,21,4,540.25
13263,4416,141,1,44.68
13264,4416,128,1,46.60
13265,4417,106,4,377.39
13266,4417,4,1,327.69
13267,4417,110,4,431.78
13268,4418,102,3,17.15
13269,4418,190,2,109.95
13270,4418,126,3,25.37
13271,4418,8,4,743.01
13272,4419,39,2,380.34
13273,4419,40,4,633.55
13274,4419,158,2,59.27
13275,4419,101,4,329.79
13276,4419,17,4,446.15
13277,4420,163,4,81.90
13278,4420,47,3,66.78
13279,4420,13,2,522.46
13280,4420,62,2,205.44
13281,4421,194,1,74.31
13282,4421,62,1,205.44
13283,4421,55,2,247.20
13284,4422,185,4,4.70
13285,4423,194,1,74.31
13286,4423,41,4,224.09
13287,4423,76,4,248.97
13288,4423,73,1,25.03
13289,4423,158,3,59.27
13290,4424,49,1,182.19
13291,4424,175,3,53.39
13292,4424,58,1,199.52
13293,4424,26,2,43.63
13294,4425,70,3,47.08
13295,4425,134,4,19.36
13296,4425,133,1,46.80
13297,4426,59,2,264.27
13298,4426,44,3,168.63
13299,4426,28,4,549.50
13300,4427,119,2,390.51
13301,4428,156,4,47.44
13302,4428,178,2,39.29
13303,4429,14,4,750.61
13304,4429,150,4,45.00
13305,4430,156,2,47.44
13306,4430,25,3,250.49
13307,4430,75,1,108.00
13308,4430,136,1,16.82
13309,4430,87,2,282.19
13310,4431,38,3,117.99
13311,4431,68,1,104.26
13312,4431,164,2,69.89
13313,4432,97,1,388.13
13314,4432,177,4,103.55
13315,4432,18,2,293.07
13316,4432,194,3,74.31
13317,4432,123,2,37.05
13318,4433,5,4,294.97
13319,4433,158,1,59.27
13320,4433,174,2,114.93
13321,4434,155,3,24.51
13322,4434,186,3,118.92
13323,4434,3,4,136.62
13324,4434,39,2,380.34
13325,4434,50,2,237.25
13326,4435,156,4,47.44
13327,4435,68,4,104.26
13328,4435,72,1,207.50
13329,4436,52,1,47.09
13330,4437,104,1,42.38
13331,4437,5,2,294.97
13332,4437,96,4,48.32
13333,4437,143,4,59.98
13334,4438,3,4,136.62
13335,4438,27,2,225.51
13336,4438,158,1,59.27
13337,4438,122,2,11.28
13338,4439,12,4,788.04
13339,4439,184,3,93.38
13340,4439,18,4,293.07
13341,4439,145,1,16.73
13342,4440,197,1,63.01
13343,4441,165,3,65.60
13344,4441,177,1,103.55
13345,4441,152,4,48.13
13346,4441,195,3,97.24
13347,4442,179,1,29.88
13348,4442,127,4,45.09
13349,4442,68,3,104.26
13350,4442,82,1,164.45
13351,4442,155,4,24.51
13352,4443,119,2,390.51
13353,4443,79,4,233.68
13354,4443,22,1,129.18
13355,4443,110,4,431.78
13356,4443,128,4,46.60
13357,4444,114,2,386.72
13358,4444,194,1,74.31
13359,4445,194,2,74.31
13360,4446,112,2,307.14
13361,4446,84,4,198.78
13362,4446,108,1,231.27
13363,4446,85,1,126.48
13364,4446,15,3,875.17
13365,4447,9,4,746.78
13366,4447,51,4,23.32
13367,4447,165,1,65.60
13368,4448,3,3,136.62
13369,4448,64,1,50.42
13370,4449,123,1,37.05
13371,4450,4,1,327.69
13372,4450,102,1,17.15
13373,4450,128,3,46.60
13374,4451,3,1,136.62
13375,4451,101,1,329.79
13376,4451,2,1,239.88
13377,4452,98,1,324.18
13378,4452,180,1,109.81
13379,4453,126,2,25.37
13380,4453,9,1,746.78
13381,4453,32,4,574.26
13382,4453,142,1,36.11
13383,4453,146,2,27.35
13384,4454,38,4,117.99
13385,4455,19,3,816.54
13386,4455,161,1,9.08
13387,4456,155,4,24.51
13388,4456,136,2,16.82
13389,4456,49,1,182.19
13390,4457,132,3,33.38
13391,4458,50,3,237.25
13392,4459,8,3,743.01
13393,4459,85,3,126.48
13394,4459,116,2,163.33
13395,4460,85,4,126.48
13396,4460,59,4,264.27
13397,4460,36,4,558.56
13398,4460,163,4,81.90
13399,4460,96,1,48.32
13400,4461,50,3,237.25
13401,4461,136,4,16.82
13402,4461,151,4,53.45
13403,4462,175,3,53.39
13404,4463,39,4,380.34
13405,4463,114,2,386.72
13406,4463,137,3,16.72
13407,4463,4,3,327.69
13408,4464,95,2,418.23
13409,4465,97,1,388.13
13410,4466,43,3,30.78
13411,4466,185,3,4.70
13412,4466,98,1,324.18
13413,4466,146,1,27.35
13414,4466,109,1,191.43
13415,4467,149,1,28.06
13416,4467,177,2,103.55
13417,4467,35,1,291.27
13418,4467,46,4,30.13
13419,4467,17,4,446.15
13420,4468,74,4,54.80
13421,4468,32,3,574.26
13422,4469,20,2,150.57
13423,4469,124,4,44.55
13424,4469,43,3,30.78
13425,4470,25,1,250.49
13426,4470,117,2,298.11
13427,4470,14,4,750.61
13428,4470,48,4,206.81
13429,4471,137,3,16.72
13430,4471,117,1,298.11
13431,4471,35,1,291.27
13432,4472,193,1,94.03
13433,4472,155,3,24.51
13434,4472,170,1,16.89
13435,4473,179,3,29.88
13436,4473,38,2,117.99
13437,4473,35,2,291.27
13438,4473,42,3,81.37
13439,4473,149,2,28.06
13440,4474,9,3,746.78
13441,4474,86,4,333.64
13442,4474,109,3,191.43
13443,4474,167,1,106.22
13444,4475,117,2,298.11
13445,4475,179,3,29.88
13446,4475,24,1,811.59
13447,4475,196,1,66.42
13448,4475,3,4,136.62
13449,4476,111,4,295.40
13450,4476,145,4,16.73
13451,4477,198,2,49.14
13452,4477,91,1,265.75
13453,4478,163,3,81.90
13454,4478,3,2,136.62
13455,4478,114,3,386.72
13456,4478,4,2,327.69
13457,4479,65,1,153.24
13458,4479,68,1,104.26
13459,4479,173,3,93.51
13460,4480,113,1,78.35
13461,4480,36,1,558.56
13462,4480,30,2,281.92
13463,4480,138,2,54.31
13464,4480,154,4,6.98
13465,4481,140,2,13.39
13466,4482,138,2,54.31
13467,4483,174,4,114.93
13468,4483,109,4,191.43
13469,4483,75,4,108.00
13470,4484,91,4,265.75
13471,4484,14,1,750.61
13472,4484,198,1,49.14
13473,4485,119,1,390.51
13474,4485,25,1,250.49
13475,4485,113,3,78.35
13476,4485,150,2,45.00
13477,4485,90,3,370.03
13478,4486,98,1,324.18
13479,4486,43,2,30.78
13480,4486,122,2,11.28
13481,4486,115,4,308.68
13482,4487,124,4,44.55
13483,4488,158,1,59.27
13484,4488,62,1,205.44
13485,4488,10,3,273.35
13486,4488,30,4,281.92
13487,4489,31,3,609.25
13488,4489,156,4,47.44
13489,4489,182,1,100.88
13490,4490,200,1,21.95
13491,4491,200,1,21.95
13492,4491,72,3,207.50
13493,4491,56,3,174.98
13494,4492,106,1,377.39
13495,4492,4,3,327.69
13496,4492,155,2,24.51
13497,4493,34,1,426.41
13498,4493,32,2,574.26
13499,4493,114,1,386.72
13500,4493,26,2,43.63
13501,4493,155,2,24.51
13502,4494,135,4,53.76
13503,4494,1,3,500.72
13504,4494,127,4,45.09
13505,4495,138,4,54.31
13506,4495,187,2,12.37
13507,4496,185,4,4.70
13508,4496,176,4,24.47
13509,4496,184,1,93.38
13510,4497,95,2,418.23
13511,4497,143,2,59.98
13512,4497,155,4,24.51
13513,4497,53,3,108.74
13514,4497,37,4,429.72
13515,4498,198,3,49.14
13516,4498,22,4,129.18
13517,4498,68,3,104.26
13518,4498,54,2,52.55
13519,4498,155,3,24.51
13520,4499,180,1,109.81
13521,4500,196,3,66.42
13522,4500,11,1,691.54
13523,4500,100,2,86.91
13524,4500,186,4,118.92
13525,4501,140,3,13.39
13526,4501,35,4,291.27
13527,4501,74,4,54.80
13528,4501,108,3,231.27
13529,4501,175,1,53.39
13530,4502,76,2,248.97
13531,4502,121,1,40.24
13532,4503,198,3,49.14
13533,4503,90,3,370.03
13534,4504,145,4,16.73
13535,4505,105,4,27.39
13536,4505,122,1,11.28
13537,4505,67,1,39.92
13538,4506,40,3,633.55
13539,4506,167,2,106.22
13540,4506,85,3,126.48
13541,4506,165,1,65.60
13542,4506,153,2,53.97
13543,4507,14,1,750.61
13544,4507,102,1,17.15
13545,4507,75,3,108.00
13546,4507,76,4,248.97
13547,4507,145,4,16.73
13548,4508,197,2,63.01
13549,4508,55,1,247.20
13550,4508,97,4,388.13
13551,4509,97,4,388.13
13552,4509,74,3,54.80
13553,4510,103,2,258.65
13554,4510,181,2,13.99
13555,4510,45,1,150.59
13556,4510,109,4,191.43
13557,4510,67,3,39.92
13558,4511,27,3,225.51
13559,4511,48,4,206.81
13560,4511,16,3,537.37
13561,4511,86,1,333.64
13562,4512,177,4,103.55
13563,4512,102,4,17.15
13564,4513,78,3,92.26
13565,4513,62,4,205.44
13566,4513,9,4,746.78
13567,4514,138,1,54.31
13568,4514,195,3,97.24
13569,4515,28,4,549.50
13570,4515,127,2,45.09
13571,4515,72,1,207.50
13572,4515,13,1,522.46
13573,4516,190,4,109.95
13574,4516,168,1,4.90
13575,4516,139,3,26.08
13576,4516,179,1,29.88
13577,4516,43,1,30.78
13578,4517,25,2,250.49
13579,4517,91,4,265.75
13580,4517,100,3,86.91
13581,4517,54,3,52.55
13582,4518,25,1,250.49
13583,4519,193,4,94.03
13584,4519,97,2,388.13
13585,4519,130,3,40.37
13586,4519,93,3,318.36
13587,4520,172,4,66.83
13588,4520,194,1,74.31
13589,4520,159,2,26.55
13590,4521,110,2,431.78
13591,4521,28,1,549.50
13592,4521,122,4,11.28
13593,4521,117,4,298.11
13594,4521,163,4,81.90
13595,4522,178,2,39.29
13596,4522,60,1,179.81
13597,4522,189,3,57.74
13598,4523,8,4,743.01
13599,4523,108,2,231.27
13600,4523,18,3,293.07
13601,4523,150,3,45.00
13602,4524,109,4,191.43
13603,4524,173,3,93.51
13604,4524,91,3,265.75
13605,4524,159,1,26.55
13606,4524,191,3,103.44
13607,4525,9,4,746.78
13608,4525,22,1,129.18
13609,4525,197,1,63.01
13610,4526,126,1,25.37
13611,4527,73,1,25.03
13612,4527,54,3,52.55
13613,4528,200,4,21.95
13614,4528,4,2,327.69
13615,4528,90,3,370.03
13616,4528,155,1,24.51
13617,4528,99,1,151.45
13618,4529,170,3,16.89
13619,4530,143,2,59.98
13620,4530,146,3,27.35
13621,4530,174,2,114.93
13622,4530,78,1,92.26
13623,4530,130,1,40.37
13624,4531,108,3,231.27
13625,4531,95,2,418.23
13626,4532,153,2,53.97
13627,4532,180,1,109.81
13628,4532,41,2,224.09
13629,4533,192,2,14.31
13630,4533,25,3,250.49
13631,4534,17,2,446.15
13632,4534,86,4,333.64
13633,4534,185,1,4.70
13634,4534,188,4,16.87
13635,4534,180,2,109.81
13636,4535,141,4,44.68
13637,4535,47,4,66.78
13638,4535,196,1,66.42
13639,4535,192,4,14.31
13640,4535,174,4,114.93
13641,4536,80,4,253.61
13642,4537,10,2,273.35
13643,4538,170,1,16.89
13644,4538,186,4,118.92
13645,4539,23,1,311.08
13646,4539,47,4,66.78
13647,4540,17,3,446.15
13648,4540,75,3,108.00
13649,4541,191,3,103.44
13650,4541,179,4,29.88
13651,4541,86,1,333.64
13652,4541,191,2,103.44
13653,4541,34,4,426.41
13654,4542,13,2,522.46
13655,4542,198,4,49.14
13656,4542,105,1,27.39
13657,4543,73,2,25.03
13658,4543,65,4,153.24
13659,4543,71,3,271.85
13660,4543,182,3,100.88
13661,4543,21,1,540.25
13662,4544,15,2,875.17
13663,4544,188,3,16.87
13664,4544,70,1,47.08
13665,4544,142,1,36.11
13666,4545,64,3,50.42
13667,4545,98,1,324.18
13668,4546,3,3,136.62
13669,4546,156,3,47.44
13670,4546,114,1,386.72
13671,4547,181,1,13.99
13672,4547,153,2,53.97
13673,4548,127,2,45.09
13674,4548,85,1,126.48
13675,4549,118,2,259.42
13676,4549,186,1,118.92
13677,4549,75,3,108.00
13678,4549,94,2,281.05
13679,4549,9,4,746.78
13680,4550,129,4,31.16
13681,4550,17,3,446.15
13682,4550,134,1,19.36
13683,4550,175,2,53.39
13684,4550,165,3,65.60
13685,4551,41,4,224.09
13686,4551,178,4,39.29
13687,4552,32,1,574.26
13688,4552,35,2,291.27
13689,4552,68,4,104.26
13690,4553,55,2,247.20
13691,4553,164,2,69.89
13692,4554,18,2,293.07
13693,4554,25,2,250.49
13694,4554,10,2,273.35
13695,4554,104,4,42.38
13696,4554,123,3,37.05
13697,4555,133,1,46.80
13698,4555,40,4,633.55
13699,4555,21,3,540.25
13700,4555,29,1,665.28
13701,4556,11,1,691.54
13702,4556,74,1,54.80
13703,4556,63,3,293.35
13704,4556,141,2,44.68
13705,4557,75,1,108.00
13706,4557,58,2,199.52
13707,4557,176,2,24.47
13708,4557,126,4,25.37
13709,4558,6,3,871.62
13710,4558,161,2,9.08
13711,4559,105,4,27.39
13712,4560,75,2,108.00
13713,4561,69,3,258.65
13714,4561,156,1,47.44
13715,4562,16,1,537.37
13716,4562,197,2,63.01
13717,4562,37,1,429.72
13718,4563,168,4,4.90
13719,4564,21,3,540.25
13720,4564,96,1,48.32
13721,4564,161,2,9.08
13722,4565,125,3,32.57
13723,4566,134,1,19.36
13724,4566,39,4,380.34
13725,4567,102,2,17.15
13726,4567,193,1,94.03
13727,4568,157,1,19.33
13728,4568,113,3,78.35
13729,4568,48,4,206.81
13730,4568,79,2,233.68
13731,4568,4,4,327.69
13732,4569,4,4,327.69
13733,4569,77,3,28.30
13734,4569,23,4,311.08
13735,4570,139,3,26.08
13736,4570,35,3,291.27
13737,4570,28,4,549.50
13738,4570,143,3,59.98
13739,4570,151,1,53.45
13740,4571,38,4,117.99
13741,4571,193,2,94.03
13742,4571,168,3,4.90
13743,4572,56,1,174.98
13744,4573,126,2,25.37
13745,4573,200,3,21.95
13746,4573,143,4,59.98
13747,4574,154,3,6.98
13748,4574,51,4,23.32
13749,4574,4,1,327.69
13750,4574,20,1,150.57
13751,4574,28,3,549.50
13752,4575,71,1,271.85
13753,4576,55,2,247.20
13754,4576,60,1,179.81
13755,4577,167,1,106.22
13756,4577,69,3,258.65
13757,4577,78,4,92.26
13758,4578,31,4,609.25
13759,4578,42,4,81.37
13760,4578,135,1,53.76
13761,4578,69,2,258.65
13762,4578,195,4,97.24
13763,4579,112,3,307.14
13764,4579,194,3,74.31
13765,4580,9,4,746.78
13766,4580,67,1,39.92
13767,4580,129,4,31.16
13768,4580,8,1,743.01
13769,4580,9,2,746.78
13770,4581,99,4,151.45
13771,4581,10,1,273.35
13772,4581,106,4,377.39
13773,4582,117,1,298.11
13774,4582,21,1,540.25
13775,4582,174,3,114.93
13776,4583,142,2,36.11
13777,4583,81,1,310.43
13778,4583,153,4,53.97
13779,4583,130,3,40.37
13780,4583,60,4,179.81
13781,4584,159,3,26.55
13782,4584,131,1,51.37
13783,4584,108,4,231.27
13784,4584,44,2,168.63
13785,4584,125,2,32.57
13786,4585,164,4,69.89
13787,4585,110,1,431.78
13788,4585,190,4,109.95
13789,4585,58,2,199.52
13790,4585,109,4,191.43
13791,4586,9,2,746.78
13792,4587,29,3,665.28
13793,4587,102,2,17.15
13794,4588,50,1,237.25
13795,4589,122,4,11.28
13796,4589,138,3,54.31
13797,4589,105,4,27.39
13798,4590,78,3,92.26
13799,4590,69,2,258.65
13800,4590,62,2,205.44
13801,4590,98,2,324.18
13802,4590,90,2,370.03
13803,4591,9,3,746.78
13804,4591,129,3,31.16
13805,4591,140,1,13.39
13806,4591,36,2,558.56
13807,4592,80,4,253.61
13808,4592,80,2,253.61
13809,4592,106,1,377.39
13810,4592,153,2,53.97
13811,4592,112,4,307.14
13812,4593,104,2,42.38
13813,4593,66,1,60.34
13814,4593,129,2,31.16
13815,4594,117,2,298.11
13816,4594,34,2,426.41
13817,4594,9,1,746.78
13818,4595,1,3,500.72
13819,4595,63,2,293.35
13820,4596,159,4,26.55
13821,4596,31,4,609.25
13822,4596,167,2,106.22
13823,4596,112,2,307.14
13824,4596,26,2,43.63
13825,4597,59,4,264.27
13826,4597,14,1,750.61
13827,4597,44,3,168.63
13828,4598,93,4,318.36
13829,4598,170,3,16.89
13830,4599,190,2,109.95
13831,4599,16,4,537.37
13832,4600,133,1,46.80
13833,4600,60,1,179.81
13834,4600,177,4,103.55
13835,4600,191,4,103.44
13836,4601,85,3,126.48
13837,4601,96,4,48.32
13838,4602,165,2,65.60
13839,4602,135,3,53.76
13840,4603,160,4,45.74
13841,4603,107,4,368.95
13842,4603,122,1,11.28
13843,4604,111,1,295.40
13844,4604,100,3,86.91
13845,4604,41,2,224.09
13846,4605,84,3,198.78
13847,4605,20,2,150.57
13848,4605,50,3,237.25
13849,4605,102,3,17.15
13850,4606,187,2,12.37
13851,4606,99,2,151.45
13852,4606,115,3,308.68
13853,4606,38,4,117.99
13854,4607,36,1,558.56
13855,4607,55,4,247.20
13856,4607,191,1,103.44
13857,4607,39,2,380.34
13858,4608,46,3,30.13
13859,4608,103,2,258.65
13860,4608,95,2,418.23
13861,4608,44,4,168.63
13862,4609,124,1,44.55
13863,4610,18,4,293.07
13864,4610,11,2,691.54
13865,4611,107,2,368.95
13866,4611,102,4,17.15
13867,4611,93,2,318.36
13868,4612,14,2,750.61
13869,4612,85,3,126.48
13870,4612,67,4,39.92
13871,4612,108,3,231.27
13872,4613,47,1,66.78
13873,4613,81,4,310.43
13874,4613,130,2,40.37
13875,4613,44,2,168.63
13876,4613,197,4,63.01
13877,4614,54,2,52.55
13878,4614,104,1,42.38
13879,4614,148,4,42.76
13880,4614,65,4,153.24
13881,4614,151,3,53.45
13882,4615,78,2,92.26
13883,4615,195,2,97.24
13884,4615,127,1,45.09
13885,4616,18,2,293.07
13886,4616,37,1,429.72
13887,4616,118,3,259.42
13888,4616,146,3,27.35
13889,4616,74,4,54.80
13890,4617,69,4,258.65
13891,4618,126,4,25.37
13892,4618,43,1,30.78
13893,4618,124,3,44.55
13894,4619,6,1,871.62
13895,4619,48,3,206.81
13896,4619,48,3,206.81
13897,4619,80,2,253.61
13898,4620,92,2,391.62
13899,4620,107,1,368.95
13900,4621,98,4,324.18
13901,4621,76,2,248.97
13902,4621,39,2,380.34
13903,4622,149,3,28.06
13904,4623,15,3,875.17
13905,4624,121,3,40.24
13906,4624,65,1,153.24
13907,4624,196,1,66.42
13908,4624,13,2,522.46
13909,4625,153,1,53.97
13910,4625,138,3,54.31
13911,4625,187,3,12.37
13912,4625,112,3,307.14
13913,4625,191,1,103.44
13914,4626,118,4,259.42
13915,4627,103,2,258.65
13916,4627,41,3,224.09
13917,4627,128,4,46.60
13918,4627,134,1,19.36
13919,4627,5,2,294.97
13920,4628,38,2,117.99
13921,4628,78,2,92.26
13922,4628,99,2,151.45
13923,4629,62,4,205.44
13924,4629,121,1,40.24
13925,4629,140,1,13.39
13926,4629,185,3,4.70
13927,4630,57,4,51.30
13928,4631,60,4,179.81
13929,4631,16,4,537.37
13930,4631,173,4,93.51
13931,4632,45,2,150.59
13932,4633,164,4,69.89
13933,4633,162,1,21.49
13934,4633,93,2,318.36
13935,4634,149,3,28.06
13936,4634,19,1,816.54
13937,4634,174,1,114.93
13938,4635,182,3,100.88
13939,4636,180,2,109.81
13940,4636,92,2,391.62
13941,4636,166,3,61.71
13942,4637,144,3,46.06
13943,4637,139,1,26.08
13944,4637,66,1,60.34
13945,4638,86,3,333.64
13946,4638,191,4,103.44
13947,4639,197,3,63.01
13948,4640,135,1,53.76
13949,4640,146,2,27.35
13950,4640,99,4,151.45
13951,4641,16,1,537.37
13952,4641,70,4,47.08
13953,4642,103,2,258.65
13954,4643,73,3,25.03
13955,4643,99,1,151.45
13956,4644,144,3,46.06
13957,4644,11,4,691.54
13958,4644,102,4,17.15
13959,4645,70,4,47.08
13960,4645,178,4,39.29
13961,4645,47,2,66.78
13962,4645,57,2,51.30
13963,4646,191,1,103.44
13964,4646,165,1,65.60
13965,4647,187,4,12.37
13966,4647,105,4,27.39
13967,4647,91,2,265.75
13968,4647,177,2,103.55
13969,4648,181,3,13.99
13970,4648,109,1,191.43
13971,4648,104,1,42.38
13972,4648,110,4,431.78
13973,4648,18,4,293.07
13974,4649,20,1,150.57
13975,4649,92,3,391.62
13976,4650,31,3,609.25
13977,4651,133,1,46.80
13978,4652,164,2,69.89
13979,4652,114,4,386.72
13980,4652,58,1,199.52
13981,4653,114,2,386.72
13982,4654,73,2,25.03
13983,4654,122,3,11.28
13984,4654,173,1,93.51
13985,4654,97,4,388.13
13986,4655,74,4,54.80
13987,4656,96,2,48.32
13988,4656,53,4,108.74
13989,4657,177,4,103.55
13990,4657,85,2,126.48
13991,4657,162,2,21.49
13992,4657,64,4,50.42
13993,4657,126,1,25.37
13994,4658,31,1,609.25
13995,4658,159,2,26.55
13996,4658,198,1,49.14
13997,4658,30,1,281.92
13998,4658,103,4,258.65
13999,4659,177,4,103.55
14000,4659,77,2,28.30
14001,4659,67,4,39.92
14002,4659,31,4,609.25
14003,4659,133,1,46.80
14004,4660,51,1,23.32
14005,4660,178,1,39.29
14006,4660,78,3,92.26
14007,4660,54,1,52.55
14008,4661,37,1,429.72
14009,4661,15,2,875.17
14010,4661,52,2,47.09
14011,4661,155,4,24.51
14012,4662,75,2,108.00
14013,4663,106,3,377.39
14014,4663,23,2,311.08
14015,4663,64,1,50.42
14016,4663,187,4,12.37
14017,4664,2,1,239.88
14018,4664,32,4,574.26
14019,4665,94,4,281.05
14020,4665,55,3,247.20
14021,4665,124,3,44.55
14022,4666,98,3,324.18
14023,4667,173,1,93.51
14024,4668,86,4,333.64
14025,4668,122,2,11.28
14026,4668,111,4,295.40
14027,4668,72,2,207.50
14028,4668,15,2,875.17
14029,4669,106,3,377.39
14030,4670,148,4,42.76
14031,4670,18,3,293.07
14032,4670,16,2,537.37
14033,4670,186,2,118.92
14034,4671,1,2,500.72
14035,4671,161,2,9.08
14036,4671,77,3,28.30
14037,4672,89,4,183.76
14038,4672,1,1,500.72
14039,4672,29,3,665.28
14040,4672,16,2,537.37
14041,4673,115,3,308.68
14042,4673,30,2,281.92
14043,4673,94,1,281.05
14044,4673,161,4,9.08
14045,4673,169,3,96.92
14046,4674,173,4,93.51
14047,4674,98,3,324.18
14048,4674,176,1,24.47
14049,4674,37,2,429.72
14050,4675,1,3,500.72
14051,4675,108,1,231.27
14052,4675,74,1,54.80
14053,4676,109,4,191.43
14054,4676,146,4,27.35
14055,4676,110,4,431.78
14056,4676,75,2,108.00
14057,4676,62,2,205.44
14058,4677,150,3,45.00
14059,4677,141,2,44.68
14060,4677,49,4,182.19
14061,4677,103,3,258.65
14062,4678,42,4,81.37
14063,4678,5,3,294.97
14064,4679,17,3,446.15
14065,4680,44,4,168.63
14066,4680,56,3,174.98
14067,4680,137,1,16.72
14068,4681,174,4,114.93
14069,4681,161,1,9.08
14070,4682,40,4,633.55
14071,4683,27,2,225.51
14072,4683,136,2,16.82
14073,4683,184,4,93.38
14074,4683,84,3,198.78
14075,4683,175,3,53.39
14076,4684,138,1,54.31
14077,4684,149,4,28.06
14078,4684,46,2,30.13
14079,4685,100,3,86.91
14080,4685,131,1,51.37
14081,4685,155,1,24.51
14082,4685,109,1,191.43
14083,4685,188,1,16.87
14084,4686,136,3,16.82
14085,4687,89,1,183.76
14086,4687,122,4,11.28
14087,4687,97,3,388.13
14088,4687,191,2,103.44
14089,4687,13,1,522.46
14090,4688,32,1,574.26
14091,4688,32,2,574.26
14092,4689,63,2,293.35
14093,4689,32,1,574.26
14094,4690,83,1,88.66
14095,4691,2,4,239.88
14096,4692,95,2,418.23
14097,4692,43,4,30.78
14098,4692,158,1,59.27
14099,4692,193,2,94.03
14100,4693,58,2,199.52
14101,4693,67,3,39.92
14102,4693,85,1,126.48
14103,4693,12,2,788.04
14104,4693,134,4,19.36
14105,4694,66,1,60.34
14106,4695,57,4,51.30
14107,4695,73,4,25.03
14108,4695,155,1,24.51
14109,4695,165,1,65.60
14110,4696,41,1,224.09
14111,4696,164,3,69.89
14112,4696,183,1,92.22
14113,4696,119,4,390.51
14114,4696,149,2,28.06
14115,4697,175,4,53.39
14116,4697,70,3,47.08
14117,4697,34,3,426.41
14118,4698,8,4,743.01
14119,4698,145,2,16.73
14120,4699,94,3,281.05
14121,4699,100,2,86.91
14122,4700,104,1,42.38
14123,4701,133,2,46.80
14124,4701,116,1,163.33
14125,4702,122,2,11.28
14126,4702,29,4,665.28
14127,4703,167,1,106.22
14128,4703,170,1,16.89
14129,4703,124,3,44.55
14130,4703,68,3,104.26
14131,4703,71,4,271.85
14132,4704,176,4,24.47
14133,4705,157,3,19.33
14134,4705,153,2,53.97
14135,4705,136,2,16.82
14136,4705,102,4,17.15
14137,4705,169,2,96.92
14138,4706,67,4,39.92
14139,4706,43,4,30.78
14140,4706,109,2,191.43
14141,4706,75,4,108.00
14142,4707,137,3,16.72
14143,4707,12,4,788.04
14144,4707,108,4,231.27
14145,4708,90,3,370.03
14146,4708,15,3,875.17
14147,4709,100,1,86.91
14148,4709,79,2,233.68
14149,4710,10,4,273.35
14150,4711,15,3,875.17
14151,4711,62,2,205.44
14152,4711,96,1,48.32
14153,4711,118,4,259.42
14154,4711,167,2,106.22
14155,4712,146,2,27.35
14156,4712,71,4,271.85
14157,4712,140,3,13.39
14158,4712,87,3,282.19
14159,4712,163,1,81.90
14160,4713,178,1,39.29
14161,4713,189,4,57.74
14162,4714,16,1,537.37
14163,4715,117,4,298.11
14164,4715,58,1,199.52
14165,4715,63,4,293.35
14166,4716,70,4,47.08
14167,4717,109,2,191.43
14168,4717,160,4,45.74
14169,4717,67,1,39.92
14170,4717,58,2,199.52
14171,4718,190,1,109.95
14172,4718,92,3,391.62
14173,4718,68,2,104.26
14174,4719,160,1,45.74
14175,4719,172,4,66.83
14176,4719,12,4,788.04
14177,4719,191,2,103.44
14178,4720,185,1,4.70
14179,4720,112,1,307.14
14180,4720,20,4,150.57
14181,4720,175,4,53.39
14182,4721,8,3,743.01
14183,4721,89,4,183.76
14184,4721,126,1,25.37
14185,4722,93,3,318.36
14186,4722,154,4,6.98
14187,4722,15,1,875.17
14188,4722,109,1,191.43
14189,4723,103,1,258.65
14190,4724,75,1,108.00
14191,4725,74,4,54.80
14192,4725,121,3,40.24
14193,4725,79,3,233.68
14194,4725,173,3,93.51
14195,4726,75,1,108.00
14196,4726,60,2,179.81
14197,4726,140,2,13.39
14198,4727,123,2,37.05
14199,4727,4,2,327.69
14200,4727,200,1,21.95
14201,4728,51,1,23.32
14202,4728,63,3,293.35
14203,4729,78,4,92.26
14204,4729,26,3,43.63
14205,4729,156,4,47.44
14206,4729,196,1,66.42
14207,4730,50,3,237.25
14208,4730,63,2,293.35
14209,4730,141,1,44.68
14210,4731,34,2,426.41
14211,4732,139,3,26.08
14212,4732,60,1,179.81
14213,4732,78,2,92.26
14214,4732,187,4,12.37
14215,4733,67,1,39.92
14216,4733,30,3,281.92
14217,4733,26,1,43.63
14218,4733,71,1,271.85
14219,4733,123,3,37.05
14220,4734,144,3,46.06
14221,4735,53,4,108.74
14222,4735,105,2,27.39
14223,4736,191,4,103.44
14224,4736,24,1,811.59
14225,4736,187,4,12.37
14226,4736,158,2,59.27
14227,4736,47,1,66.78
14228,4737,94,2,281.05
14229,4737,112,3,307.14
14230,4738,30,2,281.92
14231,4738,10,2,273.35
14232,4738,22,3,129.18
14233,4738,85,3,126.48
14234,4739,108,3,231.27
14235,4740,196,2,66.42
14236,4740,74,4,54.80
14237,4740,35,1,291.27
14238,4740,82,2,164.45
14239,4741,50,4,237.25
14240,4741,46,3,30.13
14241,4742,102,1,17.15
14242,4742,174,2,114.93
14243,4743,162,4,21.49
14244,4744,31,4,609.25
14245,4744,106,4,377.39
14246,4744,79,1,233.68
14247,4744,71,4,271.85
14248,4745,53,3,108.74
14249,4745,100,1,86.91
14250,4745,109,1,191.43
14251,4745,179,4,29.88
14252,4746,9,4,746.78
14253,4747,72,2,207.50
14254,4747,179,3,29.88
14255,4747,158,1,59.27
14256,4747,32,4,574.26
14257,4747,143,3,59.98
14258,4748,128,3,46.60
14259,4748,32,4,574.26
14260,4748,116,2,163.33
14261,4749,145,4,16.73
14262,4749,55,2,247.20
14263,4749,181,3,13.99
14264,4750,39,4,380.34
14265,4750,87,3,282.19
14266,4750,18,2,293.07
14267,4750,41,4,224.09
14268,4750,22,4,129.18
14269,4751,180,2,109.81
14270,4751,144,1,46.06
14271,4752,197,2,63.01
14272,4752,13,2,522.46
14273,4752,65,1,153.24
14274,4753,169,2,96.92
14275,4754,91,1,265.75
14276,4754,68,2,104.26
14277,4754,11,2,691.54
14278,4754,52,4,47.09
14279,4754,121,4,40.24
14280,4755,63,3,293.35
14281,4755,161,1,9.08
14282,4755,103,1,258.65
14283,4756,37,2,429.72
14284,4757,78,2,92.26
14285,4757,92,3,391.62
14286,4758,68,4,104.26
14287,4759,150,3,45.00
14288,4759,149,2,28.06
14289,4759,186,2,118.92
14290,4759,139,4,26.08
14291,4760,173,3,93.51
14292,4760,69,1,258.65
14293,4761,124,1,44.55
14294,4762,114,3,386.72
14295,4762,64,2,50.42
14296,4762,92,2,391.62
14297,4762,169,4,96.92
14298,4762,40,4,633.55
14299,4763,110,4,431.78
14300,4764,180,3,109.81
14301,4765,123,3,37.05
14302,4765,135,4,53.76
14303,4765,168,3,4.90
14304,4765,177,3,103.55
14305,4765,93,2,318.36
14306,4766,121,2,40.24
14307,4766,200,2,21.95
14308,4766,106,3,377.39
14309,4767,11,3,691.54
14310,4767,191,2,103.44
14311,4767,73,1,25.03
14312,4767,16,2,537.37
14313,4767,4,4,327.69
14314,4768,166,2,61.71
14315,4768,139,2,26.08
14316,4768,164,3,69.89
14317,4768,70,1,47.08
14318,4769,188,4,16.87
14319,4769,141,3,44.68
14320,4770,158,4,59.27
14321,4770,118,2,259.42
14322,4770,11,4,691.54
14323,4770,34,3,426.41
14324,4771,108,3,231.27
14325,4771,11,2,691.54
14326,4772,130,3,40.37
14327,4772,198,4,49.14
14328,4772,32,2,574.26
14329,4772,38,4,117.99
14330,4773,155,2,24.51
14331,4773,49,3,182.19
14332,4773,39,2,380.34
14333,4773,105,2,27.39
14334,4773,96,4,48.32
14335,4774,111,1,295.40
14336,4774,197,1,63.01
14337,4775,16,1,537.37
14338,4775,24,2,811.59
14339,4776,119,4,390.51
14340,4776,16,4,537.37
14341,4776,174,2,114.93
14342,4777,100,1,86.91
14343,4777,142,2,36.11
14344,4778,32,2,574.26
14345,4778,30,4,281.92
14346,4778,76,1,248.97
14347,4778,32,2,574.26
14348,4779,42,2,81.37
14349,4779,153,1,53.97
14350,4780,64,3,50.42
14351,4781,75,1,108.00
14352,4781,74,4,54.80
14353,4782,3,4,136.62
14354,4783,79,1,233.68
14355,4783,174,1,114.93
14356,4783,106,2,377.39
14357,4784,168,1,4.90
14358,4785,146,2,27.35
14359,4785,69,3,258.65
14360,4786,103,2,258.65
14361,4787,97,3,388.13
14362,4787,115,4,308.68
14363,4787,116,1,163.33
14364,4787,74,1,54.80
14365,4787,126,3,25.37
14366,4788,46,1,30.13
14367,4788,140,3,13.39
14368,4788,59,3,264.27
14369,4788,116,3,163.33
14370,4789,86,4,333.64
14371,4789,139,3,26.08
14372,4789,28,1,549.50
14373,4789,139,2,26.08
14374,4789,200,1,21.95
14375,4790,60,2,179.81
14376,4790,138,4,54.31
14377,4790,11,4,691.54
14378,4791,186,1,118.92
14379,4791,77,1,28.30
14380,4791,8,4,743.01
14381,4791,180,3,109.81
14382,4791,106,1,377.39
14383,4792,59,2,264.27
14384,4792,122,3,11.28
14385,4793,26,2,43.63
14386,4793,148,2,42.76
14387,4793,48,3,206.81
14388,4793,196,2,66.42
14389,4794,1,1,500.72
14390,4794,100,1,86.91
14391,4794,160,4,45.74
14392,4794,185,1,4.70
14393,4794,18,4,293.07
14394,4795,164,3,69.89
14395,4795,188,4,16.87
14396,4795,156,3,47.44
14397,4796,172,4,66.83
14398,4796,62,2,205.44
14399,4796,121,2,40.24
14400,4796,36,4,558.56
14401,4797,37,4,429.72
14402,4797,21,3,540.25
14403,4798,124,2,44.55
14404,4799,28,4,549.50
14405,4799,62,3,205.44
14406,4799,19,2,816.54
14407,4799,183,3,92.22
14408,4800,99,4,151.45
14409,4800,17,4,446.15
14410,4800,69,2,258.65
14411,4800,46,1,30.13
14412,4800,190,1,109.95
14413,4801,101,1,329.79
14414,4801,95,2,418.23
14415,4801,53,1,108.74
14416,4801,47,1,66.78
14417,4802,114,2,386.72
14418,4803,189,1,57.74
14419,4803,118,1,259.42
14420,4803,98,2,324.18
14421,4803,62,2,205.44
14422,4803,63,1,293.35
14423,4804,31,1,609.25
14424,4804,59,4,264.27
14425,4805,48,1,206.81
14426,4806,114,2,386.72
14427,4806,177,1,103.55
14428,4806,121,4,40.24
14429,4807,185,3,4.70
14430,4807,149,3,28.06
14431,4808,158,4,59.27
14432,4809,100,3,86.91
14433,4810,86,2,333.64
14434,4811,96,2,48.32
14435,4811,178,1,39.29
14436,4811,82,3,164.45
14437,4811,38,1,117.99
14438,4812,100,2,86.91
14439,4812,119,2,390.51
14440,4812,78,1,92.26
14441,4812,119,2,390.51
14442,4812,13,4,522.46
14443,4813,12,3,788.04
14444,4813,114,2,386.72
14445,4813,103,3,258.65
14446,4814,132,4,33.38
14447,4815,122,1,11.28
14448,4816,136,1,16.82
14449,4816,24,2,811.59
14450,4816,1,4,500.72
14451,4816,27,2,225.51
14452,4816,56,4,174.98
14453,4817,74,1,54.80
14454,4817,76,1,248.97
14455,4817,35,1,291.27
14456,4817,10,2,273.35
14457,4818,129,4,31.16
14458,4818,63,2,293.35
14459,4818,157,1,19.33
14460,4819,186,3,118.92
14461,4820,89,3,183.76
14462,4820,141,4,44.68
14463,4821,132,2,33.38
14464,4821,123,4,37.05
14465,4822,142,3,36.11
14466,4822,128,3,46.60
14467,4822,65,1,153.24
14468,4822,67,2,39.92
14469,4823,154,1,6.98
14470,4823,87,2,282.19
14471,4823,13,4,522.46
14472,4824,41,3,224.09
14473,4824,158,1,59.27
14474,4824,122,1,11.28
14475,4825,158,1,59.27
14476,4825,79,2,233.68
14477,4826,110,3,431.78
14478,4826,85,2,126.48
14479,4827,34,1,426.41
14480,4827,82,3,164.45
14481,4827,187,3,12.37
14482,4827,18,2,293.07
14483,4827,26,1,43.63
14484,4828,66,3,60.34
14485,4828,180,2,109.81
14486,4829,9,2,746.78
14487,4829,56,2,174.98
14488,4830,51,3,23.32
14489,4830,166,1,61.71
14490,4831,116,2,163.33
14491,4831,185,1,4.70
14492,4832,152,4,48.13
14493,4832,72,4,207.50
14494,4833,12,3,788.04
14495,4834,183,3,92.22
14496,4835,97,4,388.13
14497,4835,131,3,51.37
14498,4835,92,4,391.62
14499,4835,186,2,118.92
14500,4835,9,4,746.78
14501,4836,181,4,13.99
14502,4837,77,3,28.30
14503,4837,10,1,273.35
14504,4837,140,1,13.39
14505,4837,150,3,45.00
14506,4838,65,4,153.24
14507,4838,15,4,875.17
14508,4838,192,2,14.31
14509,4838,21,1,540.25
14510,4838,39,2,380.34
14511,4839,24,4,811.59
14512,4839,113,2,78.35
14513,4839,8,1,743.01
14514,4839,173,4,93.51
14515,4839,168,2,4.90
14516,4840,153,3,53.97
14517,4840,157,3,19.33
14518,4840,158,4,59.27
14519,4841,91,3,265.75
14520,4841,132,2,33.38
14521,4842,154,2,6.98
14522,4842,76,1,248.97
14523,4842,170,3,16.89
14524,4843,35,1,291.27
14525,4843,133,4,46.80
14526,4844,101,1,329.79
14527,4845,165,4,65.60
14528,4846,115,3,308.68
14529,4846,78,2,92.26
14530,4847,156,4,47.44
14531,4848,83,3,88.66
14532,4849,15,3,875.17
14533,4849,115,3,308.68
14534,4849,164,3,69.89
14535,4850,133,1,46.80
14536,4851,162,1,21.49
14537,4851,169,2,96.92
14538,4851,6,4,871.62
14539,4851,4,1,327.69
14540,4852,23,2,311.08
14541,4852,73,3,25.03
14542,4852,179,2,29.88
14543,4852,6,4,871.62
14544,4852,175,2,53.39
14545,4853,189,4,57.74
14546,4853,124,2,44.55
14547,4853,58,2,199.52
14548,4854,52,3,47.09
14549,4854,87,3,282.19
14550,4855,165,2,65.60
14551,4855,32,3,574.26
14552,4855,29,2,665.28
14553,4856,134,3,19.36
14554,4856,122,1,11.28
14555,4856,124,1,44.55
14556,4856,166,1,61.71
14557,4856,189,4,57.74
14558,4857,109,1,191.43
14559,4857,112,3,307.14
14560,4857,18,4,293.07
14561,4857,174,2,114.93
14562,4857,108,3,231.27
14563,4858,159,4,26.55
14564,4858,76,1,248.97
14565,4858,190,4,109.95
14566,4859,98,3,324.18
14567,4860,167,1,106.22
14568,4860,85,3,126.48
14569,4860,121,1,40.24
14570,4860,117,3,298.11
14571,4860,77,4,28.30
14572,4861,48,1,206.81
14573,4862,119,2,390.51
14574,4862,55,1,247.20
14575,4862,121,4,40.24
14576,4862,94,4,281.05
14577,4862,76,3,248.97
14578,4863,101,3,329.79
14579,4863,173,1,93.51
14580,4864,198,2,49.14
14581,4864,15,2,875.17
14582,4865,130,2,40.37
14583,4865,3,4,136.62
14584,4866,87,3,282.19
14585,4867,72,1,207.50
14586,4867,49,4,182.19
14587,4867,157,2,19.33
14588,4867,26,4,43.63
14589,4867,189,3,57.74
14590,4868,27,2,225.51
14591,4868,181,3,13.99
14592,4868,92,3,391.62
14593,4868,99,1,151.45
14594,4868,26,3,43.63
14595,4869,176,2,24.47
14596,4869,73,4,25.03
14597,4869,37,1,429.72
14598,4870,115,1,308.68
14599,4870,40,3,633.55
14600,4870,155,4,24.51
14601,4870,152,3,48.13
14602,4870,156,2,47.44
14603,4871,137,1,16.72
14604,4871,41,1,224.09
14605,4872,15,4,875.17
14606,4872,194,2,74.31
14607,4872,72,1,207.50
14608,4872,99,2,151.45
14609,4873,63,2,293.35
14610,4873,105,4,27.39
14611,4873,112,3,307.14
14612,4873,41,1,224.09
14613,4874,163,2,81.90
14614,4874,49,4,182.19
14615,4874,68,2,104.26
14616,4874,149,4,28.06
14617,4874,164,3,69.89
14618,4875,178,4,39.29
14619,4875,152,2,48.13
14620,4876,73,1,25.03
14621,4876,158,1,59.27
14622,4876,175,2,53.39
14623,4877,26,1,43.63
14624,4877,121,4,40.24
14625,4877,119,2,390.51
14626,4878,135,2,53.76
14627,4878,189,2,57.74
14628,4879,23,4,311.08
14629,4879,109,3,191.43
14630,4880,36,2,558.56
14631,4880,71,3,271.85
14632,4880,156,2,47.44
14633,4881,177,3,103.55
14634,4881,161,3,9.08
14635,4881,129,1,31.16
14636,4882,90,3,370.03
14637,4883,10,1,273.35
14638,4883,99,1,151.45
14639,4884,195,3,97.24
14640,4885,84,1,198.78
14641,4885,123,1,37.05
14642,4885,116,4,163.33
14643,4885,125,2,32.57
14644,4885,34,1,426.41
14645,4886,173,4,93.51
14646,4886,189,1,57.74
14647,4886,75,2,108.00
14648,4886,197,3,63.01
14649,4887,66,2,60.34
14650,4887,62,4,205.44
14651,4887,84,1,198.78
14652,4888,170,2,16.89
14653,4888,129,3,31.16
14654,4888,73,4,25.03
14655,4889,5,2,294.97
14656,4889,51,4,23.32
14657,4890,95,1,418.23
14658,4890,189,1,57.74
14659,4891,152,3,48.13
14660,4891,162,1,21.49
14661,4892,12,4,788.04
14662,4892,72,3,207.50
14663,4892,191,3,103.44
14664,4892,107,4,368.95
14665,4892,17,2,446.15
14666,4893,80,4,253.61
14667,4893,150,2,45.00
14668,4893,166,4,61.71
14669,4893,80,2,253.61
14670,4893,40,1,633.55
14671,4894,95,2,418.23
14672,4895,25,4,250.49
14673,4895,101,3,329.79
14674,4895,126,1,25.37
14675,4895,175,4,53.39
14676,4895,64,2,50.42
14677,4896,15,3,875.17
14678,4897,93,4,318.36
14679,4897,119,3,390.51
14680,4898,54,1,52.55
14681,4898,186,2,118.92
14682,4898,145,2,16.73
14683,4899,192,3,14.31
14684,4900,10,4,273.35
14685,4901,91,2,265.75
14686,4901,182,1,100.88
14687,4901,55,2,247.20
14688,4901,118,1,259.42
14689,4901,102,2,17.15
14690,4902,174,4,114.93
14691,4902,53,1,108.74
14692,4902,170,2,16.89
14693,4902,106,3,377.39
14694,4903,191,4,103.44
14695,4903,79,4,233.68
14696,4903,10,1,273.35
14697,4904,42,4,81.37
14698,4904,122,4,11.28
14699,4905,176,4,24.47
14700,4905,31,3,609.25
14701,4905,116,2,163.33
14702,4906,29,2,665.28
14703,4906,164,3,69.89
14704,4907,46,2,30.13
14705,4907,165,3,65.60
14706,4907,35,4,291.27
14707,4908,192,2,14.31
14708,4909,98,3,324.18
14709,4909,101,2,329.79
14710,4910,150,4,45.00
14711,4910,37,4,429.72
14712,4910,185,4,4.70
14713,4911,74,4,54.80
14714,4911,81,1,310.43
14715,4912,56,3,174.98
14716,4912,113,2,78.35
14717,4912,117,3,298.11
14718,4912,105,1,27.39
14719,4912,184,1,93.38
14720,4913,28,3,549.50
14721,4913,181,4,13.99
14722,4914,166,3,61.71
14723,4914,97,4,388.13
14724,4914,53,4,108.74
14725,4914,161,4,9.08
14726,4915,90,2,370.03
14727,4915,107,1,368.95
14728,4915,21,4,540.25
14729,4915,47,3,66.78
14730,4916,40,2,633.55
14731,4916,173,2,93.51
14732,4916,35,1,291.27
14733,4917,146,2,27.35
14734,4917,32,3,574.26
14735,4918,111,1,295.40
14736,4918,60,4,179.81
14737,4918,6,3,871.62
14738,4919,178,4,39.29
14739,4919,31,1,609.25
14740,4919,200,3,21.95
14741,4919,167,3,106.22
14742,4919,192,2,14.31
14743,4920,169,3,96.92
14744,4920,18,3,293.07
14745,4920,40,2,633.55
14746,4921,135,1,53.76
14747,4921,144,2,46.06
14748,4921,38,1,117.99
14749,4922,47,4,66.78
14750,4922,106,2,377.39
14751,4922,151,2,53.45
14752,4922,175,1,53.39
14753,4923,111,1,295.40
14754,4923,165,2,65.60
14755,4923,67,3,39.92
14756,4923,36,2,558.56
14757,4923,168,3,4.90
14758,4924,162,3,21.49
14759,4924,28,2,549.50
14760,4924,17,1,446.15
14761,4925,104,1,42.38
14762,4925,177,1,103.55
14763,4925,49,4,182.19
14764,4925,100,2,86.91
14765,4926,162,3,21.49
14766,4927,66,4,60.34
14767,4927,85,3,126.48
14768,4927,121,1,40.24
14769,4927,77,1,28.30
14770,4928,139,4,26.08
14771,4928,36,2,558.56
14772,4929,99,3,151.45
14773,4930,184,1,93.38
14774,4930,17,1,446.15
14775,4930,181,3,13.99
14776,4931,107,4,368.95
14777,4931,6,3,871.62
14778,4931,55,2,247.20
14779,4931,169,3,96.92
14780,4932,198,4,49.14
14781,4932,182,3,100.88
14782,4932,91,2,265.75
14783,4932,93,3,318.36
14784,4933,150,1,45.00
14785,4933,98,1,324.18
14786,4934,198,3,49.14
14787,4934,3,4,136.62
14788,4934,137,4,16.72
14789,4935,168,1,4.90
14790,4936,168,4,4.90
14791,4936,134,3,19.36
14792,4936,165,1,65.60
14793,4936,163,1,81.90
14794,4936,153,2,53.97
14795,4937,112,4,307.14
14796,4937,184,4,93.38
14797,4937,3,1,136.62
14798,4937,166,4,61.71
14799,4937,6,2,871.62
14800,4938,73,3,25.03
14801,4938,10,3,273.35
14802,4938,101,1,329.79
14803,4939,133,3,46.80
14804,4939,192,3,14.31
14805,4940,185,1,4.70
14806,4941,59,2,264.27
14807,4942,51,3,23.32
14808,4942,94,3,281.05
14809,4942,161,2,9.08
14810,4942,60,1,179.81
14811,4942,108,2,231.27
14812,4943,9,1,746.78
14813,4943,137,4,16.72
14814,4943,109,4,191.43
14815,4943,170,2,16.89
14816,4944,111,2,295.40
14817,4944,4,3,327.69
14818,4944,145,2,16.73
14819,4944,79,1,233.68
14820,4945,123,2,37.05
14821,4945,113,2,78.35
14822,4945,20,4,150.57
14823,4946,76,1,248.97
14824,4947,194,3,74.31
14825,4947,175,3,53.39
14826,4948,69,1,258.65
14827,4949,172,4,66.83
14828,4949,134,1,19.36
14829,4949,22,1,129.18
14830,4949,20,1,150.57
14831,4950,23,3,311.08
14832,4950,25,2,250.49
14833,4950,54,3,52.55
14834,4950,37,4,429.72
14835,4951,37,3,429.72
14836,4951,91,2,265.75
14837,4951,122,4,11.28
14838,4952,167,2,106.22
14839,4953,130,2,40.37
14840,4953,31,2,609.25
14841,4953,71,2,271.85
14842,4953,187,2,12.37
14843,4953,85,1,126.48
14844,4954,150,3,45.00
14845,4955,122,4,11.28
14846,4955,198,2,49.14
14847,4955,96,3,48.32
14848,4955,84,4,198.78
14849,4955,175,4,53.39
14850,4956,67,3,39.92
14851,4957,19,4,816.54
14852,4957,170,4,16.89
14853,4958,158,2,59.27
14854,4958,60,4,179.81
14855,4958,115,4,308.68
14856,4958,92,3,391.62
14857,4958,170,2,16.89
14858,4959,200,4,21.95
14859,4960,53,3,108.74
14860,4960,131,3,51.37
14861,4960,119,3,390.51
14862,4960,133,2,46.80
14863,4961,40,3,633.55
14864,4962,134,4,19.36
14865,4962,185,3,4.70
14866,4962,69,3,258.65
14867,4962,111,2,295.40
14868,4962,146,1,27.35
14869,4963,77,4,28.30
14870,4963,70,4,47.08
14871,4963,153,2,53.97
14872,4964,76,4,248.97
14873,4964,18,3,293.07
14874,4964,99,4,151.45
14875,4965,164,4,69.89
14876,4965,90,1,370.03
14877,4965,124,3,44.55
14878,4965,29,1,665.28
14879,4965,166,2,61.71
14880,4966,70,4,47.08
14881,4966,14,1,750.61
14882,4966,59,3,264.27
14883,4966,72,1,207.50
14884,4966,135,1,53.76
14885,4967,5,4,294.97
14886,4967,73,2,25.03
14887,4967,128,2,46.60
14888,4967,63,3,293.35
14889,4968,138,2,54.31
14890,4968,127,4,45.09
14891,4968,110,1,431.78
14892,4968,153,3,53.97
14893,4969,14,1,750.61
14894,4969,89,2,183.76
14895,4969,15,3,875.17
14896,4970,141,3,44.68
14897,4971,178,1,39.29
14898,4972,106,3,377.39
14899,4972,121,2,40.24
14900,4972,45,2,150.59
14901,4972,143,2,59.98
14902,4972,40,2,633.55
14903,4973,111,2,295.40
14904,4974,98,2,324.18
14905,4975,46,2,30.13
14906,4976,142,1,36.11
14907,4976,165,1,65.60
14908,4977,39,1,380.34
14909,4978,160,3,45.74
14910,4979,159,2,26.55
14911,4979,182,2,100.88
14912,4979,20,1,150.57
14913,4979,22,1,129.18
14914,4979,67,2,39.92
14915,4980,119,2,390.51
14916,4980,90,2,370.03
14917,4981,81,3,310.43
14918,4981,32,3,574.26
14919,4981,119,2,390.51
14920,4981,179,1,29.88
14921,4982,178,2,39.29
14922,4983,137,3,16.72
14923,4983,139,1,26.08
14924,4983,64,4,50.42
14925,4983,135,1,53.76
14926,4983,152,2,48.13
14927,4984,138,1,54.31
14928,4984,131,1,51.37
14929,4984,178,3,39.29
14930,4984,37,1,429.72
14931,4984,172,4,66.83
14932,4985,198,4,49.14
14933,4985,56,1,174.98
14934,4985,23,3,311.08
14935,4986,97,3,388.13
14936,4986,12,1,788.04
14937,4986,71,1,271.85
14938,4986,23,4,311.08
14939,4987,38,2,117.99
14940,4987,159,3,26.55
14941,4987,197,1,63.01
14942,4988,85,2,126.48
14943,4988,138,1,54.31
14944,4988,8,2,743.01
14945,4989,142,3,36.11
14946,4990,85,1,126.48
14947,4991,74,4,54.80
14948,4991,10,3,273.35
14949,4992,183,1,92.22
14950,4992,22,4,129.18
14951,4992,48,1,206.81
14952,4992,118,2,259.42
14953,4993,5,4,294.97
14954,4993,19,4,816.54
14955,4994,19,4,816.54
14956,4994,55,3,247.20
14957,4995,3,3,136.62
14958,4995,109,3,191.43
14959,4995,117,3,298.11
14960,4995,95,3,418.23
14961,4996,128,1,46.60
14962,4997,18,1,293.07
14963,4997,128,3,46.60
14964,4997,142,2,36.11
14965,4998,111,3,295.40
14966,4998,179,4,29.88
14967,4998,91,3,265.75
14968,4998,36,3,558.56
14969,4999,160,1,45.74
14970,4999,21,4,540.25
14971,5000,84,4,198.78
14972,5000,49,3,182.19
14973,5000,190,3,109.95
14974,5000,110,3,431.78
14975,5001,70,1,47.08
14976,5002,69,2,258.65
14977,5003,154,4,6.98
14978,5004,166,3,61.71
14979,5004,134,2,19.36
14980,5004,37,1,429.72
14981,5004,99,1,151.45
14982,5005,161,4,9.08
14983,5005,16,3,537.37
14984,5005,19,1,816.54
14985,5005,60,2,179.81
14986,5005,134,3,19.36
14987,5006,55,1,247.20
14988,5006,93,4,318.36
14989,5006,45,4,150.59
14990,5006,29,4,665.28
14991,5006,119,2,390.51
14992,5007,70,3,47.08
14993,5007,18,2,293.07
14994,5007,197,4,63.01
14995,5007,96,4,48.32
14996,5008,15,4,875.17
14997,5008,53,1,108.74
14998,5008,179,2,29.88
14999,5009,153,1,53.97
15000,5009,125,4,32.57
15001,5010,103,2,258.65
15002,5011,67,3,39.92
15003,5011,174,2,114.93
15004,5012,83,3,88.66
15005,5012,93,3,318.36
15006,5012,174,4,114.93
15007,5012,150,4,45.00
15008,5012,111,1,295.40
15009,5013,124,3,44.55
15010,5013,161,1,9.08
15011,5013,17,4,446.15
15012,5014,30,4,281.92
15013,5014,4,4,327.69
15014,5015,22,4,129.18
15015,5015,50,1,237.25
15016,5015,101,2,329.79
15017,5015,115,3,308.68
15018,5015,38,4,117.99
15019,5016,112,1,307.14
15020,5017,8,1,743.01
15021,5018,154,1,6.98
15022,5018,100,3,86.91
15023,5019,125,3,32.57
15024,5019,130,3,40.37
15025,5019,62,4,205.44
15026,5019,132,1,33.38
15027,5020,73,1,25.03
15028,5020,125,4,32.57
15029,5020,156,3,47.44
15030,5020,149,2,28.06
15031,5020,48,2,206.81
15032,5021,94,3,281.05
15033,5021,3,1,136.62
15034,5021,126,3,25.37
15035,5021,54,3,52.55
15036,5021,135,2,53.76
15037,5022,109,4,191.43
15038,5023,196,3,66.42
15039,5024,9,4,746.78
15040,5024,98,2,324.18
15041,5024,132,4,33.38
15042,5024,45,2,150.59
15043,5024,11,4,691.54
15044,5025,134,1,19.36
15045,5025,16,2,537.37
15046,5025,89,4,183.76
15047,5025,170,3,16.89
15048,5025,116,4,163.33
15049,5026,191,2,103.44
15050,5026,97,2,388.13
15051,5026,131,2,51.37
15052,5027,2,3,239.88
15053,5027,143,3,59.98
15054,5027,72,1,207.50
15055,5027,14,1,750.61
15056,5028,101,1,329.79
15057,5028,45,2,150.59
15058,5029,82,3,164.45
15059,5029,139,3,26.08
15060,5029,71,3,271.85
15061,5030,16,2,537.37
15062,5031,83,2,88.66
15063,5031,100,1,86.91
15064,5031,32,3,574.26
15065,5031,136,4,16.82
15066,5031,8,4,743.01
15067,5032,108,3,231.27
15068,5032,186,1,118.92
15069,5032,32,1,574.26
15070,5032,141,4,44.68
15071,5033,173,3,93.51
15072,5033,180,1,109.81
15073,5033,195,1,97.24
15074,5033,14,3,750.61
15075,5034,145,2,16.73
15076,5034,13,3,522.46
15077,5034,164,4,69.89
15078,5034,142,1,36.11
15079,5034,196,3,66.42
15080,5035,128,4,46.60
15081,5035,178,4,39.29
15082,5036,14,3,750.61
15083,5036,18,2,293.07
15084,5036,182,2,100.88
15085,5036,130,4,40.37
15086,5036,155,1,24.51
15087,5037,81,4,310.43
15088,5037,196,3,66.42
15089,5037,182,3,100.88
15090,5038,59,1,264.27
15091,5038,64,4,50.42
15092,5038,32,3,574.26
15093,5038,177,3,103.55
15094,5039,128,1,46.60
15095,5040,23,2,311.08
15096,5040,69,3,258.65
15097,5041,131,4,51.37
15098,5041,111,3,295.40
15099,5041,135,2,53.76
15100,5041,181,1,13.99
15101,5042,1,4,500.72
15102,5042,30,4,281.92
15103,5042,159,1,26.55
15104,5043,197,3,63.01
15105,5043,154,3,6.98
15106,5043,9,2,746.78
15107,5043,52,2,47.09
15108,5044,18,1,293.07
15109,5044,94,1,281.05
15110,5044,47,4,66.78
15111,5044,192,1,14.31
15112,5045,17,1,446.15
15113,5045,22,1,129.18
15114,5046,166,1,61.71
15115,5046,14,4,750.61
15116,5046,159,1,26.55
15117,5046,56,4,174.98
15118,5046,77,1,28.30
15119,5047,137,3,16.72
15120,5048,11,3,691.54
15121,5048,170,2,16.89
15122,5048,6,1,871.62
15123,5048,150,2,45.00
15124,5049,34,1,426.41
15125,5049,160,2,45.74
15126,5049,49,2,182.19
15127,5050,148,3,42.76
15128,5050,37,4,429.72
15129,5050,63,1,293.35
15130,5050,46,1,30.13
15131,5051,119,4,390.51
15132,5051,105,4,27.39
15133,5051,93,2,318.36
15134,5052,125,2,32.57
15135,5052,119,4,390.51
15136,5052,138,2,54.31
15137,5053,77,1,28.30
15138,5053,45,2,150.59
15139,5053,30,3,281.92
15140,5054,102,3,17.15
15141,5054,2,4,239.88
15142,5055,16,2,537.37
15143,5055,31,1,609.25
15144,5055,84,1,198.78
15145,5055,21,4,540.25
15146,5056,110,4,431.78
15147,5057,101,1,329.79
15148,5057,87,1,282.19
15149,5058,149,2,28.06
15150,5058,65,3,153.24
15151,5059,113,1,78.35
15152,5059,54,1,52.55
15153,5059,115,3,308.68
15154,5059,93,1,318.36
15155,5059,157,4,19.33
15156,5060,166,1,61.71
15157,5060,172,4,66.83
15158,5060,198,2,49.14
15159,5061,162,4,21.49
15160,5061,197,2,63.01
15161,5061,29,1,665.28
15162,5062,184,2,93.38
15163,5062,160,1,45.74
15164,5062,105,3,27.39
15165,5062,154,2,6.98
15166,5062,71,4,271.85
15167,5063,23,3,311.08
15168,5063,175,2,53.39
15169,5064,146,1,27.35
15170,5064,145,2,16.73
15171,5064,193,4,94.03
15172,5064,162,4,21.49
15173,5064,21,2,540.25
15174,5065,123,2,37.05
15175,5065,114,3,386.72
15176,5065,149,3,28.06
15177,5065,162,2,21.49
15178,5066,41,1,224.09
15179,5066,192,4,14.31
15180,5066,124,4,44.55
15181,5066,115,1,308.68
15182,5066,181,2,13.99
15183,5067,129,4,31.16
15184,5067,56,2,174.98
15185,5067,14,2,750.61
15186,5068,10,2,273.35
15187,5068,13,1,522.46
15188,5068,143,4,59.98
15189,5069,28,3,549.50
15190,5069,60,1,179.81
15191,5070,102,3,17.15
15192,5070,14,4,750.61
15193,5070,104,1,42.38
15194,5070,123,2,37.05
15195,5071,81,3,310.43
15196,5071,97,3,388.13
15197,5072,37,4,429.72
15198,5073,134,2,19.36
15199,5073,124,1,44.55
15200,5073,30,2,281.92
15201,5073,191,1,103.44
15202,5074,81,4,310.43
15203,5074,174,2,114.93
15204,5074,138,2,54.31
15205,5075,152,1,48.13
15206,5075,126,4,25.37
15207,5075,152,1,48.13
15208,5076,133,2,46.80
15209,5076,194,4,74.31
15210,5077,23,3,311.08
15211,5077,189,3,57.74
15212,5077,184,2,93.38
15213,5078,151,1,53.45
15214,5078,109,4,191.43
15215,5078,115,2,308.68
15216,5078,123,1,37.05
15217,5078,188,1,16.87
15218,5079,69,4,258.65
15219,5079,16,4,537.37
15220,5080,28,2,549.50
15221,5080,156,1,47.44
15222,5080,22,3,129.18
15223,5080,83,3,88.66
15224,5080,22,4,129.18
15225,5081,98,1,324.18
15226,5081,136,1,16.82
15227,5081,49,1,182.19
15228,5082,152,2,48.13
15229,5082,117,2,298.11
15230,5082,142,4,36.11
15231,5082,100,3,86.91
15232,5083,93,4,318.36
15233,5083,173,1,93.51
15234,5083,19,3,816.54
15235,5083,86,4,333.64
15236,5084,43,2,30.78
15237,5084,57,1,51.30
15238,5085,52,4,47.09
15239,5085,119,2,390.51
15240,5085,53,3,108.74
15241,5085,151,1,53.45
15242,5085,152,4,48.13
15243,5086,178,3,39.29
15244,5087,175,3,53.39
15245,5087,34,2,426.41
15246,5088,3,1,136.62
15247,5088,121,1,40.24
15248,5088,179,4,29.88
15249,5088,194,2,74.31
15250,5088,163,1,81.90
15251,5089,135,3,53.76
15252,5089,26,4,43.63
15253,5090,59,1,264.27
15254,5090,56,4,174.98
15255,5090,160,2,45.74
15256,5090,170,3,16.89
15257,5090,121,2,40.24
15258,5091,102,1,17.15
15259,5091,158,4,59.27
15260,5092,149,3,28.06
15261,5092,57,2,51.30
15262,5092,37,2,429.72
15263,5092,184,4,93.38
15264,5093,48,3,206.81
15265,5093,53,2,108.74
15266,5094,2,3,239.88
15267,5095,47,4,66.78
15268,5095,85,4,126.48
15269,5095,5,1,294.97
15270,5096,193,3,94.03
15271,5096,106,2,377.39
15272,5096,200,4,21.95
15273,5097,38,3,117.99
15274,5097,198,3,49.14
15275,5097,8,4,743.01
15276,5097,9,2,746.78
15277,5098,92,1,391.62
15278,5098,168,2,4.90
15279,5098,98,4,324.18
15280,5099,118,2,259.42
15281,5099,87,1,282.19
15282,5099,43,1,30.78
15283,5100,91,2,265.75
15284,5100,200,3,21.95
15285,5100,67,1,39.92
15286,5100,187,3,12.37
15287,5101,3,3,136.62
15288,5102,16,3,537.37
15289,5103,42,4,81.37
15290,5103,69,4,258.65
15291,5103,12,1,788.04
15292,5103,89,3,183.76
15293,5103,36,2,558.56
15294,5104,93,1,318.36
15295,5104,99,2,151.45
15296,5105,82,4,164.45
15297,5105,32,2,574.26
15298,5105,143,2,59.98
15299,5105,141,3,44.68
15300,5106,179,4,29.88
15301,5106,101,3,329.79
15302,5106,106,2,377.39
15303,5106,40,1,633.55
15304,5106,124,1,44.55
15305,5107,119,4,390.51
15306,5107,22,3,129.18
15307,5107,2,4,239.88
15308,5107,169,4,96.92
15309,5107,116,1,163.33
15310,5108,194,2,74.31
15311,5108,159,2,26.55
15312,5108,53,2,108.74
15313,5108,89,3,183.76
15314,5109,182,3,100.88
15315,5109,140,1,13.39
15316,5109,48,2,206.81
15317,5110,30,1,281.92
15318,5110,52,2,47.09
15319,5110,108,4,231.27
15320,5110,189,2,57.74
15321,5111,152,4,48.13
15322,5111,192,1,14.31
15323,5112,178,4,39.29
15324,5112,92,1,391.62
15325,5113,31,3,609.25
15326,5114,193,1,94.03
15327,5114,67,2,39.92
15328,5114,99,1,151.45
15329,5115,92,3,391.62
15330,5116,108,4,231.27
15331,5116,141,2,44.68
15332,5116,108,4,231.27
15333,5116,4,2,327.69
15334,5117,4,2,327.69
15335,5117,195,4,97.24
15336,5117,44,3,168.63
15337,5118,89,1,183.76
15338,5118,119,4,390.51
15339,5118,29,2,665.28
15340,5119,79,2,233.68
15341,5119,179,4,29.88
15342,5119,187,4,12.37
15343,5120,62,2,205.44
15344,5120,41,1,224.09
15345,5121,24,1,811.59
15346,5121,125,1,32.57
15347,5121,151,4,53.45
15348,5121,157,2,19.33
15349,5122,67,4,39.92
15350,5122,59,3,264.27
15351,5122,86,1,333.64
15352,5123,52,2,47.09
15353,5123,189,2,57.74
15354,5124,193,1,94.03
15355,5124,146,3,27.35
15356,5125,4,2,327.69
15357,5125,86,4,333.64
15358,5125,113,3,78.35
15359,5125,104,1,42.38
15360,5125,93,4,318.36
15361,5126,5,4,294.97
15362,5127,177,2,103.55
15363,5127,167,2,106.22
15364,5128,53,2,108.74
15365,5128,134,3,19.36
15366,5128,182,4,100.88
15367,5129,183,4,92.22
15368,5129,139,3,26.08
15369,5130,184,1,93.38
15370,5130,57,1,51.30
15371,5130,172,3,66.83
15372,5131,150,4,45.00
15373,5131,151,4,53.45
15374,5131,140,3,13.39
15375,5132,161,3,9.08
15376,5132,195,1,97.24
15377,5133,131,1,51.37
15378,5133,83,4,88.66
15379,5134,108,2,231.27
15380,5135,103,2,258.65
15381,5135,12,3,788.04
15382,5136,187,3,12.37
15383,5136,1,3,500.72
15384,5136,133,3,46.80
15385,5137,191,2,103.44
15386,5137,87,3,282.19
15387,5138,113,1,78.35
15388,5138,51,1,23.32
15389,5139,179,1,29.88
15390,5140,159,2,26.55
15391,5140,181,1,13.99
15392,5140,151,2,53.45
15393,5140,64,3,50.42
15394,5140,94,1,281.05
15395,5141,195,1,97.24
15396,5141,200,3,21.95
15397,5141,77,2,28.30
15398,5142,148,3,42.76
15399,5142,106,2,377.39
15400,5142,73,3,25.03
15401,5142,179,4,29.88
15402,5143,43,3,30.78
15403,5143,155,4,24.51
15404,5143,54,2,52.55
15405,5144,102,2,17.15
15406,5144,166,3,61.71
15407,5145,25,3,250.49
15408,5145,46,1,30.13
15409,5145,161,1,9.08
15410,5145,2,2,239.88
15411,5146,58,3,199.52
15412,5146,103,3,258.65
15413,5147,18,2,293.07
15414,5147,167,2,106.22
15415,5147,153,1,53.97
15416,5147,22,4,129.18
15417,5147,44,4,168.63
15418,5148,98,2,324.18
15419,5148,42,1,81.37
15420,5149,166,1,61.71
15421,5150,129,4,31.16
15422,5150,44,3,168.63
15423,5151,18,3,293.07
15424,5151,96,3,48.32
15425,5152,14,4,750.61
15426,5152,102,4,17.15
15427,5152,12,2,788.04
15428,5152,158,1,59.27
15429,5152,39,1,380.34
15430,5153,13,2,522.46
15431,5153,151,4,53.45
15432,5153,11,4,691.54
15433,5153,124,2,44.55
15434,5153,104,2,42.38
15435,5154,153,2,53.97
15436,5154,182,1,100.88
15437,5154,45,3,150.59
15438,5155,45,4,150.59
15439,5155,85,4,126.48
15440,5155,196,4,66.42
15441,5155,146,1,27.35
15442,5155,122,1,11.28
15443,5156,66,2,60.34
15444,5156,50,3,237.25
15445,5156,60,4,179.81
15446,5156,106,3,377.39
15447,5156,90,4,370.03
15448,5157,112,3,307.14
15449,5157,103,2,258.65
15450,5158,9,3,746.78
15451,5158,53,3,108.74
15452,5158,90,1,370.03
15453,5158,115,3,308.68
15454,5159,56,2,174.98
15455,5160,111,3,295.40
15456,5160,6,4,871.62
15457,5160,133,4,46.80
15458,5160,157,2,19.33
15459,5161,180,2,109.81
15460,5162,58,4,199.52
15461,5162,131,3,51.37
15462,5163,174,3,114.93
15463,5163,17,3,446.15
15464,5163,67,1,39.92
15465,5163,113,1,78.35
15466,5164,65,2,153.24
15467,5164,181,1,13.99
15468,5165,35,3,291.27
15469,5165,78,2,92.26
15470,5166,63,1,293.35
15471,5166,168,1,4.90
15472,5166,42,1,81.37
15473,5166,64,2,50.42
15474,5167,2,4,239.88
15475,5168,124,1,44.55
15476,5168,144,2,46.06
15477,5168,154,4,6.98
15478,5169,130,3,40.37
15479,5169,73,2,25.03
15480,5169,16,1,537.37
15481,5169,177,2,103.55
15482,5170,93,1,318.36
15483,5170,117,2,298.11
15484,5170,25,1,250.49
15485,5171,188,1,16.87
15486,5172,105,4,27.39
15487,5173,185,3,4.70
15488,5174,162,4,21.49
15489,5174,79,1,233.68
15490,5174,85,2,126.48
15491,5174,102,1,17.15
15492,5174,55,4,247.20
15493,5175,197,1,63.01
15494,5176,94,4,281.05
15495,5176,158,3,59.27
15496,5176,70,2,47.08
15497,5176,1,2,500.72
15498,5176,115,3,308.68
15499,5177,166,1,61.71
15500,5177,195,4,97.24
15501,5178,14,2,750.61
15502,5178,152,3,48.13
15503,5178,154,1,6.98
15504,5179,164,2,69.89
15505,5179,84,4,198.78
15506,5179,189,3,57.74
15507,5179,89,3,183.76
15508,5179,177,2,103.55
15509,5180,6,1,871.62
15510,5180,126,2,25.37
15511,5181,104,3,42.38
15512,5182,62,1,205.44
15513,5183,195,1,97.24
15514,5183,29,3,665.28
15515,5183,57,2,51.30
15516,5183,75,2,108.00
15517,5183,140,1,13.39
15518,5184,4,2,327.69
15519,5184,111,1,295.40
15520,5184,80,2,253.61
15521,5185,24,4,811.59
15522,5186,24,3,811.59
15523,5186,140,4,13.39
15524,5186,17,2,446.15
15525,5187,54,4,52.55
15526,5188,100,3,86.91
15527,5188,89,1,183.76
15528,5188,118,3,259.42
15529,5188,59,2,264.27
15530,5188,28,3,549.50
15531,5189,84,4,198.78
15532,5189,51,3,23.32
15533,5189,59,1,264.27
15534,5189,198,1,49.14
15535,5189,31,2,609.25
15536,5190,189,3,57.74
15537,5191,200,1,21.95
15538,5191,42,2,81.37
15539,5191,198,1,49.14
15540,5191,189,3,57.74
15541,5191,10,3,273.35
15542,5192,87,1,282.19
15543,5192,146,2,27.35
15544,5192,1,4,500.72
15545,5192,128,4,46.60
15546,5192,52,4,47.09
15547,5193,82,3,164.45
15548,5193,124,3,44.55
15549,5193,183,4,92.22
15550,5193,196,2,66.42
15551,5194,183,4,92.22
15552,5194,29,4,665.28
15553,5194,184,3,93.38
15554,5194,196,1,66.42
15555,5195,24,2,811.59
15556,5195,146,1,27.35
15557,5195,36,2,558.56
15558,5196,114,4,386.72
15559,5196,95,2,418.23
15560,5196,105,1,27.39
15561,5196,74,2,54.80
15562,5197,176,2,24.47
15563,5197,75,4,108.00
15564,5197,50,4,237.25
15565,5197,74,4,54.80
15566,5197,183,3,92.22
15567,5198,46,2,30.13
15568,5198,94,3,281.05
15569,5198,78,4,92.26
15570,5198,32,2,574.26
15571,5198,182,3,100.88
15572,5199,124,1,44.55
15573,5200,54,3,52.55
15574,5201,130,2,40.37
15575,5201,166,2,61.71
15576,5202,115,4,308.68
15577,5202,118,4,259.42
15578,5202,23,2,311.08
15579,5202,148,1,42.76
15580,5202,2,4,239.88
15581,5203,85,3,126.48
15582,5203,46,4,30.13
15583,5203,90,1,370.03
15584,5203,144,1,46.06
15585,5203,64,3,50.42
15586,5204,12,3,788.04
15587,5204,189,3,57.74
15588,5204,20,4,150.57
15589,5204,100,2,86.91
15590,5205,145,4,16.73
15591,5205,84,1,198.78
15592,5205,103,4,258.65
15593,5205,176,3,24.47
15594,5206,114,4,386.72
15595,5206,72,3,207.50
15596,5206,182,1,100.88
15597,5206,185,1,4.70
15598,5206,115,3,308.68
15599,5207,46,3,30.13
15600,5207,200,4,21.95
15601,5207,129,1,31.16
15602,5207,32,2,574.26
15603,5208,151,3,53.45
15604,5208,103,1,258.65
15605,5209,81,2,310.43
15606,5209,19,1,816.54
15607,5209,81,2,310.43
15608,5210,10,3,273.35
15609,5210,2,4,239.88
15610,5210,177,4,103.55
15611,5211,11,3,691.54
15612,5211,46,1,30.13
15613,5211,170,1,16.89
15614,5211,175,3,53.39
15615,5212,167,4,106.22
15616,5213,190,1,109.95
15617,5213,69,1,258.65
15618,5213,104,1,42.38
15619,5213,32,1,574.26
15620,5213,168,3,4.90
15621,5214,165,4,65.60
15622,5214,45,4,150.59
15623,5215,73,1,25.03
15624,5215,54,2,52.55
15625,5215,195,4,97.24
15626,5215,68,3,104.26
15627,5215,75,3,108.00
15628,5216,65,2,153.24
15629,5216,9,4,746.78
15630,5216,189,4,57.74
15631,5216,121,4,40.24
15632,5216,71,2,271.85
15633,5217,35,3,291.27
15634,5217,36,2,558.56
15635,5217,35,1,291.27
15636,5217,12,4,788.04
15637,5217,36,4,558.56
15638,5218,154,1,6.98
15639,5219,87,4,282.19
15640,5219,163,1,81.90
15641,5220,145,4,16.73
15642,5220,144,4,46.06
15643,5220,92,4,391.62
15644,5221,19,3,816.54
15645,5221,81,1,310.43
15646,5221,49,2,182.19
15647,5221,23,4,311.08
15648,5222,136,4,16.82
15649,5222,32,3,574.26
15650,5222,89,4,183.76
15651,5222,103,1,258.65
15652,5223,9,3,746.78
15653,5223,81,4,310.43
15654,5223,16,4,537.37
15655,5223,87,4,282.19
15656,5224,146,4,27.35
15657,5224,75,3,108.00
15658,5224,2,1,239.88
15659,5225,10,2,273.35
15660,5225,159,2,26.55
15661,5225,190,3,109.95
15662,5226,85,1,126.48
15663,5226,146,4,27.35
15664,5227,36,2,558.56
15665,5227,142,2,36.11
15666,5228,127,2,45.09
15667,5228,21,2,540.25
15668,5228,22,4,129.18
15669,5229,62,2,205.44
15670,5229,84,4,198.78
15671,5229,48,2,206.81
15672,5229,39,1,380.34
15673,5229,155,4,24.51
15674,5230,136,2,16.82
15675,5230,114,3,386.72
15676,5230,94,4,281.05
15677,5230,193,4,94.03
15678,5230,86,4,333.64
15679,5231,177,1,103.55
15680,5232,129,4,31.16
15681,5232,8,1,743.01
15682,5232,125,3,32.57
15683,5232,165,4,65.60
15684,5232,85,1,126.48
15685,5233,191,4,103.44
15686,5233,189,4,57.74
15687,5233,91,2,265.75
15688,5233,75,2,108.00
15689,5234,142,3,36.11
15690,5234,39,4,380.34
15691,5234,18,1,293.07
15692,5234,73,2,25.03
15693,5234,72,3,207.50
15694,5235,68,3,104.26
15695,5236,29,1,665.28
15696,5236,157,3,19.33
15697,5237,104,4,42.38
15698,5237,190,2,109.95
15699,5237,140,2,13.39
15700,5237,100,3,86.91
15701,5237,27,4,225.51
15702,5238,16,4,537.37
15703,5238,138,3,54.31
15704,5238,52,3,47.09
15705,5238,177,1,103.55
15706,5239,4,3,327.69
15707,5239,40,2,633.55
15708,5239,39,3,380.34
15709,5240,115,4,308.68
15710,5240,108,4,231.27
15711,5240,148,2,42.76
15712,5240,181,4,13.99
15713,5240,128,3,46.60
15714,5241,104,1,42.38
15715,5241,176,1,24.47
15716,5241,64,3,50.42
15717,5241,43,4,30.78
15718,5241,198,4,49.14
15719,5242,164,4,69.89
15720,5242,184,2,93.38
15721,5242,79,3,233.68
15722,5242,114,3,386.72
15723,5242,110,4,431.78
15724,5243,115,4,308.68
15725,5244,160,2,45.74
15726,5244,56,1,174.98
15727,5244,32,2,574.26
15728,5245,6,3,871.62
15729,5245,82,4,164.45
15730,5245,11,1,691.54
15731,5245,119,3,390.51
15732,5245,162,2,21.49
15733,5246,69,1,258.65
15734,5246,26,2,43.63
15735,5247,27,2,225.51
15736,5247,157,2,19.33
15737,5247,55,4,247.20
15738,5248,47,2,66.78
15739,5248,163,3,81.90
15740,5248,190,3,109.95
15741,5248,50,1,237.25
15742,5248,6,1,871.62
15743,5249,97,3,388.13
15744,5249,137,2,16.72
15745,5250,162,3,21.49
15746,5250,47,1,66.78
15747,5251,127,4,45.09
15748,5251,186,2,118.92
15749,5252,69,1,258.65
15750,5252,187,2,12.37
15751,5252,17,4,446.15
15752,5252,23,1,311.08
15753,5253,23,3,311.08
15754,5253,14,2,750.61
15755,5253,133,1,46.80
15756,5254,127,3,45.09
15757,5254,195,3,97.24
15758,5255,15,3,875.17
15759,5256,54,1,52.55
15760,5256,190,1,109.95
15761,5256,196,4,66.42
15762,5256,74,3,54.80
15763,5257,122,2,11.28
15764,5257,37,2,429.72
15765,5257,13,4,522.46
15766,5258,87,4,282.19
15767,5258,154,2,6.98
15768,5258,27,4,225.51
15769,5259,82,2,164.45
15770,5260,4,2,327.69
15771,5260,133,1,46.80
15772,5260,168,1,4.90
15773,5261,48,4,206.81
15774,5261,94,3,281.05
15775,5261,136,2,16.82
15776,5262,148,2,42.76
15777,5262,98,3,324.18
15778,5262,116,1,163.33
15779,5263,135,3,53.76
15780,5263,56,2,174.98
15781,5263,76,3,248.97
15782,5263,15,3,875.17
15783,5264,63,3,293.35
15784,5264,127,3,45.09
15785,5264,186,3,118.92
15786,5265,35,2,291.27
15787,5265,97,3,388.13
15788,5265,141,4,44.68
15789,5265,15,1,875.17
15790,5266,12,2,788.04
15791,5266,192,2,14.31
15792,5266,83,4,88.66
15793,5266,64,3,50.42
15794,5266,106,3,377.39
15795,5267,95,4,418.23
15796,5267,105,1,27.39
15797,5267,191,4,103.44
15798,5268,196,3,66.42
15799,5268,100,2,86.91
15800,5269,145,2,16.73
15801,5269,138,4,54.31
15802,5270,172,4,66.83
15803,5270,63,1,293.35
15804,5270,32,3,574.26
15805,5270,92,4,391.62
15806,5270,195,2,97.24
15807,5271,78,3,92.26
15808,5271,130,4,40.37
15809,5271,75,4,108.00
15810,5271,43,2,30.78
15811,5272,24,3,811.59
15812,5272,101,4,329.79
15813,5273,123,2,37.05
15814,5273,25,1,250.49
15815,5273,144,3,46.06
15816,5273,14,4,750.61
15817,5273,176,2,24.47
15818,5274,138,1,54.31
15819,5274,185,3,4.70
15820,5274,146,2,27.35
15821,5274,71,3,271.85
15822,5275,105,3,27.39
15823,5275,113,1,78.35
15824,5275,29,3,665.28
15825,5275,170,1,16.89
15826,5275,78,3,92.26
15827,5276,87,4,282.19
15828,5277,55,4,247.20
15829,5277,40,3,633.55
15830,5277,26,4,43.63
15831,5277,70,1,47.08
15832,5277,23,2,311.08
15833,5278,6,2,871.62
15834,5278,175,3,53.39
15835,5278,15,3,875.17
15836,5278,113,2,78.35
15837,5279,191,3,103.44
15838,5279,54,1,52.55
15839,5279,144,4,46.06
15840,5279,115,1,308.68
15841,5279,119,1,390.51
15842,5280,153,3,53.97
15843,5280,154,3,6.98
15844,5280,54,3,52.55
15845,5280,46,2,30.13
15846,5281,168,4,4.90
15847,5281,181,2,13.99
15848,5281,32,4,574.26
15849,5282,108,2,231.27
15850,5282,2,4,239.88
15851,5282,93,3,318.36
15852,5282,70,4,47.08
15853,5282,191,3,103.44
15854,5283,168,1,4.90
15855,5283,43,1,30.78
15856,5284,139,2,26.08
15857,5284,14,1,750.61
15858,5284,55,1,247.20
15859,5285,92,3,391.62
15860,5285,43,4,30.78
15861,5285,151,2,53.45
15862,5285,66,3,60.34
15863,5286,143,4,59.98
15864,5286,100,4,86.91
15865,5286,196,4,66.42
15866,5286,13,3,522.46
15867,5287,71,3,271.85
15868,5287,172,3,66.83
15869,5287,124,1,44.55
15870,5287,13,3,522.46
15871,5288,148,2,42.76
15872,5288,53,4,108.74
15873,5288,87,2,282.19
15874,5289,192,4,14.31
15875,5289,34,3,426.41
15876,5290,187,3,12.37
15877,5291,159,2,26.55
15878,5291,89,1,183.76
15879,5291,86,3,333.64
15880,5291,173,2,93.51
15881,5292,166,3,61.71
15882,5293,24,1,811.59
15883,5293,82,3,164.45
15884,5294,46,2,30.13
15885,5294,166,2,61.71
15886,5294,68,2,104.26
15887,5294,197,3,63.01
15888,5295,126,2,25.37
15889,5295,170,1,16.89
15890,5295,77,1,28.30
15891,5295,32,2,574.26
15892,5296,145,2,16.73
15893,5297,91,3,265.75
15894,5297,41,3,224.09
15895,5297,142,1,36.11
15896,5297,27,4,225.51
15897,5298,165,2,65.60
15898,5298,84,4,198.78
15899,5298,98,1,324.18
15900,5298,191,4,103.44
15901,5299,134,1,19.36
15902,5299,54,1,52.55
15903,5299,13,3,522.46
15904,5300,89,4,183.76
15905,5301,124,3,44.55
15906,5301,185,2,4.70
15907,5301,108,3,231.27
15908,5302,86,4,333.64
15909,5302,6,1,871.62
15910,5303,173,4,93.51
15911,5303,60,4,179.81
15912,5304,55,2,247.20
15913,5304,60,3,179.81
15914,5304,53,2,108.74
15915,5304,164,4,69.89
15916,5305,83,1,88.66
15917,5306,116,3,163.33
15918,5306,8,2,743.01
15919,5306,11,2,691.54
15920,5306,72,4,207.50
15921,5307,96,1,48.32
15922,5308,37,3,429.72
15923,5308,118,3,259.42
15924,5308,173,1,93.51
15925,5308,142,3,36.11
15926,5308,115,4,308.68
15927,5309,145,4,16.73
15928,5309,78,4,92.26
15929,5309,155,4,24.51
15930,5309,15,3,875.17
15931,5310,95,2,418.23
15932,5310,115,3,308.68
15933,5310,165,3,65.60
15934,5310,4,2,327.69
15935,5311,183,3,92.22
15936,5311,66,2,60.34
15937,5311,79,2,233.68
15938,5311,91,4,265.75
15939,5311,172,2,66.83
15940,5312,140,4,13.39
15941,5312,141,2,44.68
15942,5312,115,4,308.68
15943,5312,65,1,153.24
15944,5313,15,3,875.17
15945,5313,1,3,500.72
15946,5313,133,2,46.80
15947,5313,142,3,36.11
15948,5313,62,1,205.44
15949,5314,84,2,198.78
15950,5314,89,1,183.76
15951,5314,48,3,206.81
15952,5315,123,2,37.05
15953,5315,18,4,293.07
15954,5315,138,2,54.31
15955,5315,59,3,264.27
15956,5316,27,1,225.51
15957,5316,72,1,207.50
15958,5316,152,1,48.13
15959,5316,121,4,40.24
15960,5317,31,2,609.25
15961,5317,52,1,47.09
15962,5317,90,3,370.03
15963,5317,26,4,43.63
15964,5318,19,4,816.54
15965,5318,167,3,106.22
15966,5318,133,2,46.80
15967,5318,184,3,93.38
15968,5319,46,2,30.13
15969,5319,104,1,42.38
15970,5319,133,2,46.80
15971,5319,110,3,431.78
15972,5319,190,2,109.95
15973,5320,164,3,69.89
15974,5321,37,4,429.72
15975,5321,101,4,329.79
15976,5322,35,4,291.27
15977,5322,180,3,109.81
15978,5322,42,3,81.37
15979,5323,181,4,13.99
15980,5323,187,2,12.37
15981,5323,125,1,32.57
15982,5323,168,3,4.90
15983,5324,130,2,40.37
15984,5325,193,3,94.03
15985,5325,179,1,29.88
15986,5325,38,2,117.99
15987,5326,152,2,48.13
15988,5326,42,2,81.37
15989,5327,161,4,9.08
15990,5327,59,3,264.27
15991,5327,62,1,205.44
15992,5327,127,1,45.09
15993,5327,34,2,426.41
15994,5328,117,3,298.11
15995,5329,66,4,60.34
15996,5329,102,3,17.15
15997,5329,179,4,29.88
15998,5330,126,3,25.37
15999,5330,55,1,247.20
16000,5330,74,1,54.80
16001,5330,92,4,391.62
16002,5330,48,3,206.81
16003,5331,99,1,151.45
16004,5331,99,3,151.45
16005,5332,91,2,265.75
16006,5332,156,1,47.44
16007,5332,35,4,291.27
16008,5332,146,3,27.35
16009,5332,93,1,318.36
16010,5333,169,3,96.92
16011,5333,95,3,418.23
16012,5333,160,4,45.74
16013,5333,59,3,264.27
16014,5333,66,4,60.34
16015,5334,128,2,46.60
16016,5334,103,1,258.65
16017,5334,30,2,281.92
16018,5334,193,3,94.03
16019,5334,158,1,59.27
16020,5335,141,1,44.68
16021,5336,158,1,59.27
16022,5336,117,4,298.11
16023,5336,154,1,6.98
16024,5336,157,4,19.33
16025,5337,29,3,665.28
16026,5337,78,1,92.26
16027,5337,70,4,47.08
16028,5337,71,2,271.85
16029,5338,136,4,16.82
16030,5339,62,4,205.44
16031,5339,55,1,247.20
16032,5339,167,4,106.22
16033,5339,176,1,24.47
16034,5340,181,4,13.99
16035,5341,125,3,32.57
16036,5341,8,2,743.01
16037,5341,99,1,151.45
16038,5341,20,4,150.57
16039,5342,155,2,24.51
16040,5342,116,4,163.33
16041,5342,100,1,86.91
16042,5342,181,1,13.99
16043,5343,130,3,40.37
16044,5344,35,3,291.27
16045,5344,26,2,43.63
16046,5344,176,4,24.47
16047,5344,31,3,609.25
16048,5344,22,3,129.18
16049,5345,49,2,182.19
16050,5345,50,3,237.25
16051,5345,107,1,368.95
16052,5345,118,3,259.42
16053,5346,68,4,104.26
16054,5346,94,4,281.05
16055,5346,53,4,108.74
16056,5346,53,2,108.74
16057,5346,148,1,42.76
16058,5347,1,1,500.72
16059,5347,2,3,239.88
16060,5347,75,2,108.00
16061,5348,71,4,271.85
16062,5348,137,3,16.72
16063,5348,98,2,324.18
16064,5349,83,2,88.66
16065,5349,6,4,871.62
16066,5349,36,1,558.56
16067,5349,175,1,53.39
16068,5350,72,2,207.50
16069,5350,115,2,308.68
16070,5350,55,3,247.20
16071,5351,4,2,327.69
16072,5352,92,4,391.62
16073,5352,64,1,50.42
16074,5352,111,4,295.40
16075,5353,12,1,788.04
16076,5353,144,2,46.06
16077,5353,111,1,295.40
16078,5353,67,3,39.92
16079,5354,161,2,9.08
16080,5354,64,4,50.42
16081,5354,26,3,43.63
16082,5354,2,4,239.88
16083,5355,98,3,324.18
16084,5356,178,4,39.29
16085,5356,21,4,540.25
16086,5357,152,4,48.13
16087,5358,13,1,522.46
16088,5358,72,1,207.50
16089,5359,12,2,788.04
16090,5359,164,3,69.89
16091,5360,161,4,9.08
16092,5361,11,3,691.54
16093,5361,76,4,248.97
16094,5361,6,1,871.62
16095,5361,50,4,237.25
16096,5361,141,3,44.68
16097,5362,55,2,247.20
16098,5362,121,2,40.24
16099,5362,8,4,743.01
16100,5363,106,2,377.39
16101,5363,66,2,60.34
16102,5364,178,4,39.29
16103,5365,36,2,558.56
16104,5365,178,3,39.29
16105,5365,72,3,207.50
16106,5365,113,1,78.35
16107,5366,128,3,46.60
16108,5367,31,3,609.25
16109,5368,100,4,86.91
16110,5368,132,1,33.38
16111,5368,86,3,333.64
16112,5368,24,2,811.59
16113,5368,3,2,136.62
16114,5369,108,3,231.27
16115,5370,112,1,307.14
16116,5370,136,1,16.82
16117,5370,93,1,318.36
16118,5370,15,2,875.17
16119,5370,29,4,665.28
16120,5371,39,4,380.34
16121,5371,165,3,65.60
16122,5371,42,2,81.37
16123,5371,106,4,377.39
16124,5372,138,2,54.31
16125,5372,58,2,199.52
16126,5373,13,4,522.46
16127,5373,22,2,129.18
16128,5374,58,3,199.52
16129,5374,39,2,380.34
16130,5374,73,3,25.03
16131,5374,183,4,92.22
16132,5374,173,4,93.51
16133,5375,118,1,259.42
16134,5375,40,4,633.55
16135,5375,141,4,44.68
16136,5375,2,4,239.88
16137,5376,174,2,114.93
16138,5376,119,3,390.51
16139,5376,108,3,231.27
16140,5376,12,4,788.04
16141,5377,15,2,875.17
16142,5377,173,4,93.51
16143,5377,3,2,136.62
16144,5377,194,3,74.31
16145,5378,55,1,247.20
16146,5379,99,2,151.45
16147,5379,138,4,54.31
16148,5380,71,2,271.85
16149,5380,67,2,39.92
16150,5381,94,3,281.05
16151,5381,56,4,174.98
16152,5381,140,2,13.39
16153,5381,90,2,370.03
16154,5381,18,2,293.07
16155,5382,119,1,390.51
16156,5382,70,4,47.08
16157,5382,101,2,329.79
16158,5382,145,1,16.73
16159,5382,157,1,19.33
16160,5383,34,3,426.41
16161,5384,183,1,92.22
16162,5385,166,4,61.71
16163,5385,4,4,327.69
16164,5386,125,2,32.57
16165,5386,148,2,42.76
16166,5387,66,1,60.34
16167,5387,72,3,207.50
16168,5387,177,2,103.55
16169,5388,153,1,53.97
16170,5388,174,3,114.93
16171,5388,114,4,386.72
16172,5388,176,2,24.47
16173,5389,36,1,558.56
16174,5390,121,2,40.24
16175,5390,157,4,19.33
16176,5390,160,2,45.74
16177,5390,65,4,153.24
16178,5390,145,2,16.73
16179,5391,143,1,59.98
16180,5391,63,4,293.35
16181,5391,1,4,500.72
16182,5392,197,4,63.01
16183,5393,62,2,205.44
16184,5393,190,4,109.95
16185,5393,169,1,96.92
16186,5393,180,4,109.81
16187,5394,143,4,59.98
16188,5394,174,4,114.93
16189,5394,100,4,86.91
16190,5395,191,3,103.44
16191,5395,131,1,51.37
16192,5396,100,3,86.91
16193,5397,74,1,54.80
16194,5397,25,3,250.49
16195,5397,189,4,57.74
16196,5397,67,2,39.92
16197,5398,159,1,26.55
16198,5398,62,2,205.44
16199,5398,32,1,574.26
16200,5398,48,1,206.81
16201,5399,143,4,59.98
16202,5399,23,1,311.08
16203,5399,83,1,88.66
16204,5400,37,2,429.72
16205,5401,195,4,97.24
16206,5401,53,3,108.74
16207,5401,63,3,293.35
16208,5401,151,3,53.45
16209,5402,21,3,540.25
16210,5402,39,2,380.34
16211,5402,51,3,23.32
16212,5403,160,1,45.74
16213,5403,8,3,743.01
16214,5404,94,4,281.05
16215,5404,53,4,108.74
16216,5404,198,3,49.14
16217,5404,80,4,253.61
16218,5405,64,2,50.42
16219,5405,25,3,250.49
16220,5406,59,3,264.27
16221,5406,49,1,182.19
16222,5406,129,1,31.16
16223,5406,73,1,25.03
16224,5406,20,3,150.57
16225,5407,51,1,23.32
16226,5408,32,1,574.26
16227,5408,17,4,446.15
16228,5408,137,1,16.72
16229,5409,162,2,21.49
16230,5409,36,3,558.56
16231,5409,45,2,150.59
16232,5410,2,4,239.88
16233,5410,28,4,549.50
16234,5411,153,4,53.97
16235,5411,42,1,81.37
16236,5411,32,1,574.26
16237,5411,23,2,311.08
16238,5411,150,1,45.00
16239,5412,62,3,205.44
16240,5413,74,2,54.80
16241,5413,167,1,106.22
16242,5413,153,1,53.97
16243,5414,100,2,86.91
16244,5414,35,1,291.27
16245,5414,174,2,114.93
16246,5414,92,4,391.62
16247,5415,107,4,368.95
16248,5415,115,3,308.68
16249,5415,112,4,307.14
16250,5415,81,4,310.43
16251,5416,114,1,386.72
16252,5416,187,4,12.37
16253,5416,163,1,81.90
16254,5416,125,1,32.57
16255,5416,44,2,168.63
16256,5417,69,2,258.65
16257,5417,126,4,25.37
16258,5417,101,2,329.79
16259,5418,98,1,324.18
16260,5418,10,4,273.35
16261,5418,75,1,108.00
16262,5419,136,4,16.82
16263,5420,137,3,16.72
16264,5420,77,1,28.30
16265,5420,128,1,46.60
16266,5420,181,4,13.99
16267,5420,179,2,29.88
16268,5421,121,3,40.24
16269,5421,93,1,318.36
16270,5421,148,2,42.76
16271,5421,179,4,29.88
16272,5421,16,3,537.37
16273,5422,151,2,53.45
16274,5422,108,4,231.27
16275,5423,85,1,126.48
16276,5423,172,2,66.83
16277,5423,89,1,183.76
16278,5423,121,2,40.24
16279,5423,152,4,48.13
16280,5424,2,4,239.88
16281,5424,181,1,13.99
16282,5424,26,2,43.63
16283,5424,115,2,308.68
16284,5424,36,4,558.56
16285,5425,93,4,318.36
16286,5425,111,2,295.40
16287,5425,72,4,207.50
16288,5425,93,3,318.36
16289,5426,6,1,871.62
16290,5426,45,3,150.59
16291,5427,119,3,390.51
16292,5427,121,1,40.24
16293,5427,165,3,65.60
16294,5427,139,3,26.08
16295,5428,57,3,51.30
16296,5428,68,1,104.26
16297,5429,150,1,45.00
16298,5429,21,2,540.25
16299,5429,89,2,183.76
16300,5429,198,4,49.14
16301,5430,81,4,310.43
16302,5430,12,4,788.04
16303,5430,4,3,327.69
16304,5430,73,4,25.03
16305,5431,90,3,370.03
16306,5431,176,2,24.47
16307,5431,149,2,28.06
16308,5432,70,1,47.08
16309,5432,182,1,100.88
16310,5433,31,2,609.25
16311,5433,37,2,429.72
16312,5433,86,4,333.64
16313,5434,129,2,31.16
16314,5435,70,3,47.08
16315,5435,24,4,811.59
16316,5435,159,1,26.55
16317,5435,71,2,271.85
16318,5435,30,3,281.92
16319,5436,40,1,633.55
16320,5436,6,4,871.62
16321,5437,59,1,264.27
16322,5437,105,2,27.39
16323,5437,110,2,431.78
16324,5437,189,1,57.74
16325,5437,87,3,282.19
16326,5438,121,4,40.24
16327,5438,130,1,40.37
16328,5438,128,2,46.60
16329,5438,30,2,281.92
16330,5439,74,4,54.80
16331,5439,196,1,66.42
16332,5439,90,4,370.03
16333,5439,1,3,500.72
16334,5439,194,2,74.31
16335,5440,16,1,537.37
16336,5440,51,1,23.32
16337,5440,10,4,273.35
16338,5440,64,2,50.42
16339,5440,25,2,250.49
16340,5441,22,2,129.18
16341,5441,118,4,259.42
16342,5441,128,1,46.60
16343,5441,24,1,811.59
16344,5442,175,1,53.39
16345,5442,110,4,431.78
16346,5442,41,1,224.09
16347,5443,50,3,237.25
16348,5443,25,3,250.49
16349,5443,93,1,318.36
16350,5444,175,4,53.39
16351,5444,90,1,370.03
16352,5444,29,2,665.28
16353,5444,90,1,370.03
16354,5444,11,2,691.54
16355,5445,35,2,291.27
16356,5446,119,1,390.51
16357,5446,132,2,33.38
16358,5446,188,1,16.87
16359,5446,8,2,743.01
16360,5446,6,4,871.62
16361,5447,25,3,250.49
16362,5447,144,3,46.06
16363,5447,63,4,293.35
16364,5448,85,3,126.48
16365,5448,114,2,386.72
16366,5448,127,3,45.09
16367,5448,49,3,182.19
16368,5448,148,1,42.76
16369,5449,170,1,16.89
16370,5449,78,3,92.26
16371,5449,158,1,59.27
16372,5450,59,2,264.27
16373,5450,195,4,97.24
16374,5450,54,1,52.55
16375,5450,31,2,609.25
16376,5451,152,4,48.13
16377,5451,101,2,329.79
16378,5451,144,4,46.06
16379,5452,25,4,250.49
16380,5452,41,2,224.09
16381,5452,36,1,558.56
16382,5453,153,4,53.97
16383,5453,179,2,29.88
16384,5453,106,3,377.39
16385,5453,177,1,103.55
16386,5454,170,3,16.89
16387,5454,129,4,31.16
16388,5454,27,4,225.51
16389,5454,47,2,66.78
16390,5454,167,1,106.22
16391,5455,52,3,47.09
16392,5455,163,2,81.90
16393,5455,170,4,16.89
16394,5455,28,2,549.50
16395,5455,165,3,65.60
16396,5456,146,2,27.35
16397,5456,18,4,293.07
16398,5456,90,1,370.03
16399,5456,200,2,21.95
16400,5456,130,1,40.37
16401,5457,67,3,39.92
16402,5457,161,3,9.08
16403,5458,183,1,92.22
16404,5458,111,3,295.40
16405,5458,78,3,92.26
16406,5458,42,3,81.37
16407,5458,111,3,295.40
16408,5459,172,2,66.83
16409,5459,173,3,93.51
16410,5459,158,1,59.27
16411,5459,60,3,179.81
16412,5460,194,3,74.31
16413,5460,133,2,46.80
16414,5460,71,3,271.85
16415,5460,96,4,48.32
16416,5460,148,3,42.76
16417,5461,198,3,49.14
16418,5462,63,4,293.35
16419,5462,116,3,163.33
16420,5462,145,2,16.73
16421,5462,182,1,100.88
16422,5462,190,4,109.95
16423,5463,19,2,816.54
16424,5463,156,4,47.44
16425,5464,84,3,198.78
16426,5464,136,1,16.82
16427,5464,123,4,37.05
16428,5464,152,1,48.13
16429,5465,32,3,574.26
16430,5466,91,1,265.75
16431,5467,102,1,17.15
16432,5468,102,2,17.15
16433,5468,141,1,44.68
16434,5468,72,3,207.50
16435,5469,12,2,788.04
16436,5469,186,2,118.92
16437,5469,137,2,16.72
16438,5470,99,1,151.45
16439,5470,186,4,118.92
16440,5471,94,2,281.05
16441,5471,122,3,11.28
16442,5471,191,4,103.44
16443,5471,49,3,182.19
16444,5472,161,3,9.08
16445,5472,158,1,59.27
16446,5472,172,4,66.83
16447,5472,3,1,136.62
16448,5473,23,4,311.08
16449,5473,166,4,61.71
16450,5473,192,3,14.31
16451,5473,62,1,205.44
16452,5473,22,3,129.18
16453,5474,100,1,86.91
16454,5475,172,4,66.83
16455,5475,100,3,86.91
16456,5476,191,2,103.44
16457,5476,48,2,206.81
16458,5476,165,4,65.60
16459,5476,104,1,42.38
16460,5476,62,2,205.44
16461,5477,11,1,691.54
16462,5477,122,4,11.28
16463,5477,64,2,50.42
16464,5478,109,4,191.43
16465,5478,187,2,12.37
16466,5479,184,1,93.38
16467,5479,10,4,273.35
16468,5479,40,2,633.55
16469,5479,146,4,27.35
16470,5479,31,3,609.25
16471,5480,22,3,129.18
16472,5481,108,4,231.27
16473,5481,85,4,126.48
16474,5481,187,2,12.37
16475,5482,102,2,17.15
16476,5482,9,4,746.78
16477,5482,118,3,259.42
16478,5483,156,2,47.44
16479,5483,94,1,281.05
16480,5483,111,4,295.40
16481,5483,106,2,377.39
16482,5483,72,3,207.50
16483,5484,11,2,691.54
16484,5484,117,3,298.11
16485,5484,13,2,522.46
16486,5484,133,3,46.80
16487,5485,190,3,109.95
16488,5485,184,3,93.38
16489,5485,70,4,47.08
16490,5486,28,2,549.50
16491,5487,58,4,199.52
16492,5487,139,4,26.08
16493,5488,43,4,30.78
16494,5489,114,2,386.72
16495,5489,79,4,233.68
16496,5489,193,1,94.03
16497,5489,99,2,151.45
16498,5489,48,3,206.81
16499,5490,177,1,103.55
16500,5490,137,3,16.72
16501,5490,130,3,40.37
16502,5490,159,4,26.55
16503,5490,46,4,30.13
16504,5491,67,2,39.92
16505,5491,169,3,96.92
16506,5491,1,2,500.72
16507,5491,113,3,78.35
16508,5492,83,2,88.66
16509,5493,146,1,27.35
16510,5493,102,4,17.15
16511,5493,87,4,282.19
16512,5493,169,2,96.92
16513,5493,145,2,16.73
16514,5494,95,1,418.23
16515,5495,148,4,42.76
16516,5495,165,3,65.60
16517,5495,128,1,46.60
16518,5495,74,1,54.80
16519,5495,16,2,537.37
16520,5496,1,2,500.72
16521,5496,67,3,39.92
16522,5496,14,3,750.61
16523,5496,17,3,446.15
16524,5497,180,1,109.81
16525,5497,191,3,103.44
16526,5497,155,3,24.51
16527,5498,109,2,191.43
16528,5498,62,1,205.44
16529,5499,74,2,54.80
16530,5499,183,3,92.22
16531,5499,108,2,231.27
16532,5499,187,1,12.37
16533,5500,93,1,318.36
16534,5500,12,4,788.04
16535,5501,133,2,46.80
16536,5501,84,3,198.78
16537,5501,189,1,57.74
16538,5501,21,1,540.25
16539,5501,10,4,273.35
16540,5502,145,3,16.73
16541,5502,111,3,295.40
16542,5502,146,2,27.35
16543,5502,122,3,11.28
16544,5503,69,3,258.65
16545,5503,125,3,32.57
16546,5503,167,1,106.22
16547,5504,41,4,224.09
16548,5505,114,3,386.72
16549,5505,108,4,231.27
16550,5506,23,4,311.08
16551,5507,189,3,57.74
16552,5507,94,4,281.05
16553,5507,200,2,21.95
16554,5507,170,1,16.89
16555,5507,105,4,27.39
16556,5508,41,2,224.09
16557,5508,136,1,16.82
16558,5508,72,1,207.50
16559,5508,94,1,281.05
16560,5509,148,3,42.76
16561,5509,47,2,66.78
16562,5509,94,4,281.05
16563,5509,43,3,30.78
16564,5510,177,4,103.55
16565,5510,113,4,78.35
16566,5510,43,3,30.78
16567,5510,81,2,310.43
16568,5510,48,3,206.81
16569,5511,111,2,295.40
16570,5511,200,3,21.95
16571,5511,82,4,164.45
16572,5511,200,2,21.95
16573,5512,68,3,104.26
16574,5512,116,4,163.33
16575,5513,180,1,109.81
16576,5514,118,2,259.42
16577,5515,149,1,28.06
16578,5515,101,1,329.79
16579,5515,107,4,368.95
16580,5516,41,1,224.09
16581,5516,87,4,282.19
16582,5516,138,2,54.31
16583,5516,137,3,16.72
16584,5517,32,4,574.26
16585,5517,157,1,19.33
16586,5517,187,2,12.37
16587,5517,154,1,6.98
16588,5518,48,3,206.81
16589,5518,157,2,19.33
16590,5518,50,3,237.25
16591,5518,12,1,788.04
16592,5518,148,1,42.76
16593,5519,150,3,45.00
16594,5519,169,2,96.92
16595,5520,12,1,788.04
16596,5520,76,3,248.97
16597,5520,180,3,109.81
16598,5520,1,1,500.72
16599,5521,72,3,207.50
16600,5521,6,1,871.62
16601,5521,159,3,26.55
16602,5521,93,4,318.36
16603,5522,164,2,69.89
16604,5522,43,3,30.78
16605,5523,135,3,53.76
16606,5523,59,4,264.27
16607,5523,77,3,28.30
16608,5523,91,2,265.75
16609,5524,2,2,239.88
16610,5524,52,4,47.09
16611,5524,1,1,500.72
16612,5524,128,1,46.60
16613,5524,168,4,4.90
16614,5525,40,1,633.55
16615,5525,3,2,136.62
16616,5526,49,3,182.19
16617,5526,109,1,191.43
16618,5527,166,4,61.71
16619,5528,98,4,324.18
16620,5528,123,3,37.05
16621,5529,102,1,17.15
16622,5529,102,2,17.15
16623,5529,4,1,327.69
16624,5529,93,2,318.36
16625,5530,39,3,380.34
16626,5530,30,2,281.92
16627,5530,196,3,66.42
16628,5530,165,2,65.60
16629,5530,190,1,109.95
16630,5531,1,4,500.72
16631,5531,65,2,153.24
16632,5531,100,1,86.91
16633,5532,26,4,43.63
16634,5532,91,4,265.75
16635,5532,183,3,92.22
16636,5533,170,1,16.89
16637,5533,178,1,39.29
16638,5533,17,2,446.15
16639,5533,70,1,47.08
16640,5534,130,1,40.37
16641,5534,174,2,114.93
16642,5535,141,4,44.68
16643,5535,65,2,153.24
16644,5536,186,3,118.92
16645,5536,193,3,94.03
16646,5536,142,1,36.11
16647,5536,92,2,391.62
16648,5536,22,3,129.18
16649,5537,80,4,253.61
16650,5537,150,2,45.00
16651,5538,110,2,431.78
16652,5538,77,4,28.30
16653,5538,149,3,28.06
16654,5538,124,1,44.55
16655,5538,58,3,199.52
16656,5539,95,4,418.23
16657,5539,157,4,19.33
16658,5539,38,1,117.99
16659,5540,122,1,11.28
16660,5540,105,3,27.39
16661,5540,20,1,150.57
16662,5540,128,4,46.60
16663,5540,66,2,60.34
16664,5541,53,1,108.74
16665,5541,28,4,549.50
16666,5542,54,2,52.55
16667,5542,154,3,6.98
16668,5542,108,2,231.27
16669,5542,103,1,258.65
16670,5542,105,1,27.39
16671,5543,39,4,380.34
16672,5543,10,3,273.35
16673,5543,105,2,27.39
16674,5544,185,2,4.70
16675,5544,24,3,811.59
16676,5544,100,2,86.91
16677,5545,25,3,250.49
16678,5545,45,2,150.59
16679,5545,73,2,25.03
16680,5545,48,3,206.81
16681,5546,162,1,21.49
16682,5546,138,2,54.31
16683,5546,13,4,522.46
16684,5547,168,4,4.90
16685,5547,53,2,108.74
16686,5548,157,3,19.33
16687,5548,34,3,426.41
16688,5548,104,3,42.38
16689,5548,137,1,16.72
16690,5549,51,2,23.32
16691,5549,97,3,388.13
16692,5549,59,1,264.27
16693,5550,76,2,248.97
16694,5550,154,3,6.98
16695,5551,67,2,39.92
16696,5551,98,1,324.18
16697,5551,170,3,16.89
16698,5551,83,3,88.66
16699,5552,57,2,51.30
16700,5552,144,3,46.06
16701,5552,10,2,273.35
16702,5552,109,4,191.43
16703,5553,132,3,33.38
16704,5554,4,2,327.69
16705,5555,51,3,23.32
16706,5555,45,2,150.59
16707,5556,93,2,318.36
16708,5556,156,2,47.44
16709,5556,128,1,46.60
16710,5556,193,2,94.03
16711,5556,52,4,47.09
16712,5557,189,3,57.74
16713,5558,182,4,100.88
16714,5558,100,1,86.91
16715,5559,151,4,53.45
16716,5559,99,4,151.45
16717,5560,45,4,150.59
16718,5560,158,2,59.27
16719,5560,100,2,86.91
16720,5561,60,3,179.81
16721,5561,161,3,9.08
16722,5562,47,3,66.78
16723,5562,157,1,19.33
16724,5563,2,4,239.88
16725,5563,165,4,65.60
16726,5563,102,1,17.15
16727,5563,25,3,250.49
16728,5564,154,1,6.98
16729,5564,90,3,370.03
16730,5565,126,2,25.37
16731,5566,149,4,28.06
16732,5566,130,1,40.37
16733,5566,14,2,750.61
16734,5566,19,3,816.54
16735,5566,169,4,96.92
16736,5567,45,2,150.59
16737,5568,6,3,871.62
16738,5568,97,2,388.13
16739,5569,122,2,11.28
16740,5569,185,4,4.70
16741,5569,193,3,94.03
16742,5569,63,3,293.35
16743,5570,34,1,426.41
16744,5570,39,4,380.34
16745,5570,109,4,191.43
16746,5570,130,3,40.37
16747,5571,20,3,150.57
16748,5572,161,4,9.08
16749,5572,37,4,429.72
16750,5572,132,3,33.38
16751,5572,153,2,53.97
16752,5573,22,3,129.18
16753,5573,5,3,294.97
16754,5573,150,4,45.00
16755,5573,15,4,875.17
16756,5574,196,1,66.42
16757,5575,29,1,665.28
16758,5575,9,3,746.78
16759,5575,114,1,386.72
16760,5575,46,1,30.13
16761,5575,81,1,310.43
16762,5576,41,3,224.09
16763,5577,139,4,26.08
16764,5578,135,2,53.76
16765,5578,40,2,633.55
16766,5578,70,1,47.08
16767,5578,12,3,788.04
16768,5579,38,3,117.99
16769,5580,188,3,16.87
16770,5580,17,2,446.15
16771,5580,84,3,198.78
16772,5581,81,3,310.43
16773,5581,40,4,633.55
16774,5581,42,1,81.37
16775,5581,22,2,129.18
16776,5581,5,2,294.97
16777,5582,38,2,117.99
16778,5583,192,3,14.31
16779,5584,29,4,665.28
16780,5585,144,1,46.06
16781,5586,34,1,426.41
16782,5586,157,1,19.33
16783,5586,128,1,46.60
16784,5587,63,1,293.35
16785,5587,76,1,248.97
16786,5587,131,4,51.37
16787,5587,39,2,380.34
16788,5588,42,1,81.37
16789,5588,167,1,106.22
16790,5588,46,2,30.13
16791,5589,8,3,743.01
16792,5590,70,2,47.08
16793,5590,55,1,247.20
16794,5590,6,4,871.62
16795,5590,30,4,281.92
16796,5591,19,3,816.54
16797,5591,28,2,549.50
16798,5591,172,4,66.83
16799,5591,195,3,97.24
16800,5592,93,1,318.36
16801,5592,122,4,11.28
16802,5592,192,4,14.31
16803,5592,44,4,168.63
16804,5592,189,2,57.74
16805,5593,99,2,151.45
16806,5593,19,3,816.54
16807,5593,156,1,47.44
16808,5593,151,1,53.45
16809,5594,128,1,46.60
16810,5595,114,4,386.72
16811,5595,125,2,32.57
16812,5595,145,4,16.73
16813,5596,77,4,28.30
16814,5596,129,1,31.16
16815,5596,30,3,281.92
16816,5596,186,4,118.92
16817,5597,103,1,258.65
16818,5597,187,1,12.37
16819,5597,83,3,88.66
16820,5597,59,4,264.27
16821,5598,152,2,48.13
16822,5598,191,2,103.44
16823,5598,28,2,549.50
16824,5598,60,3,179.81
16825,5598,140,2,13.39
16826,5599,20,4,150.57
16827,5599,115,1,308.68
16828,5599,9,2,746.78
16829,5599,63,4,293.35
16830,5599,46,4,30.13
16831,5600,133,1,46.80
16832,5600,64,4,50.42
16833,5600,98,2,324.18
16834,5600,140,1,13.39
16835,5600,172,3,66.83
16836,5601,133,1,46.80
16837,5602,51,3,23.32
16838,5602,44,4,168.63
16839,5602,143,2,59.98
16840,5602,38,1,117.99
16841,5603,82,4,164.45
16842,5603,110,3,431.78
16843,5603,36,3,558.56
16844,5603,56,2,174.98
16845,5603,78,1,92.26
16846,5604,92,3,391.62
16847,5604,175,1,53.39
16848,5604,137,4,16.72
16849,5605,150,4,45.00
16850,5605,3,1,136.62
16851,5605,108,4,231.27
16852,5605,64,1,50.42
16853,5605,87,4,282.19
16854,5606,191,1,103.44
16855,5606,135,1,53.76
16856,5606,111,1,295.40
16857,5606,146,2,27.35
16858,5606,150,3,45.00
16859,5607,64,3,50.42
16860,5608,22,2,129.18
16861,5608,25,1,250.49
16862,5608,79,4,233.68
16863,5609,32,4,574.26
16864,5609,156,3,47.44
16865,5609,128,3,46.60
16866,5609,16,4,537.37
16867,5610,133,3,46.80
16868,5610,18,1,293.07
16869,5610,173,2,93.51
16870,5610,79,4,233.68
16871,5611,191,1,103.44
16872,5611,195,1,97.24
16873,5612,40,1,633.55
16874,5612,67,4,39.92
16875,5613,66,2,60.34
16876,5613,93,1,318.36
16877,5613,46,3,30.13
16878,5614,114,4,386.72
16879,5614,25,2,250.49
16880,5614,77,4,28.30
16881,5615,190,4,109.95
16882,5615,70,2,47.08
16883,5615,161,3,9.08
16884,5615,132,2,33.38
16885,5616,79,1,233.68
16886,5616,166,4,61.71
16887,5617,38,4,117.99
16888,5618,159,3,26.55
16889,5619,25,1,250.49
16890,5619,156,2,47.44
16891,5619,100,4,86.91
16892,5619,35,1,291.27
16893,5620,1,1,500.72
16894,5620,103,4,258.65
16895,5620,182,3,100.88
16896,5621,200,2,21.95
16897,5621,106,2,377.39
16898,5621,21,2,540.25
16899,5621,25,1,250.49
16900,5621,190,2,109.95
16901,5622,85,2,126.48
16902,5622,151,3,53.45
16903,5622,124,4,44.55
16904,5622,166,2,61.71
16905,5622,178,4,39.29
16906,5623,142,1,36.11
16907,5623,115,1,308.68
16908,5623,197,4,63.01
16909,5624,123,3,37.05
16910,5624,182,1,100.88
16911,5624,54,4,52.55
16912,5625,78,4,92.26
16913,5625,137,2,16.72
16914,5625,183,4,92.22
16915,5625,200,3,21.95
16916,5626,2,2,239.88
16917,5627,111,1,295.40
16918,5628,85,3,126.48
16919,5628,198,1,49.14
16920,5628,129,1,31.16
16921,5628,189,3,57.74
16922,5629,158,4,59.27
16923,5629,169,4,96.92
16924,5630,76,2,248.97
16925,5630,163,1,81.90
16926,5631,194,3,74.31
16927,5631,166,4,61.71
16928,5632,180,2,109.81
16929,5632,25,1,250.49
16930,5632,16,2,537.37
16931,5632,193,1,94.03
16932,5633,195,1,97.24
16933,5633,163,3,81.90
16934,5633,62,4,205.44
16935,5633,64,2,50.42
16936,5633,31,1,609.25
16937,5634,55,1,247.20
16938,5634,13,4,522.46
16939,5634,134,2,19.36
16940,5634,78,3,92.26
16941,5634,11,4,691.54
16942,5635,138,4,54.31
16943,5635,121,3,40.24
16944,5636,180,2,109.81
16945,5636,136,2,16.82
16946,5636,27,1,225.51
16947,5636,72,2,207.50
16948,5636,85,2,126.48
16949,5637,169,4,96.92
16950,5637,50,2,237.25
16951,5637,133,3,46.80
16952,5637,93,2,318.36
16953,5637,125,4,32.57
16954,5638,134,2,19.36
16955,5638,128,3,46.60
16956,5638,184,3,93.38
16957,5638,92,1,391.62
16958,5639,134,4,19.36
16959,5640,164,1,69.89
16960,5640,22,2,129.18
16961,5640,58,3,199.52
16962,5640,200,1,21.95
16963,5640,35,1,291.27
16964,5641,89,1,183.76
16965,5642,180,1,109.81
16966,5642,89,1,183.76
16967,5642,101,2,329.79
16968,5642,145,1,16.73
16969,5642,148,1,42.76
16970,5643,186,3,118.92
16971,5643,175,4,53.39
16972,5643,143,4,59.98
16973,5643,152,4,48.13
16974,5644,55,4,247.20
16975,5645,11,1,691.54
16976,5645,190,4,109.95
16977,5645,60,4,179.81
16978,5646,125,4,32.57
16979,5646,84,2,198.78
16980,5647,184,1,93.38
16981,5648,142,3,36.11
16982,5648,138,1,54.31
16983,5648,135,1,53.76
16984,5649,186,1,118.92
16985,5649,92,2,391.62
16986,5649,64,4,50.42
16987,5650,198,4,49.14
16988,5650,135,2,53.76
16989,5650,15,1,875.17
16990,5650,197,1,63.01
16991,5651,76,1,248.97
16992,5651,38,4,117.99
16993,5651,179,4,29.88
16994,5651,30,1,281.92
16995,5651,15,3,875.17
16996,5652,65,4,153.24
16997,5652,166,3,61.71
16998,5653,116,3,163.33
16999,5654,169,3,96.92
17000,5655,170,2,16.89
17001,5656,113,3,78.35
17002,5656,109,2,191.43
17003,5657,24,3,811.59
17004,5658,113,3,78.35
17005,5658,142,2,36.11
17006,5659,187,3,12.37
17007,5659,94,4,281.05
17008,5660,48,4,206.81
17009,5660,62,1,205.44
17010,5660,28,3,549.50
17011,5660,52,2,47.09
17012,5661,45,2,150.59
17013,5661,55,2,247.20
17014,5661,66,2,60.34
17015,5662,114,3,386.72
17016,5663,11,3,691.54
17017,5663,67,1,39.92
17018,5663,26,1,43.63
17019,5664,118,2,259.42
17020,5664,169,4,96.92
17021,5665,12,3,788.04
17022,5665,68,1,104.26
17023,5665,180,2,109.81
17024,5665,154,1,6.98
17025,5666,143,2,59.98
17026,5666,12,3,788.04
17027,5667,200,1,21.95
17028,5667,49,2,182.19
17029,5667,53,2,108.74
17030,5667,172,4,66.83
17031,5668,186,2,118.92
17032,5668,5,1,294.97
17033,5669,167,4,106.22
17034,5669,22,2,129.18
17035,5669,17,1,446.15
17036,5669,116,1,163.33
17037,5669,197,2,63.01
17038,5670,119,3,390.51
17039,5671,112,1,307.14
17040,5671,196,3,66.42
17041,5671,17,1,446.15
17042,5672,4,1,327.69
17043,5672,50,4,237.25
17044,5672,170,3,16.89
17045,5672,180,3,109.81
17046,5673,62,4,205.44
17047,5673,161,4,9.08
17048,5673,157,1,19.33
17049,5674,49,1,182.19
17050,5674,200,4,21.95
17051,5674,84,4,198.78
17052,5674,157,2,19.33
17053,5675,189,3,57.74
17054,5675,24,3,811.59
17055,5675,141,2,44.68
17056,5675,58,1,199.52
17057,5676,54,4,52.55
17058,5676,107,1,368.95
17059,5676,29,1,665.28
17060,5676,34,2,426.41
17061,5676,126,4,25.37
17062,5677,119,3,390.51
17063,5677,57,2,51.30
17064,5677,125,2,32.57
17065,5677,13,2,522.46
17066,5677,98,2,324.18
17067,5678,39,2,380.34
17068,5679,96,3,48.32
17069,5679,197,1,63.01
17070,5679,89,4,183.76
17071,5679,131,2,51.37
17072,5679,35,4,291.27
17073,5680,178,1,39.29
17074,5680,6,2,871.62
17075,5680,45,2,150.59
17076,5680,155,2,24.51
17077,5680,66,3,60.34
17078,5681,21,3,540.25
17079,5681,15,2,875.17
17080,5681,23,4,311.08
17081,5682,190,1,109.95
17082,5682,21,3,540.25
17083,5683,105,3,27.39
17084,5683,21,2,540.25
17085,5683,181,2,13.99
17086,5683,66,1,60.34
17087,5684,105,3,27.39
17088,5684,92,1,391.62
17089,5684,69,4,258.65
17090,5684,162,1,21.49
17091,5684,144,1,46.06
17092,5685,194,3,74.31
17093,5685,121,4,40.24
17094,5685,118,2,259.42
17095,5686,5,3,294.97
17096,5687,121,4,40.24
17097,5687,137,1,16.72
17098,5687,91,1,265.75
17099,5688,80,4,253.61
17100,5688,123,3,37.05
17101,5688,129,2,31.16
17102,5688,107,2,368.95
17103,5689,156,1,47.44
17104,5689,64,3,50.42
17105,5689,91,1,265.75
17106,5689,46,4,30.13
17107,5689,32,4,574.26
17108,5690,183,1,92.22
17109,5690,188,4,16.87
17110,5690,96,3,48.32
17111,5690,145,2,16.73
17112,5691,43,1,30.78
17113,5691,53,4,108.74
17114,5691,47,2,66.78
17115,5691,118,4,259.42
17116,5692,162,3,21.49
17117,5692,104,1,42.38
17118,5692,191,1,103.44
17119,5692,193,3,94.03
17120,5693,34,1,426.41
17121,5694,153,4,53.97
17122,5695,42,4,81.37
17123,5695,28,2,549.50
17124,5695,129,3,31.16
17125,5695,148,1,42.76
17126,5696,128,3,46.60
17127,5696,32,2,574.26
17128,5696,144,2,46.06
17129,5696,58,4,199.52
17130,5696,82,4,164.45
17131,5697,50,1,237.25
17132,5697,180,3,109.81
17133,5697,58,2,199.52
17134,5697,18,2,293.07
17135,5697,68,1,104.26
17136,5698,28,3,549.50
17137,5698,58,4,199.52
17138,5698,63,4,293.35
17139,5698,197,2,63.01
17140,5699,1,1,500.72
17141,5699,154,3,6.98
17142,5699,29,1,665.28
17143,5699,131,4,51.37
17144,5699,82,1,164.45
17145,5700,37,2,429.72
17146,5700,83,1,88.66
17147,5700,37,4,429.72
17148,5700,111,1,295.40
17149,5701,184,4,93.38
17150,5701,176,1,24.47
17151,5702,116,4,163.33
17152,5703,102,4,17.15
17153,5703,6,1,871.62
17154,5703,96,4,48.32
17155,5704,137,1,16.72
17156,5705,106,4,377.39
17157,5705,87,4,282.19
17158,5705,9,2,746.78
17159,5705,4,4,327.69
17160,5706,41,2,224.09
17161,5707,62,2,205.44
17162,5707,43,3,30.78
17163,5707,165,2,65.60
17164,5707,22,1,129.18
17165,5707,181,3,13.99
17166,5708,30,1,281.92
17167,5708,12,2,788.04
17168,5708,139,4,26.08
17169,5709,121,2,40.24
17170,5709,112,3,307.14
17171,5709,34,4,426.41
17172,5709,160,2,45.74
17173,5709,149,4,28.06
17174,5710,27,2,225.51
17175,5710,72,1,207.50
17176,5710,190,2,109.95
17177,5711,200,4,21.95
17178,5711,138,1,54.31
17179,5711,196,4,66.42
17180,5711,124,2,44.55
17181,5712,36,1,558.56
17182,5712,152,1,48.13
17183,5712,35,1,291.27
17184,5712,112,2,307.14
17185,5713,179,4,29.88
17186,5713,170,3,16.89
17187,5713,197,4,63.01
17188,5713,53,2,108.74
17189,5714,177,4,103.55
17190,5714,127,4,45.09
17191,5715,122,4,11.28
17192,5715,6,2,871.62
17193,5715,180,3,109.81
17194,5715,68,1,104.26
17195,5716,112,4,307.14
17196,5716,90,2,370.03
17197,5716,3,1,136.62
17198,5716,130,1,40.37
17199,5717,66,2,60.34
17200,5717,130,4,40.37
17201,5717,28,2,549.50
17202,5717,42,1,81.37
17203,5718,125,3,32.57
17204,5718,168,3,4.90
17205,5718,75,3,108.00
17206,5718,168,1,4.90
17207,5718,138,1,54.31
17208,5719,159,3,26.55
17209,5719,60,3,179.81
17210,5719,173,3,93.51
17211,5720,108,4,231.27
17212,5720,101,2,329.79
17213,5720,136,3,16.82
17214,5720,107,1,368.95
17215,5720,129,2,31.16
17216,5721,31,3,609.25
17217,5721,145,3,16.73
17218,5721,180,1,109.81
17219,5721,139,3,26.08
17220,5721,48,4,206.81
17221,5722,132,4,33.38
17222,5722,136,4,16.82
17223,5722,40,4,633.55
17224,5722,60,2,179.81
17225,5722,184,2,93.38
17226,5723,19,3,816.54
17227,5724,48,2,206.81
17228,5724,126,2,25.37
17229,5725,25,2,250.49
17230,5725,161,4,9.08
17231,5725,162,1,21.49
17232,5726,82,1,164.45
17233,5727,198,1,49.14
17234,5728,63,3,293.35
17235,5728,32,1,574.26
17236,5728,159,4,26.55
17237,5729,198,2,49.14
17238,5729,142,2,36.11
17239,5729,27,2,225.51
17240,5729,99,1,151.45
17241,5729,182,1,100.88
17242,5730,162,2,21.49
17243,5730,154,1,6.98
17244,5730,80,2,253.61
17245,5730,192,4,14.31
17246,5730,107,2,368.95
17247,5731,115,3,308.68
17248,5731,25,1,250.49
17249,5731,41,4,224.09
17250,5732,17,2,446.15
17251,5732,58,1,199.52
17252,5732,141,4,44.68
17253,5732,66,2,60.34
17254,5732,167,2,106.22
17255,5733,167,2,106.22
17256,5733,145,2,16.73
17257,5733,48,3,206.81
17258,5733,155,1,24.51
17259,5733,5,2,294.97
17260,5734,180,3,109.81
17261,5735,155,4,24.51
17262,5736,134,2,19.36
17263,5736,135,2,53.76
17264,5736,192,3,14.31
17265,5736,164,3,69.89
17266,5737,154,3,6.98
17267,5737,24,4,811.59
17268,5737,167,2,106.22
17269,5737,187,2,12.37
17270,5738,149,4,28.06
17271,5738,126,2,25.37
17272,5738,112,1,307.14
17273,5738,135,1,53.76
17274,5738,21,4,540.25
17275,5739,125,2,32.57
17276,5739,16,1,537.37
17277,5740,111,4,295.40
17278,5740,107,2,368.95
17279,5740,4,1,327.69
17280,5741,13,2,522.46
17281,5741,74,1,54.80
17282,5741,46,3,30.13
17283,5742,12,4,788.04
17284,5742,16,4,537.37
17285,5742,173,4,93.51
17286,5743,106,3,377.39
17287,5743,105,4,27.39
17288,5744,101,1,329.79
17289,5744,167,4,106.22
17290,5745,48,2,206.81
17291,5745,9,2,746.78
17292,5745,154,4,6.98
17293,5745,62,2,205.44
17294,5745,3,1,136.62
17295,5746,109,1,191.43
17296,5746,13,1,522.46
17297,5746,143,2,59.98
17298,5746,186,1,118.92
17299,5747,188,1,16.87
17300,5747,27,4,225.51
17301,5747,193,4,94.03
17302,5747,55,3,247.20
17303,5747,40,2,633.55
17304,5748,73,2,25.03
17305,5748,132,1,33.38
17306,5749,185,1,4.70
17307,5749,124,2,44.55
17308,5749,141,3,44.68
17309,5749,162,1,21.49
17310,5749,18,2,293.07
17311,5750,112,1,307.14
17312,5751,85,1,126.48
17313,5751,91,2,265.75
17314,5752,172,4,66.83
17315,5752,132,3,33.38
17316,5752,26,4,43.63
17317,5752,29,3,665.28
17318,5753,167,4,106.22
17319,5753,20,2,150.57
17320,5753,79,4,233.68
17321,5754,76,2,248.97
17322,5754,149,2,28.06
17323,5754,9,3,746.78
17324,5755,177,2,103.55
17325,5755,1,3,500.72
17326,5755,145,4,16.73
17327,5756,62,2,205.44
17328,5756,149,2,28.06
17329,5756,6,3,871.62
17330,5756,186,3,118.92
17331,5756,188,1,16.87
17332,5757,155,3,24.51
17333,5757,45,4,150.59
17334,5757,82,2,164.45
17335,5757,184,4,93.38
17336,5757,188,1,16.87
17337,5758,153,1,53.97
17338,5758,187,2,12.37
17339,5758,158,2,59.27
17340,5758,31,3,609.25
17341,5759,181,3,13.99
17342,5759,154,3,6.98
17343,5759,100,4,86.91
17344,5759,183,2,92.22
17345,5759,43,2,30.78
17346,5760,145,2,16.73
17347,5760,165,2,65.60
17348,5760,108,2,231.27
17349,5760,77,3,28.30
17350,5760,60,3,179.81
17351,5761,185,1,4.70
17352,5761,56,1,174.98
17353,5761,162,4,21.49
17354,5762,87,2,282.19
17355,5762,192,4,14.31
17356,5762,63,2,293.35
17357,5762,102,2,17.15
17358,5762,50,4,237.25
17359,5763,109,3,191.43
17360,5763,145,1,16.73
17361,5764,92,1,391.62
17362,5764,67,2,39.92
17363,5764,75,4,108.00
17364,5765,112,3,307.14
17365,5766,43,1,30.78
17366,5766,16,4,537.37
17367,5767,67,4,39.92
17368,5767,136,3,16.82
17369,5767,116,2,163.33
17370,5767,94,2,281.05
17371,5768,64,2,50.42
17372,5768,145,4,16.73
17373,5768,75,1,108.00
17374,5768,161,3,9.08
17375,5768,77,2,28.30
17376,5769,107,4,368.95
17377,5769,51,1,23.32
17378,5769,87,3,282.19
17379,5769,13,3,522.46
17380,5769,36,4,558.56
17381,5770,156,2,47.44
17382,5770,142,2,36.11
17383,5771,91,1,265.75
17384,5771,70,2,47.08
17385,5772,184,2,93.38
17386,5773,69,4,258.65
17387,5773,152,1,48.13
17388,5773,167,3,106.22
17389,5773,142,4,36.11
17390,5774,65,4,153.24
17391,5774,53,2,108.74
17392,5774,140,2,13.39
17393,5774,69,4,258.65
17394,5775,6,2,871.62
17395,5775,24,2,811.59
17396,5775,124,1,44.55
17397,5775,43,4,30.78
17398,5775,162,4,21.49
17399,5776,114,3,386.72
17400,5776,60,3,179.81
17401,5777,9,1,746.78
17402,5777,122,2,11.28
17403,5777,67,4,39.92
17404,5778,45,3,150.59
17405,5778,10,4,273.35
17406,5778,13,1,522.46
17407,5778,144,2,46.06
17408,5778,80,2,253.61
17409,5779,59,1,264.27
17410,5779,183,1,92.22
17411,5779,52,2,47.09
17412,5779,116,1,163.33
17413,5780,114,1,386.72
17414,5780,46,2,30.13
17415,5781,65,2,153.24
17416,5781,192,2,14.31
17417,5781,160,4,45.74
17418,5781,49,1,182.19
17419,5782,143,1,59.98
17420,5782,184,2,93.38
17421,5782,53,1,108.74
17422,5782,78,3,92.26
17423,5782,146,4,27.35
17424,5783,144,4,46.06
17425,5783,160,2,45.74
17426,5783,30,4,281.92
17427,5784,197,2,63.01
17428,5784,159,1,26.55
17429,5784,6,1,871.62
17430,5785,189,4,57.74
17431,5785,99,3,151.45
17432,5785,123,3,37.05
17433,5786,100,3,86.91
17434,5786,35,3,291.27
17435,5787,77,2,28.30
17436,5787,173,1,93.51
17437,5787,62,4,205.44
17438,5788,197,2,63.01
17439,5788,85,1,126.48
17440,5789,154,4,6.98
17441,5789,109,2,191.43
17442,5789,139,1,26.08
17443,5789,76,4,248.97
17444,5790,118,1,259.42
17445,5790,145,4,16.73
17446,5790,12,3,788.04
17447,5790,169,3,96.92
17448,5790,21,3,540.25
17449,5791,26,1,43.63
17450,5791,46,3,30.13
17451,5791,3,1,136.62
17452,5791,60,2,179.81
17453,5792,111,1,295.40
17454,5792,89,3,183.76
17455,5792,5,3,294.97
17456,5793,105,4,27.39
17457,5793,77,1,28.30
17458,5793,115,4,308.68
17459,5793,73,3,25.03
17460,5793,154,2,6.98
17461,5794,38,3,117.99
17462,5795,158,2,59.27
17463,5795,174,1,114.93
17464,5795,57,2,51.30
17465,5796,136,1,16.82
17466,5796,86,1,333.64
17467,5797,166,3,61.71
17468,5797,92,2,391.62
17469,5797,68,3,104.26
17470,5797,47,4,66.78
17471,5798,164,4,69.89
17472,5798,139,2,26.08
17473,5798,149,4,28.06
17474,5798,170,3,16.89
17475,5799,103,3,258.65
17476,5799,21,3,540.25
17477,5799,84,3,198.78
17478,5800,55,3,247.20
17479,5801,170,2,16.89
17480,5801,117,3,298.11
17481,5801,58,3,199.52
17482,5801,111,4,295.40
17483,5802,67,4,39.92
17484,5802,46,3,30.13
17485,5803,64,1,50.42
17486,5803,97,1,388.13
17487,5803,198,4,49.14
17488,5804,5,4,294.97
17489,5804,96,4,48.32
17490,5804,111,1,295.40
17491,5804,115,2,308.68
17492,5804,75,2,108.00
17493,5805,142,4,36.11
17494,5806,69,3,258.65
17495,5806,110,3,431.78
17496,5807,76,4,248.97
17497,5807,97,2,388.13
17498,5807,129,1,31.16
17499,5807,126,2,25.37
17500,5807,67,2,39.92
17501,5808,117,2,298.11
17502,5808,192,4,14.31
17503,5808,83,3,88.66
17504,5808,173,2,93.51
17505,5808,195,2,97.24
17506,5809,51,4,23.32
17507,5809,16,3,537.37
17508,5809,63,4,293.35
17509,5810,20,2,150.57
17510,5810,44,4,168.63
17511,5811,191,3,103.44
17512,5811,96,4,48.32
17513,5811,97,3,388.13
17514,5811,116,4,163.33
17515,5812,154,1,6.98
17516,5812,144,4,46.06
17517,5812,35,2,291.27
17518,5812,86,2,333.64
17519,5813,34,1,426.41
17520,5813,179,3,29.88
17521,5814,160,4,45.74
17522,5814,179,4,29.88
17523,5815,80,1,253.61
17524,5815,175,2,53.39
17525,5815,6,4,871.62
17526,5815,27,3,225.51
17527,5816,94,2,281.05
17528,5816,194,2,74.31
17529,5817,49,3,182.19
17530,5818,9,3,746.78
17531,5818,187,3,12.37
17532,5818,185,4,4.70
17533,5819,13,1,522.46
17534,5819,111,4,295.40
17535,5819,117,4,298.11
17536,5819,173,3,93.51
17537,5820,128,2,46.60
17538,5820,3,1,136.62
17539,5820,196,1,66.42
17540,5820,18,1,293.07
17541,5821,149,4,28.06
17542,5821,134,3,19.36
17543,5821,174,2,114.93
17544,5822,50,1,237.25
17545,5822,150,3,45.00
17546,5822,55,1,247.20
17547,5823,84,1,198.78
17548,5823,162,3,21.49
17549,5824,191,4,103.44
17550,5824,155,1,24.51
17551,5824,184,1,93.38
17552,5824,40,4,633.55
17553,5824,8,4,743.01
17554,5825,181,3,13.99
17555,5825,50,4,237.25
17556,5826,110,2,431.78
17557,5826,156,4,47.44
17558,5826,139,3,26.08
17559,5826,114,1,386.72
17560,5827,119,1,390.51
17561,5828,2,1,239.88
17562,5829,11,1,691.54
17563,5829,96,4,48.32
17564,5830,71,3,271.85
17565,5830,16,1,537.37
17566,5830,72,1,207.50
17567,5830,89,1,183.76
17568,5830,144,3,46.06
17569,5831,43,3,30.78
17570,5831,148,1,42.76
17571,5832,83,3,88.66
17572,5833,51,1,23.32
17573,5833,62,3,205.44
17574,5834,169,2,96.92
17575,5835,124,2,44.55
17576,5835,135,1,53.76
17577,5836,73,1,25.03
17578,5836,139,1,26.08
17579,5836,105,2,27.39
17580,5837,47,3,66.78
17581,5838,42,4,81.37
17582,5838,95,3,418.23
17583,5838,182,2,100.88
17584,5839,149,1,28.06
17585,5839,49,2,182.19
17586,5839,190,2,109.95
17587,5839,74,3,54.80
17588,5840,20,4,150.57
17589,5841,97,4,388.13
17590,5842,76,3,248.97
17591,5842,167,1,106.22
17592,5842,128,1,46.60
17593,5842,30,4,281.92
17594,5843,128,2,46.60
17595,5843,151,3,53.45
17596,5843,75,4,108.00
17597,5843,166,2,61.71
17598,5843,86,3,333.64
17599,5844,144,2,46.06
17600,5844,24,2,811.59
17601,5844,72,1,207.50
17602,5844,121,3,40.24
17603,5844,160,3,45.74
17604,5845,137,3,16.72
17605,5845,85,1,126.48
17606,5845,165,4,65.60
17607,5845,127,2,45.09
17608,5846,70,2,47.08
17609,5846,102,3,17.15
17610,5846,124,1,44.55
17611,5847,77,3,28.30
17612,5847,181,1,13.99
17613,5847,72,1,207.50
17614,5848,131,2,51.37
17615,5848,3,2,136.62
17616,5848,85,2,126.48
17617,5848,15,2,875.17
17618,5848,158,1,59.27
17619,5849,72,3,207.50
17620,5849,122,2,11.28
17621,5849,115,4,308.68
17622,5849,63,2,293.35
17623,5850,166,3,61.71
17624,5851,187,3,12.37
17625,5851,22,3,129.18
17626,5852,9,1,746.78
17627,5852,157,4,19.33
17628,5853,16,2,537.37
17629,5853,42,4,81.37
17630,5853,162,3,21.49
17631,5853,110,2,431.78
17632,5853,105,1,27.39
17633,5854,53,2,108.74
17634,5854,121,3,40.24
17635,5854,83,3,88.66
17636,5854,62,1,205.44
17637,5854,186,1,118.92
17638,5855,170,3,16.89
17639,5855,54,3,52.55
17640,5855,183,4,92.22
17641,5855,101,1,329.79
17642,5855,69,1,258.65
17643,5856,161,4,9.08
17644,5856,186,3,118.92
17645,5856,158,3,59.27
17646,5857,58,3,199.52
17647,5857,22,2,129.18
17648,5857,16,2,537.37
17649,5857,172,2,66.83
17650,5857,40,3,633.55
17651,5858,121,2,40.24
17652,5859,91,2,265.75
17653,5859,118,1,259.42
17654,5859,91,4,265.75
17655,5859,168,1,4.90
17656,5859,18,1,293.07
17657,5860,122,2,11.28
17658,5861,193,4,94.03
17659,5861,32,1,574.26
17660,5861,58,3,199.52
17661,5861,55,3,247.20
17662,5862,153,3,53.97
17663,5863,128,1,46.60
17664,5863,56,1,174.98
17665,5863,165,3,65.60
17666,5863,118,3,259.42
17667,5863,154,1,6.98
17668,5864,28,3,549.50
17669,5864,184,4,93.38
17670,5864,155,2,24.51
17671,5865,79,1,233.68
17672,5866,112,1,307.14
17673,5866,139,1,26.08
17674,5867,11,3,691.54
17675,5867,3,4,136.62
17676,5867,38,2,117.99
17677,5867,3,3,136.62
17678,5868,110,3,431.78
17679,5869,94,4,281.05
17680,5869,90,3,370.03
17681,5870,175,3,53.39
17682,5870,157,1,19.33
17683,5870,126,2,25.37
17684,5871,51,4,23.32
17685,5871,165,4,65.60
17686,5871,112,2,307.14
17687,5872,31,3,609.25
17688,5872,90,4,370.03
17689,5872,115,2,308.68
17690,5872,144,3,46.06
17691,5872,46,4,30.13
17692,5873,17,3,446.15
17693,5873,10,2,273.35
17694,5873,178,3,39.29
17695,5874,155,1,24.51
17696,5875,139,2,26.08
17697,5875,176,3,24.47
17698,5875,2,2,239.88
17699,5875,79,2,233.68
17700,5875,123,3,37.05
17701,5876,125,2,32.57
17702,5876,104,3,42.38
17703,5876,98,1,324.18
17704,5876,179,3,29.88
17705,5877,42,4,81.37
17706,5877,146,4,27.35
17707,5877,85,1,126.48
17708,5877,109,4,191.43
17709,5878,29,1,665.28
17710,5878,31,4,609.25
17711,5878,49,2,182.19
17712,5878,114,3,386.72
17713,5878,16,3,537.37
17714,5879,131,2,51.37
17715,5879,172,4,66.83
17716,5879,45,2,150.59
17717,5880,19,1,816.54
17718,5881,167,2,106.22
17719,5881,130,3,40.37
17720,5881,73,1,25.03
17721,5881,159,4,26.55
17722,5881,79,2,233.68
17723,5882,96,3,48.32
17724,5882,9,2,746.78
17725,5882,141,3,44.68
17726,5882,83,2,88.66
17727,5883,65,2,153.24
17728,5883,176,2,24.47
17729,5884,106,4,377.39
17730,5885,155,2,24.51
17731,5885,78,3,92.26
17732,5885,44,1,168.63
17733,5886,156,4,47.44
17734,5886,63,3,293.35
17735,5886,191,2,103.44
17736,5886,137,1,16.72
17737,5887,105,2,27.39
17738,5887,23,2,311.08
17739,5887,82,2,164.45
17740,5887,100,2,86.91
17741,5888,52,2,47.09
17742,5888,178,4,39.29
17743,5888,97,2,388.13
17744,5889,53,3,108.74
17745,5889,82,1,164.45
17746,5890,50,4,237.25
17747,5891,191,3,103.44
17748,5891,198,4,49.14
17749,5891,154,2,6.98
17750,5891,166,3,61.71
17751,5891,80,2,253.61
17752,5892,178,2,39.29
17753,5892,9,4,746.78
17754,5892,124,4,44.55
17755,5893,113,2,78.35
17756,5894,36,1,558.56
17757,5894,152,3,48.13
17758,5894,1,4,500.72
17759,5894,68,1,104.26
17760,5894,174,3,114.93
17761,5895,13,1,522.46
17762,5896,196,3,66.42
17763,5896,128,3,46.60
17764,5896,148,4,42.76
17765,5896,55,1,247.20
17766,5897,165,1,65.60
17767,5897,166,1,61.71
17768,5898,59,1,264.27
17769,5898,15,3,875.17
17770,5898,115,1,308.68
17771,5898,30,2,281.92
17772,5898,117,4,298.11
17773,5899,123,1,37.05
17774,5899,38,1,117.99
17775,5899,114,1,386.72
17776,5899,104,2,42.38
17777,5900,140,1,13.39
17778,5900,133,3,46.80
17779,5901,71,2,271.85
17780,5901,112,3,307.14
17781,5901,20,2,150.57
17782,5902,14,3,750.61
17783,5902,57,3,51.30
17784,5902,14,2,750.61
17785,5902,121,2,40.24
17786,5902,169,3,96.92
17787,5903,128,2,46.60
17788,5903,170,4,16.89
17789,5903,86,2,333.64
17790,5903,86,2,333.64
17791,5904,126,3,25.37
17792,5904,37,1,429.72
17793,5905,143,2,59.98
17794,5905,109,3,191.43
17795,5905,82,4,164.45
17796,5905,98,4,324.18
17797,5905,45,1,150.59
17798,5906,100,1,86.91
17799,5906,101,4,329.79
17800,5906,124,1,44.55
17801,5907,170,2,16.89
17802,5907,22,1,129.18
17803,5907,62,1,205.44
17804,5907,101,4,329.79
17805,5908,23,3,311.08
17806,5908,155,4,24.51
17807,5909,72,4,207.50
17808,5910,53,3,108.74
17809,5910,99,4,151.45
17810,5910,122,4,11.28
17811,5911,68,3,104.26
17812,5911,46,1,30.13
17813,5911,55,3,247.20
17814,5912,65,4,153.24
17815,5912,84,4,198.78
17816,5912,190,4,109.95
17817,5912,151,2,53.45
17818,5913,122,3,11.28
17819,5913,68,1,104.26
17820,5913,135,3,53.76
17821,5914,23,4,311.08
17822,5914,92,1,391.62
17823,5914,124,2,44.55
17824,5914,145,3,16.73
17825,5914,150,1,45.00
17826,5915,129,3,31.16
17827,5916,183,3,92.22
17828,5916,106,3,377.39
17829,5916,66,2,60.34
17830,5916,127,2,45.09
17831,5917,29,3,665.28
17832,5917,186,4,118.92
17833,5918,198,3,49.14
17834,5919,175,4,53.39
17835,5919,189,1,57.74
17836,5919,137,3,16.72
17837,5919,30,2,281.92
17838,5920,4,1,327.69
17839,5920,130,3,40.37
17840,5920,133,1,46.80
17841,5920,124,1,44.55
17842,5920,136,1,16.82
17843,5921,129,4,31.16
17844,5921,187,3,12.37
17845,5921,192,3,14.31
17846,5922,99,1,151.45
17847,5922,173,2,93.51
17848,5922,137,2,16.72
17849,5923,124,2,44.55
17850,5923,27,1,225.51
17851,5924,51,1,23.32
17852,5924,165,2,65.60
17853,5924,91,2,265.75
17854,5925,29,3,665.28
17855,5925,81,2,310.43
17856,5925,150,3,45.00
17857,5925,41,4,224.09
17858,5926,34,2,426.41
17859,5926,144,2,46.06
17860,5926,57,3,51.30
17861,5927,11,1,691.54
17862,5927,73,3,25.03
17863,5927,123,3,37.05
17864,5927,17,2,446.15
17865,5928,91,3,265.75
17866,5929,183,3,92.22
17867,5929,150,3,45.00
17868,5929,75,1,108.00
17869,5929,65,1,153.24
17870,5930,19,3,816.54
17871,5930,58,2,199.52
17872,5930,27,4,225.51
17873,5931,24,1,811.59
17874,5931,139,3,26.08
17875,5931,59,3,264.27
17876,5932,163,1,81.90
17877,5932,144,3,46.06
17878,5932,160,2,45.74
17879,5933,98,1,324.18
17880,5933,28,3,549.50
17881,5934,69,4,258.65
17882,5934,116,3,163.33
17883,5934,198,4,49.14
17884,5934,32,2,574.26
17885,5935,31,3,609.25
17886,5935,172,2,66.83
17887,5935,149,4,28.06
17888,5936,122,2,11.28
17889,5936,130,3,40.37
17890,5936,41,3,224.09
17891,5936,30,4,281.92
17892,5937,96,2,48.32
17893,5937,153,3,53.97
17894,5938,160,2,45.74
17895,5938,76,1,248.97
17896,5938,5,1,294.97
17897,5938,191,3,103.44
17898,5939,200,2,21.95
17899,5939,198,2,49.14
17900,5939,98,4,324.18
17901,5940,191,2,103.44
17902,5940,69,2,258.65
17903,5941,180,1,109.81
17904,5942,35,1,291.27
17905,5943,196,1,66.42
17906,5943,109,4,191.43
17907,5943,59,2,264.27
17908,5944,70,1,47.08
17909,5944,145,3,16.73
17910,5945,2,4,239.88
17911,5945,69,4,258.65
17912,5945,23,1,311.08
17913,5946,127,4,45.09
17914,5946,8,4,743.01
17915,5946,78,3,92.26
17916,5946,29,2,665.28
17917,5946,31,2,609.25
17918,5947,32,2,574.26
17919,5947,192,4,14.31
17920,5947,13,3,522.46
17921,5947,58,1,199.52
17922,5948,67,2,39.92
17923,5948,165,1,65.60
17924,5948,82,4,164.45
17925,5948,46,4,30.13
17926,5949,30,4,281.92
17927,5950,142,3,36.11
17928,5950,115,1,308.68
17929,5951,26,1,43.63
17930,5951,18,2,293.07
17931,5951,13,4,522.46
17932,5951,182,2,100.88
17933,5951,116,2,163.33
17934,5952,137,1,16.72
17935,5953,105,2,27.39
17936,5953,44,4,168.63
17937,5953,170,3,16.89
17938,5953,59,1,264.27
17939,5953,187,3,12.37
17940,5954,142,4,36.11
17941,5954,16,1,537.37
17942,5955,188,3,16.87
17943,5956,158,3,59.27
17944,5956,54,4,52.55
17945,5956,189,3,57.74
17946,5957,114,1,386.72
17947,5957,129,4,31.16
17948,5957,52,4,47.09
17949,5958,176,2,24.47
17950,5958,20,3,150.57
17951,5958,140,4,13.39
17952,5959,77,3,28.30
17953,5959,80,4,253.61
17954,5959,167,3,106.22
17955,5959,78,3,92.26
17956,5959,56,3,174.98
17957,5960,62,4,205.44
17958,5960,19,2,816.54
17959,5960,85,2,126.48
17960,5960,115,1,308.68
17961,5961,91,1,265.75
17962,5961,32,3,574.26
17963,5961,94,2,281.05
17964,5961,181,1,13.99
17965,5961,144,3,46.06
17966,5962,70,3,47.08
17967,5962,115,3,308.68
17968,5962,11,3,691.54
17969,5962,90,4,370.03
17970,5962,190,1,109.95
17971,5963,175,2,53.39
17972,5963,12,1,788.04
17973,5963,8,4,743.01
17974,5964,74,3,54.80
17975,5964,34,4,426.41
17976,5964,64,1,50.42
17977,5964,87,3,282.19
17978,5965,65,3,153.24
17979,5965,45,2,150.59
17980,5965,77,1,28.30
17981,5965,200,2,21.95
17982,5965,186,1,118.92
17983,5966,69,4,258.65
17984,5966,36,3,558.56
17985,5966,4,3,327.69
17986,5966,23,2,311.08
17987,5966,38,3,117.99
17988,5967,134,1,19.36
17989,5968,118,3,259.42
17990,5968,198,1,49.14
17991,5968,129,2,31.16
17992,5968,46,1,30.13
17993,5968,152,4,48.13
17994,5969,150,3,45.00
17995,5969,89,2,183.76
17996,5969,86,1,333.64
17997,5969,140,3,13.39
17998,5969,87,1,282.19
17999,5970,183,1,92.22
18000,5970,68,3,104.26
18001,5970,84,1,198.78
18002,5970,185,4,4.70
18003,5971,127,4,45.09
18004,5971,160,1,45.74
18005,5971,90,4,370.03
18006,5972,142,3,36.11
18007,5972,128,4,46.60
18008,5972,141,3,44.68
18009,5972,160,4,45.74
18010,5972,83,4,88.66
18011,5973,127,2,45.09
18012,5973,34,4,426.41
18013,5974,176,3,24.47
18014,5974,162,2,21.49
18015,5974,135,2,53.76
18016,5974,166,2,61.71
18017,5975,112,1,307.14
18018,5975,4,3,327.69
18019,5975,127,2,45.09
18020,5976,148,2,42.76
18021,5976,82,3,164.45
18022,5976,86,2,333.64
18023,5977,4,1,327.69
18024,5977,18,3,293.07
18025,5978,156,1,47.44
18026,5979,200,2,21.95
18027,5980,63,4,293.35
18028,5980,47,4,66.78
18029,5981,152,1,48.13
18030,5981,91,2,265.75
18031,5981,55,1,247.20
18032,5982,38,3,117.99
18033,5982,172,4,66.83
18034,5983,114,3,386.72
18035,5983,71,4,271.85
18036,5983,152,4,48.13
18037,5983,110,3,431.78
18038,5984,19,3,816.54
18039,5984,107,3,368.95
18040,5984,22,3,129.18
18041,5984,19,3,816.54
18042,5985,102,4,17.15
18043,5985,180,1,109.81
18044,5985,132,2,33.38
18045,5985,10,2,273.35
18046,5985,86,3,333.64
18047,5986,84,1,198.78
18048,5986,151,3,53.45
18049,5986,115,2,308.68
18050,5986,133,1,46.80
18051,5986,104,1,42.38
18052,5987,75,3,108.00
18053,5987,158,3,59.27
18054,5987,43,4,30.78
18055,5987,55,4,247.20
18056,5988,159,3,26.55
18057,5988,126,4,25.37
18058,5988,99,2,151.45
18059,5989,98,3,324.18
18060,5989,20,2,150.57
18061,5989,100,4,86.91
18062,5989,50,4,237.25
18063,5990,82,4,164.45
18064,5990,195,4,97.24
18065,5990,1,1,500.72
18066,5990,51,3,23.32
18067,5990,84,1,198.78
18068,5991,19,3,816.54
18069,5991,169,2,96.92
18070,5991,40,2,633.55
18071,5992,30,1,281.92
18072,5992,174,4,114.93
18073,5992,168,1,4.90
18074,5992,20,2,150.57
18075,5992,134,3,19.36
18076,5993,155,2,24.51
18077,5993,160,3,45.74
18078,5994,54,4,52.55
18079,5994,44,3,168.63
18080,5994,11,1,691.54
18081,5994,63,3,293.35
18082,5994,84,3,198.78
18083,5995,23,1,311.08
18084,5995,9,2,746.78
18085,5995,53,1,108.74
18086,5995,67,4,39.92
18087,5996,137,4,16.72
18088,5997,60,2,179.81
18089,5997,17,3,446.15
18090,5997,24,1,811.59
18091,5997,71,3,271.85
18092,5997,190,1,109.95
18093,5998,173,3,93.51
18094,5998,178,3,39.29
18095,5999,95,4,418.23
18096,5999,170,2,16.89
18097,5999,37,2,429.72
18098,5999,91,2,265.75
18099,6000,137,3,16.72
18100,6000,140,4,13.39
18101,6000,100,2,86.91
18102,6000,51,3,23.32
18103,6000,56,1,174.98
18104,6001,96,1,48.32
18105,6001,115,1,308.68
18106,6002,125,1,32.57
18107,6002,27,4,225.51
18108,6002,38,4,117.99
18109,6003,168,4,4.90
18110,6003,79,3,233.68
18111,6003,50,2,237.25
18112,6003,170,2,16.89
18113,6004,63,2,293.35
18114,6004,31,3,609.25
18115,6005,194,4,74.31
18116,6005,177,4,103.55
18117,6005,192,3,14.31
18118,6006,187,1,12.37
18119,6007,128,3,46.60
18120,6007,18,4,293.07
18121,6007,131,2,51.37
18122,6007,189,4,57.74
18123,6007,155,2,24.51
18124,6008,46,1,30.13
18125,6008,145,1,16.73
18126,6008,105,4,27.39
18127,6008,19,2,816.54
18128,6009,43,2,30.78
18129,6009,26,4,43.63
18130,6009,160,1,45.74
18131,6010,191,3,103.44
18132,6010,164,3,69.89
18133,6010,20,1,150.57
18134,6011,158,2,59.27
18135,6011,18,1,293.07
18136,6012,172,2,66.83
18137,6013,74,1,54.80
18138,6013,168,4,4.90
18139,6014,6,2,871.62
18140,6015,41,2,224.09
18141,6015,46,4,30.13
18142,6016,82,4,164.45
18143,6017,60,2,179.81
18144,6017,177,2,103.55
18145,6017,198,3,49.14
18146,6017,183,1,92.22
18147,6017,58,1,199.52
18148,6018,153,2,53.97
18149,6018,13,3,522.46
18150,6018,9,2,746.78
18151,6018,47,2,66.78
18152,6019,178,2,39.29
18153,6019,9,2,746.78
18154,6019,23,1,311.08
18155,6020,101,2,329.79
18156,6020,66,3,60.34
18157,6021,126,2,25.37
18158,6021,72,4,207.50
18159,6022,192,2,14.31
18160,6022,36,2,558.56
18161,6022,74,3,54.80
18162,6022,133,3,46.80
18163,6022,95,4,418.23
18164,6023,198,2,49.14
18165,6023,21,4,540.25
18166,6023,179,1,29.88
18167,6023,161,3,9.08
18168,6024,69,2,258.65
18169,6024,89,3,183.76
18170,6025,126,4,25.37
18171,6025,183,2,92.22
18172,6026,4,1,327.69
18173,6026,132,3,33.38
18174,6027,6,3,871.62
18175,6028,177,2,103.55
18176,6029,145,1,16.73
18177,6029,58,1,199.52
18178,6029,148,4,42.76
18179,6029,91,4,265.75
18180,6030,133,1,46.80
18181,6030,20,3,150.57
18182,6030,65,2,153.24
18183,6030,142,3,36.11
18184,6030,90,1,370.03
18185,6031,76,4,248.97
18186,6031,64,2,50.42
18187,6031,158,1,59.27
18188,6031,104,3,42.38
18189,6031,87,3,282.19
18190,6032,184,1,93.38
18191,6032,73,3,25.03
18192,6032,86,3,333.64
18193,6032,162,1,21.49
18194,6032,25,3,250.49
18195,6033,67,4,39.92
18196,6034,36,3,558.56
18197,6035,82,2,164.45
18198,6035,8,1,743.01
18199,6036,29,2,665.28
18200,6037,29,3,665.28
18201,6037,151,3,53.45
18202,6037,39,1,380.34
18203,6037,190,2,109.95
18204,6037,108,1,231.27
18205,6038,4,1,327.69
18206,6039,125,1,32.57
18207,6039,174,2,114.93
18208,6039,76,4,248.97
18209,6039,157,2,19.33
18210,6039,143,3,59.98
18211,6040,121,2,40.24
18212,6040,23,1,311.08
18213,6040,113,4,78.35
18214,6041,108,1,231.27
18215,6041,72,1,207.50
18216,6041,139,2,26.08
18217,6041,137,2,16.72
18218,6041,170,4,16.89
18219,6042,12,3,788.04
18220,6042,157,3,19.33
18221,6042,193,2,94.03
18222,6043,105,2,27.39
18223,6044,116,4,163.33
18224,6044,178,4,39.29
18225,6044,138,3,54.31
18226,6044,84,2,198.78
18227,6044,116,1,163.33
18228,6045,99,1,151.45
18229,6045,85,2,126.48
18230,6045,163,4,81.90
18231,6046,125,1,32.57
18232,6046,163,3,81.90
18233,6047,124,4,44.55
18234,6047,44,1,168.63
18235,6047,8,2,743.01
18236,6047,142,4,36.11
18237,6048,5,2,294.97
18238,6048,29,4,665.28
18239,6048,160,2,45.74
18240,6048,48,4,206.81
18241,6048,89,4,183.76
18242,6049,75,1,108.00
18243,6050,104,4,42.38
18244,6051,168,2,4.90
18245,6052,177,1,103.55
18246,6052,62,4,205.44
18247,6053,42,2,81.37
18248,6054,145,3,16.73
18249,6054,60,1,179.81
18250,6054,164,4,69.89
18251,6055,84,1,198.78
18252,6055,56,4,174.98
18253,6056,25,2,250.49
18254,6057,97,1,388.13
18255,6057,64,1,50.42
18256,6057,45,4,150.59
18257,6057,177,2,103.55
18258,6058,164,1,69.89
18259,6058,11,2,691.54
18260,6058,77,1,28.30
18261,6058,116,2,163.33
18262,6059,194,4,74.31
18263,6059,117,3,298.11
18264,6059,138,4,54.31
18265,6060,68,2,104.26
18266,6060,63,4,293.35
18267,6060,125,4,32.57
18268,6060,113,3,78.35
18269,6061,155,4,24.51
18270,6061,129,4,31.16
18271,6061,29,4,665.28
18272,6062,35,2,291.27
18273,6062,44,1,168.63
18274,6062,162,1,21.49
18275,6062,89,3,183.76
18276,6063,64,3,50.42
18277,6064,70,1,47.08
18278,6064,105,3,27.39
18279,6065,69,1,258.65
18280,6065,58,4,199.52
18281,6065,59,2,264.27
18282,6065,53,4,108.74
18283,6065,114,1,386.72
18284,6066,127,3,45.09
18285,6066,141,1,44.68
18286,6067,99,4,151.45
18287,6067,119,1,390.51
18288,6067,103,3,258.65
18289,6068,49,3,182.19
18290,6068,46,2,30.13
18291,6068,173,3,93.51
18292,6068,32,4,574.26
18293,6069,193,3,94.03
18294,6069,60,1,179.81
18295,6069,3,1,136.62
18296,6070,51,4,23.32
18297,6070,86,4,333.64
18298,6070,192,1,14.31
18299,6070,12,1,788.04
18300,6071,119,1,390.51
18301,6072,100,4,86.91
18302,6072,200,3,21.95
18303,6072,4,2,327.69
18304,6073,131,4,51.37
18305,6074,195,3,97.24
18306,6074,75,2,108.00
18307,6075,31,1,609.25
18308,6075,9,2,746.78
18309,6076,48,3,206.81
18310,6076,60,4,179.81
18311,6077,98,4,324.18
18312,6077,164,1,69.89
18313,6077,151,1,53.45
18314,6077,93,1,318.36
18315,6077,149,2,28.06
18316,6078,133,2,46.80
18317,6079,93,1,318.36
18318,6079,101,4,329.79
18319,6079,96,4,48.32
18320,6080,114,4,386.72
18321,6081,54,1,52.55
18322,6081,11,2,691.54
18323,6081,153,1,53.97
18324,6082,108,1,231.27
18325,6082,177,3,103.55
18326,6082,95,3,418.23
18327,6082,39,2,380.34
18328,6082,82,4,164.45
18329,6083,39,1,380.34
18330,6083,182,3,100.88
18331,6084,166,2,61.71
18332,6084,12,4,788.04
18333,6084,27,2,225.51
18334,6084,26,4,43.63
18335,6084,174,2,114.93
18336,6085,131,3,51.37
18337,6085,151,3,53.45
18338,6085,20,1,150.57
18339,6085,56,4,174.98
18340,6085,194,3,74.31
18341,6086,174,1,114.93
18342,6086,82,2,164.45
18343,6087,66,2,60.34
18344,6087,26,2,43.63
18345,6087,34,2,426.41
18346,6088,179,4,29.88
18347,6088,113,4,78.35
18348,6088,190,3,109.95
18349,6089,84,2,198.78
18350,6089,146,3,27.35
18351,6089,132,3,33.38
18352,6089,173,3,93.51
18353,6090,87,1,282.19
18354,6091,164,3,69.89
18355,6091,182,1,100.88
18356,6091,4,1,327.69
18357,6091,79,3,233.68
18358,6091,182,1,100.88
18359,6092,67,4,39.92
18360,6092,143,3,59.98
18361,6092,119,3,390.51
18362,6092,53,4,108.74
18363,6093,91,4,265.75
18364,6093,192,1,14.31
18365,6094,136,3,16.82
18366,6094,140,3,13.39
18367,6095,161,4,9.08
18368,6095,189,4,57.74
18369,6096,44,3,168.63
18370,6096,84,1,198.78
18371,6096,107,4,368.95
18372,6097,76,2,248.97
18373,6097,148,4,42.76
18374,6097,183,2,92.22
18375,6097,128,3,46.60
18376,6097,30,1,281.92
18377,6098,185,1,4.70
18378,6098,1,4,500.72
18379,6098,87,3,282.19
18380,6098,111,3,295.40
18381,6099,183,1,92.22
18382,6099,71,3,271.85
18383,6100,36,3,558.56
18384,6101,191,2,103.44
18385,6101,186,4,118.92
18386,6101,17,1,446.15
18387,6101,66,2,60.34
18388,6101,28,1,549.50
18389,6102,158,1,59.27
18390,6103,9,1,746.78
18391,6103,16,1,537.37
18392,6103,164,3,69.89
18393,6103,127,3,45.09
18394,6103,167,2,106.22
18395,6104,77,3,28.30
18396,6105,194,2,74.31
18397,6106,66,4,60.34
18398,6106,13,1,522.46
18399,6106,15,1,875.17
18400,6106,21,2,540.25
18401,6107,106,1,377.39
18402,6108,172,3,66.83
18403,6108,198,1,49.14
18404,6108,167,3,106.22
18405,6108,91,3,265.75
18406,6108,191,1,103.44
18407,6109,187,4,12.37
18408,6110,117,4,298.11
18409,6110,84,3,198.78
18410,6111,178,4,39.29
18411,6111,126,3,25.37
18412,6111,17,3,446.15
18413,6112,113,1,78.35
18414,6112,188,4,16.87
18415,6112,6,1,871.62
18416,6113,175,2,53.39
18417,6113,116,2,163.33
18418,6113,53,2,108.74
18419,6113,13,2,522.46
18420,6114,124,3,44.55
18421,6114,81,4,310.43
18422,6115,29,2,665.28
18423,6115,173,1,93.51
18424,6115,75,3,108.00
18425,6115,198,3,49.14
18426,6115,186,1,118.92
18427,6116,54,3,52.55
18428,6116,119,1,390.51
18429,6117,177,3,103.55
18430,6117,19,1,816.54
18431,6117,143,1,59.98
18432,6118,74,3,54.80
18433,6118,37,3,429.72
18434,6119,179,2,29.88
18435,6119,157,4,19.33
18436,6119,154,2,6.98
18437,6119,127,4,45.09
18438,6120,17,4,446.15
18439,6120,26,4,43.63
18440,6120,74,4,54.80
18441,6121,188,3,16.87
18442,6122,121,1,40.24
18443,6123,20,2,150.57
18444,6124,127,4,45.09
18445,6124,121,2,40.24
18446,6124,127,1,45.09
18447,6124,164,3,69.89
18448,6124,75,4,108.00
18449,6125,35,1,291.27
18450,6125,32,2,574.26
18451,6125,183,1,92.22
18452,6125,160,1,45.74
18453,6125,48,4,206.81
18454,6126,93,3,318.36
18455,6127,80,3,253.61
18456,6127,172,4,66.83
18457,6127,12,3,788.04
18458,6127,177,2,103.55
18459,6128,64,2,50.42
18460,6129,116,3,163.33
18461,6130,99,3,151.45
18462,6130,108,4,231.27
18463,6131,135,3,53.76
18464,6131,36,1,558.56
18465,6132,57,1,51.30
18466,6132,27,2,225.51
18467,6133,180,1,109.81
18468,6133,178,2,39.29
18469,6133,159,3,26.55
18470,6133,142,1,36.11
18471,6133,74,2,54.80
18472,6134,79,4,233.68
18473,6134,11,1,691.54
18474,6134,169,2,96.92
18475,6135,22,3,129.18
18476,6135,188,1,16.87
18477,6135,153,2,53.97
18478,6135,38,1,117.99
18479,6135,93,3,318.36
18480,6136,68,4,104.26
18481,6136,30,4,281.92
18482,6137,197,4,63.01
18483,6138,16,4,537.37
18484,6139,110,1,431.78
18485,6139,94,2,281.05
18486,6139,31,4,609.25
18487,6139,44,4,168.63
18488,6140,82,2,164.45
18489,6140,95,2,418.23
18490,6141,141,2,44.68
18491,6142,157,3,19.33
18492,6142,119,1,390.51
18493,6142,177,1,103.55
18494,6142,102,2,17.15
18495,6143,193,3,94.03
18496,6144,198,2,49.14
18497,6144,185,4,4.70
18498,6144,54,1,52.55
18499,6144,107,4,368.95
18500,6144,109,3,191.43
18501,6145,50,3,237.25
18502,6145,83,4,88.66
18503,6146,62,3,205.44
18504,6146,3,1,136.62
18505,6146,105,4,27.39
18506,6147,148,3,42.76
18507,6147,63,1,293.35
18508,6147,123,2,37.05
18509,6147,17,1,446.15
18510,6147,36,1,558.56
18511,6148,38,2,117.99
18512,6149,107,4,368.95
18513,6149,176,3,24.47
18514,6150,10,4,273.35
18515,6151,95,1,418.23
18516,6151,200,1,21.95
18517,6152,9,4,746.78
18518,6152,161,4,9.08
18519,6152,186,3,118.92
18520,6153,16,4,537.37
18521,6153,15,2,875.17
18522,6154,28,3,549.50
18523,6155,57,3,51.30
18524,6155,91,4,265.75
18525,6156,137,2,16.72
18526,6156,75,2,108.00
18527,6156,25,2,250.49
18528,6157,70,2,47.08
18529,6158,30,3,281.92
18530,6158,100,1,86.91
18531,6158,52,1,47.09
18532,6159,148,3,42.76
18533,6160,37,4,429.72
18534,6160,72,4,207.50
18535,6160,175,3,53.39
18536,6160,116,1,163.33
18537,6160,93,2,318.36
18538,6161,135,4,53.76
18539,6161,49,4,182.19
18540,6161,4,2,327.69
18541,6161,158,3,59.27
18542,6162,173,1,93.51
18543,6162,32,1,574.26
18544,6163,134,1,19.36
18545,6163,148,3,42.76
18546,6163,48,4,206.81
18547,6163,86,2,333.64
18548,6164,90,2,370.03
18549,6164,121,1,40.24
18550,6164,172,2,66.83
18551,6164,151,1,53.45
18552,6164,6,3,871.62
18553,6165,11,2,691.54
18554,6165,99,3,151.45
18555,6165,165,1,65.60
18556,6165,112,2,307.14
18557,6166,52,2,47.09
18558,6166,84,1,198.78
18559,6166,157,4,19.33
18560,6166,156,2,47.44
18561,6166,195,4,97.24
18562,6167,119,3,390.51
18563,6167,141,3,44.68
18564,6167,146,3,27.35
18565,6167,80,1,253.61
18566,6168,48,2,206.81
18567,6168,105,3,27.39
18568,6168,63,2,293.35
18569,6168,103,3,258.65
18570,6169,15,4,875.17
18571,6169,43,4,30.78
18572,6169,155,4,24.51
18573,6170,39,2,380.34
18574,6170,119,1,390.51
18575,6170,87,4,282.19
18576,6171,29,3,665.28
18577,6172,40,1,633.55
18578,6172,62,2,205.44
18579,6172,29,3,665.28
18580,6173,142,3,36.11
18581,6173,126,2,25.37
18582,6174,27,4,225.51
18583,6175,181,3,13.99
18584,6175,156,4,47.44
18585,6175,69,1,258.65
18586,6175,115,2,308.68
18587,6175,186,3,118.92
18588,6176,91,1,265.75
18589,6176,139,1,26.08
18590,6176,16,2,537.37
18591,6176,104,3,42.38
18592,6176,90,3,370.03
18593,6177,18,4,293.07
18594,6177,74,4,54.80
18595,6177,177,4,103.55
18596,6177,100,1,86.91
18597,6178,200,1,21.95
18598,6178,154,4,6.98
18599,6178,71,3,271.85
18600,6179,57,2,51.30
18601,6179,142,3,36.11
18602,6180,37,1,429.72
18603,6180,114,2,386.72
18604,6180,87,4,282.19
18605,6180,40,3,633.55
18606,6180,54,3,52.55
18607,6181,92,4,391.62
18608,6181,142,1,36.11
18609,6181,193,3,94.03
18610,6181,48,3,206.81
18611,6181,146,1,27.35
18612,6182,96,2,48.32
18613,6183,73,4,25.03
18614,6183,23,1,311.08
18615,6183,134,4,19.36
18616,6183,41,1,224.09
18617,6184,39,3,380.34
18618,6184,20,2,150.57
18619,6184,170,1,16.89
18620,6184,189,4,57.74
18621,6184,142,2,36.11
18622,6185,17,1,446.15
18623,6185,134,2,19.36
18624,6186,37,1,429.72
18625,6187,53,2,108.74
18626,6187,137,3,16.72
18627,6187,183,3,92.22
18628,6187,136,4,16.82
18629,6188,197,3,63.01
18630,6189,31,4,609.25
18631,6189,21,1,540.25
18632,6190,142,3,36.11
18633,6190,129,2,31.16
18634,6190,83,1,88.66
18635,6190,144,4,46.06
18636,6190,92,2,391.62
18637,6191,140,4,13.39
18638,6191,154,1,6.98
18639,6191,178,3,39.29
18640,6191,95,1,418.23
18641,6192,138,4,54.31
18642,6192,62,3,205.44
18643,6192,93,1,318.36
18644,6192,112,4,307.14
18645,6193,184,4,93.38
18646,6193,137,2,16.72
18647,6194,56,4,174.98
18648,6194,136,4,16.82
18649,6194,13,4,522.46
18650,6194,145,2,16.73
18651,6195,143,1,59.98
18652,6196,189,3,57.74
18653,6197,34,1,426.41
18654,6198,137,3,16.72
18655,6198,115,1,308.68
18656,6199,111,2,295.40
18657,6199,21,1,540.25
18658,6199,58,2,199.52
18659,6199,44,2,168.63
18660,6199,11,4,691.54
18661,6200,45,2,150.59
18662,6200,80,3,253.61
18663,6201,68,2,104.26
18664,6202,135,1,53.76
18665,6202,87,3,282.19
18666,6202,87,2,282.19
18667,6202,133,3,46.80
18668,6203,117,4,298.11
18669,6203,136,1,16.82
18670,6204,27,2,225.51
18671,6204,145,3,16.73
18672,6205,54,2,52.55
18673,6205,134,3,19.36
18674,6205,125,1,32.57
18675,6205,181,3,13.99
18676,6206,53,2,108.74
18677,6206,135,4,53.76
18678,6206,6,1,871.62
18679,6206,62,3,205.44
18680,6206,97,1,388.13
18681,6207,56,3,174.98
18682,6207,72,1,207.50
18683,6207,98,4,324.18
18684,6208,107,1,368.95
18685,6208,144,1,46.06
18686,6208,32,1,574.26
18687,6208,174,1,114.93
18688,6208,99,4,151.45
18689,6209,81,4,310.43
18690,6209,163,3,81.90
18691,6209,79,3,233.68
18692,6209,197,2,63.01
18693,6210,144,3,46.06
18694,6210,127,1,45.09
18695,6210,109,1,191.43
18696,6211,115,2,308.68
18697,6211,35,1,291.27
18698,6212,34,2,426.41
18699,6213,113,3,78.35
18700,6213,44,3,168.63
18701,6213,1,2,500.72
18702,6213,42,1,81.37
18703,6214,179,3,29.88
18704,6214,140,4,13.39
18705,6215,76,1,248.97
18706,6216,24,1,811.59
18707,6216,200,1,21.95
18708,6216,136,3,16.82
18709,6216,2,4,239.88
18710,6216,169,2,96.92
18711,6217,71,2,271.85
18712,6217,52,1,47.09
18713,6217,168,1,4.90
18714,6217,123,3,37.05
18715,6218,137,3,16.72
18716,6218,186,4,118.92
18717,6219,110,3,431.78
18718,6220,126,3,25.37
18719,6220,43,4,30.78
18720,6220,15,4,875.17
18721,6220,112,3,307.14
18722,6221,132,1,33.38
18723,6222,22,3,129.18
18724,6222,48,1,206.81
18725,6222,109,4,191.43
18726,6223,57,3,51.30
18727,6223,89,2,183.76
18728,6224,98,4,324.18
18729,6224,60,4,179.81
18730,6224,25,3,250.49
18731,6224,188,3,16.87
18732,6225,42,4,81.37
18733,6226,111,1,295.40
18734,6226,49,4,182.19
18735,6226,63,3,293.35
18736,6227,107,3,368.95
18737,6227,24,1,811.59
18738,6227,148,4,42.76
18739,6227,155,4,24.51
18740,6228,98,2,324.18
18741,6228,192,1,14.31
18742,6228,41,3,224.09
18743,6228,172,3,66.83
18744,6229,26,3,43.63
18745,6229,14,3,750.61
18746,6229,58,4,199.52
18747,6229,159,2,26.55
18748,6229,158,2,59.27
18749,6230,91,2,265.75
18750,6230,175,4,53.39
18751,6231,123,4,37.05
18752,6231,150,4,45.00
18753,6232,73,3,25.03
18754,6232,1,2,500.72
18755,6232,19,4,816.54
18756,6232,21,2,540.25
18757,6233,128,1,46.60
18758,6233,55,4,247.20
18759,6233,136,1,16.82
18760,6233,142,1,36.11
18761,6234,163,4,81.90
18762,6234,126,3,25.37
18763,6234,37,3,429.72
18764,6235,166,2,61.71
18765,6235,44,3,168.63
18766,6236,142,2,36.11
18767,6236,152,2,48.13
18768,6236,161,2,9.08
18769,6236,112,2,307.14
18770,6237,63,1,293.35
18771,6237,66,3,60.34
18772,6238,103,1,258.65
18773,6238,79,1,233.68
18774,6239,110,4,431.78
18775,6239,195,4,97.24
18776,6240,76,2,248.97
18777,6240,73,1,25.03
18778,6240,87,2,282.19
18779,6240,128,3,46.60
18780,6240,59,3,264.27
18781,6241,134,3,19.36
18782,6241,22,2,129.18
18783,6241,6,3,871.62
18784,6241,194,3,74.31
18785,6241,187,2,12.37
18786,6242,173,3,93.51
18787,6242,71,2,271.85
18788,6242,195,2,97.24
18789,6242,160,4,45.74
18790,6243,77,2,28.30
18791,6243,71,4,271.85
18792,6243,55,1,247.20
18793,6243,176,1,24.47
18794,6244,22,4,129.18
18795,6244,67,2,39.92
18796,6244,24,3,811.59
18797,6244,109,2,191.43
18798,6244,144,2,46.06
18799,6245,31,3,609.25
18800,6245,82,4,164.45
18801,6246,182,3,100.88
18802,6246,65,2,153.24
18803,6247,164,2,69.89
18804,6247,126,2,25.37
18805,6247,127,2,45.09
18806,6247,184,3,93.38
18807,6248,83,4,88.66
18808,6248,193,3,94.03
18809,6248,188,4,16.87
18810,6248,180,2,109.81
18811,6248,77,2,28.30
18812,6249,160,1,45.74
18813,6249,43,1,30.78
18814,6249,108,4,231.27
18815,6250,167,1,106.22
18816,6251,96,2,48.32
18817,6251,21,1,540.25
18818,6251,118,4,259.42
18819,6251,48,1,206.81
18820,6251,26,4,43.63
18821,6252,55,1,247.20
18822,6252,133,4,46.80
18823,6252,124,3,44.55
18824,6252,14,2,750.61
18825,6253,136,1,16.82
18826,6253,48,1,206.81
18827,6253,130,3,40.37
18828,6253,63,2,293.35
18829,6254,34,3,426.41
18830,6254,198,4,49.14
18831,6254,198,4,49.14
18832,6254,177,1,103.55
18833,6255,98,4,324.18
18834,6255,133,4,46.80
18835,6255,42,2,81.37
18836,6255,22,1,129.18
18837,6256,121,3,40.24
18838,6256,143,4,59.98
18839,6257,157,4,19.33
18840,6258,6,1,871.62
18841,6258,44,1,168.63
18842,6259,26,1,43.63
18843,6260,26,3,43.63
18844,6260,64,1,50.42
18845,6261,32,3,574.26
18846,6262,111,3,295.40
18847,6262,83,1,88.66
18848,6262,103,4,258.65
18849,6262,65,1,153.24
18850,6263,31,4,609.25
18851,6263,75,2,108.00
18852,6263,4,3,327.69
18853,6263,146,1,27.35
18854,6264,185,1,4.70
18855,6264,57,2,51.30
18856,6264,9,4,746.78
18857,6264,60,2,179.81
18858,6265,39,4,380.34
18859,6265,106,1,377.39
18860,6265,148,3,42.76
18861,6265,111,4,295.40
18862,6266,197,3,63.01
18863,6266,83,4,88.66
18864,6267,71,1,271.85
18865,6267,164,2,69.89
18866,6267,42,4,81.37
18867,6268,128,2,46.60
18868,6268,179,3,29.88
18869,6269,178,2,39.29
18870,6269,56,4,174.98
18871,6269,165,2,65.60
18872,6270,8,3,743.01
18873,6270,128,2,46.60
18874,6270,32,1,574.26
18875,6270,184,3,93.38
18876,6270,48,1,206.81
18877,6271,52,3,47.09
18878,6271,152,1,48.13
18879,6271,20,2,150.57
18880,6272,76,3,248.97
18881,6272,19,3,816.54
18882,6272,1,4,500.72
18883,6273,153,3,53.97
18884,6273,112,3,307.14
18885,6273,19,1,816.54
18886,6273,122,2,11.28
18887,6273,127,1,45.09
18888,6274,83,1,88.66
18889,6274,138,2,54.31
18890,6274,67,4,39.92
18891,6274,126,2,25.37
18892,6275,55,2,247.20
18893,6276,74,2,54.80
18894,6276,184,4,93.38
18895,6276,137,1,16.72
18896,6276,12,2,788.04
18897,6276,57,3,51.30
18898,6277,42,1,81.37
18899,6277,78,2,92.26
18900,6277,186,3,118.92
18901,6277,28,1,549.50
18902,6278,114,3,386.72
18903,6279,190,1,109.95
18904,6279,80,3,253.61
18905,6279,12,4,788.04
18906,6280,73,4,25.03
18907,6280,135,3,53.76
18908,6280,95,3,418.23
18909,6281,23,4,311.08
18910,6281,42,1,81.37
18911,6281,195,1,97.24
18912,6282,46,3,30.13
18913,6282,145,2,16.73
18914,6282,8,2,743.01
18915,6283,58,2,199.52
18916,6283,22,4,129.18
18917,6283,196,4,66.42
18918,6284,157,4,19.33
18919,6284,19,1,816.54
18920,6284,32,2,574.26
18921,6284,128,1,46.60
18922,6285,84,2,198.78
18923,6285,158,1,59.27
18924,6285,40,1,633.55
18925,6285,86,2,333.64
18926,6286,142,4,36.11
18927,6286,176,2,24.47
18928,6286,63,1,293.35
18929,6286,184,4,93.38
18930,6287,64,2,50.42
18931,6287,94,4,281.05
18932,6287,25,2,250.49
18933,6288,78,2,92.26
18934,6289,95,2,418.23
18935,6289,10,2,273.35
18936,6289,138,4,54.31
18937,6289,150,1,45.00
18938,6289,22,2,129.18
18939,6290,143,3,59.98
18940,6290,29,2,665.28
18941,6290,183,3,92.22
18942,6290,162,2,21.49
18943,6291,173,1,93.51
18944,6292,119,3,390.51
18945,6292,29,2,665.28
18946,6293,20,3,150.57
18947,6293,62,2,205.44
18948,6293,26,1,43.63
18949,6293,116,1,163.33
18950,6294,105,3,27.39
18951,6294,118,3,259.42
18952,6294,139,1,26.08
18953,6294,109,2,191.43
18954,6295,154,4,6.98
18955,6295,21,4,540.25
18956,6296,99,3,151.45
18957,6296,163,3,81.90
18958,6296,186,2,118.92
18959,6296,124,3,44.55
18960,6297,84,3,198.78
18961,6297,16,4,537.37
18962,6297,183,4,92.22
18963,6297,51,2,23.32
18964,6297,38,1,117.99
18965,6298,45,4,150.59
18966,6298,69,2,258.65
18967,6298,98,1,324.18
18968,6299,4,1,327.69
18969,6299,155,4,24.51
18970,6299,189,1,57.74
18971,6300,12,2,788.04
18972,6300,140,1,13.39
18973,6300,49,2,182.19
18974,6300,187,4,12.37
18975,6301,179,3,29.88
18976,6301,137,2,16.72
18977,6302,107,3,368.95
18978,6302,190,2,109.95
18979,6302,70,3,47.08
18980,6302,188,1,16.87
18981,6303,169,1,96.92
18982,6303,32,1,574.26
18983,6303,50,4,237.25
18984,6304,107,1,368.95
18985,6304,107,2,368.95
18986,6305,58,3,199.52
18987,6306,16,3,537.37
18988,6306,157,4,19.33
18989,6306,98,3,324.18
18990,6306,162,1,21.49
18991,6307,135,4,53.76
18992,6307,55,2,247.20
18993,6307,83,3,88.66
18994,6308,144,2,46.06
18995,6308,10,1,273.35
18996,6308,57,1,51.30
18997,6308,126,1,25.37
18998,6308,73,4,25.03
18999,6309,142,3,36.11
19000,6309,183,4,92.22
19001,6309,152,1,48.13
19002,6309,178,2,39.29
19003,6309,188,4,16.87
19004,6310,92,4,391.62
19005,6310,183,4,92.22
19006,6310,145,1,16.73
19007,6310,116,1,163.33
19008,6310,148,4,42.76
19009,6311,5,1,294.97
19010,6311,183,4,92.22
19011,6311,162,4,21.49
19012,6312,176,1,24.47
19013,6312,5,3,294.97
19014,6312,119,2,390.51
19015,6313,8,4,743.01
19016,6314,184,1,93.38
19017,6314,93,2,318.36
19018,6314,184,2,93.38
19019,6314,1,4,500.72
19020,6315,55,1,247.20
19021,6315,116,1,163.33
19022,6315,40,3,633.55
19023,6316,65,3,153.24
19024,6316,187,4,12.37
19025,6316,195,4,97.24
19026,6317,34,1,426.41
19027,6318,185,3,4.70
19028,6319,3,3,136.62
19029,6319,110,4,431.78
19030,6319,85,2,126.48
19031,6320,165,3,65.60
19032,6320,116,1,163.33
19033,6320,153,1,53.97
19034,6320,65,4,153.24
19035,6320,178,2,39.29
19036,6321,96,3,48.32
19037,6322,69,1,258.65
19038,6322,32,3,574.26
19039,6323,111,1,295.40
19040,6323,10,4,273.35
19041,6324,167,4,106.22
19042,6325,119,3,390.51
19043,6325,140,1,13.39
19044,6325,136,3,16.82
19045,6325,15,2,875.17
19046,6325,54,2,52.55
19047,6326,183,2,92.22
19048,6326,194,1,74.31
19049,6326,91,1,265.75
19050,6326,29,2,665.28
19051,6326,139,3,26.08
19052,6327,116,3,163.33
19053,6327,159,3,26.55
19054,6327,181,3,13.99
19055,6328,8,4,743.01
19056,6328,186,2,118.92
19057,6328,95,3,418.23
19058,6329,97,1,388.13
19059,6329,57,1,51.30
19060,6330,59,4,264.27
19061,6330,56,2,174.98
19062,6331,174,3,114.93
19063,6331,89,2,183.76
19064,6331,58,1,199.52
19065,6331,30,2,281.92
19066,6332,186,1,118.92
19067,6332,72,2,207.50
19068,6332,14,1,750.61
19069,6333,28,1,549.50
19070,6333,108,4,231.27
19071,6334,100,2,86.91
19072,6334,23,3,311.08
19073,6334,192,2,14.31
19074,6335,134,3,19.36
19075,6335,173,2,93.51
19076,6335,100,1,86.91
19077,6336,44,2,168.63
19078,6336,159,3,26.55
19079,6336,28,4,549.50
19080,6337,60,3,179.81
19081,6337,144,4,46.06
19082,6337,136,1,16.82
19083,6337,188,1,16.87
19084,6337,73,1,25.03
19085,6338,31,4,609.25
19086,6338,111,4,295.40
19087,6338,183,3,92.22
19088,6338,192,2,14.31
19089,6339,70,2,47.08
19090,6339,56,2,174.98
19091,6339,15,2,875.17
19092,6339,188,4,16.87
19093,6339,164,4,69.89
19094,6340,129,1,31.16
19095,6341,158,2,59.27
19096,6342,99,3,151.45
19097,6342,75,3,108.00
19098,6342,162,3,21.49
19099,6342,8,3,743.01
19100,6343,114,4,386.72
19101,6343,77,4,28.30
19102,6343,117,3,298.11
19103,6344,145,2,16.73
19104,6344,167,2,106.22
19105,6345,153,4,53.97
19106,6345,166,2,61.71
19107,6345,67,3,39.92
19108,6346,188,4,16.87
19109,6346,37,3,429.72
19110,6346,10,3,273.35
19111,6346,107,4,368.95
19112,6347,57,1,51.30
19113,6348,173,3,93.51
19114,6349,87,1,282.19
19115,6349,85,1,126.48
19116,6349,84,2,198.78
19117,6350,141,2,44.68
19118,6350,82,3,164.45
19119,6351,82,3,164.45
19120,6351,39,3,380.34
19121,6351,35,4,291.27
19122,6351,125,4,32.57
19123,6351,197,1,63.01
19124,6352,79,4,233.68
19125,6352,40,3,633.55
19126,6352,2,2,239.88
19127,6352,90,4,370.03
19128,6352,137,4,16.72
19129,6353,92,4,391.62
19130,6353,2,1,239.88
19131,6353,136,1,16.82
19132,6353,22,4,129.18
19133,6354,56,1,174.98
19134,6355,76,3,248.97
19135,6355,173,4,93.51
19136,6355,89,2,183.76
19137,6355,110,2,431.78
19138,6355,170,1,16.89
19139,6356,44,3,168.63
19140,6356,191,2,103.44
19141,6357,167,3,106.22
19142,6357,14,2,750.61
19143,6358,110,4,431.78
19144,6359,109,4,191.43
19145,6359,175,2,53.39
19146,6359,113,2,78.35
19147,6359,128,2,46.60
19148,6359,187,4,12.37
19149,6360,138,4,54.31
19150,6360,9,1,746.78
19151,6360,80,3,253.61
19152,6361,2,1,239.88
19153,6362,57,2,51.30
19154,6363,34,2,426.41
19155,6363,96,1,48.32
19156,6363,197,2,63.01
19157,6363,154,3,6.98
19158,6363,141,1,44.68
19159,6364,119,1,390.51
19160,6364,32,3,574.26
19161,6364,38,3,117.99
19162,6364,53,2,108.74
19163,6364,177,1,103.55
19164,6365,121,3,40.24
19165,6365,84,1,198.78
19166,6365,83,2,88.66
19167,6366,19,4,816.54
19168,6366,154,4,6.98
19169,6366,45,2,150.59
19170,6366,174,1,114.93
19171,6366,28,2,549.50
19172,6367,108,1,231.27
19173,6367,78,2,92.26
19174,6367,175,2,53.39
19175,6367,134,1,19.36
19176,6367,178,4,39.29
19177,6368,168,3,4.90
19178,6368,121,2,40.24
19179,6368,73,1,25.03
19180,6369,113,2,78.35
19181,6369,24,4,811.59
19182,6369,26,3,43.63
19183,6369,102,3,17.15
19184,6369,87,4,282.19
19185,6370,13,4,522.46
19186,6370,25,4,250.49
19187,6370,68,2,104.26
19188,6370,60,4,179.81
19189,6370,2,3,239.88
19190,6371,140,1,13.39
19191,6371,15,2,875.17
19192,6371,134,3,19.36
19193,6372,56,2,174.98
19194,6372,68,1,104.26
19195,6372,111,1,295.40
19196,6373,83,2,88.66
19197,6373,14,4,750.61
19198,6373,34,4,426.41
19199,6374,17,2,446.15
19200,6374,137,3,16.72
19201,6374,198,1,49.14
19202,6374,185,1,4.70
19203,6374,43,3,30.78
19204,6375,189,4,57.74
19205,6375,56,1,174.98
19206,6375,105,2,27.39
19207,6376,191,2,103.44
19208,6377,141,3,44.68
19209,6378,152,2,48.13
19210,6378,198,3,49.14
19211,6378,127,2,45.09
19212,6378,135,3,53.76
19213,6379,39,3,380.34
19214,6379,127,4,45.09
19215,6380,39,3,380.34
19216,6380,158,1,59.27
19217,6380,198,1,49.14
19218,6381,59,2,264.27
19219,6381,181,2,13.99
19220,6382,83,1,88.66
19221,6382,150,4,45.00
19222,6382,165,1,65.60
19223,6383,125,2,32.57
19224,6383,177,2,103.55
19225,6383,86,3,333.64
19226,6384,134,3,19.36
19227,6384,159,3,26.55
19228,6385,51,2,23.32
19229,6385,45,2,150.59
19230,6385,47,4,66.78
19231,6385,174,3,114.93
19232,6385,99,1,151.45
19233,6386,129,2,31.16
19234,6386,89,1,183.76
19235,6386,86,2,333.64
19236,6387,72,2,207.50
19237,6388,86,3,333.64
19238,6389,25,4,250.49
19239,6390,64,4,50.42
19240,6390,127,4,45.09
19241,6390,172,2,66.83
19242,6390,167,1,106.22
19243,6391,151,1,53.45
19244,6391,28,1,549.50
19245,6392,96,2,48.32
19246,6392,85,3,126.48
19247,6392,45,4,150.59
19248,6393,95,1,418.23
19249,6393,148,4,42.76
19250,6393,181,2,13.99
19251,6393,8,2,743.01
19252,6393,126,1,25.37
19253,6394,150,3,45.00
19254,6394,176,2,24.47
19255,6394,156,4,47.44
19256,6395,17,1,446.15
19257,6396,53,4,108.74
19258,6396,124,3,44.55
19259,6396,196,3,66.42
19260,6396,130,1,40.37
19261,6397,136,1,16.82
19262,6397,97,3,388.13
19263,6398,197,3,63.01
19264,6398,172,1,66.83
19265,6398,57,1,51.30
19266,6398,152,3,48.13
19267,6398,91,3,265.75
19268,6399,87,2,282.19
19269,6399,200,2,21.95
19270,6399,121,3,40.24
19271,6399,105,4,27.39
19272,6400,122,4,11.28
19273,6400,11,2,691.54
19274,6400,178,1,39.29
19275,6400,90,2,370.03
19276,6401,184,3,93.38
19277,6401,26,4,43.63
19278,6401,122,3,11.28
19279,6401,126,2,25.37
19280,6402,101,1,329.79
19281,6402,66,3,60.34
19282,6403,37,2,429.72
19283,6404,63,1,293.35
19284,6404,102,2,17.15
19285,6404,114,4,386.72
19286,6404,119,3,390.51
19287,6404,155,1,24.51
19288,6405,181,3,13.99
19289,6405,163,2,81.90
19290,6405,70,4,47.08
19291,6406,8,3,743.01
19292,6406,50,3,237.25
19293,6406,48,2,206.81
19294,6406,113,1,78.35
19295,6406,17,1,446.15
19296,6407,84,3,198.78
19297,6408,17,1,446.15
19298,6409,78,3,92.26
19299,6409,136,4,16.82
19300,6410,131,3,51.37
19301,6410,123,3,37.05
19302,6410,150,1,45.00
19303,6410,180,2,109.81
19304,6411,140,1,13.39
19305,6411,93,3,318.36
19306,6411,76,4,248.97
19307,6412,114,4,386.72
19308,6412,83,1,88.66
19309,6412,163,4,81.90
19310,6412,45,4,150.59
19311,6413,126,1,25.37
19312,6414,25,3,250.49
19313,6414,37,1,429.72
19314,6414,117,3,298.11
19315,6415,164,4,69.89
19316,6416,79,2,233.68
19317,6416,137,3,16.72
19318,6417,28,4,549.50
19319,6417,174,1,114.93
19320,6417,17,2,446.15
19321,6417,181,2,13.99
19322,6417,197,1,63.01
19323,6418,30,4,281.92
19324,6419,194,4,74.31
19325,6420,87,1,282.19
19326,6420,119,1,390.51
19327,6420,178,1,39.29
19328,6420,172,4,66.83
19329,6421,21,4,540.25
19330,6421,41,3,224.09
19331,6421,190,3,109.95
19332,6421,51,4,23.32
19333,6422,166,2,61.71
19334,6422,72,3,207.50
19335,6422,173,3,93.51
19336,6422,165,2,65.60
19337,6422,107,1,368.95
19338,6423,83,3,88.66
19339,6423,113,3,78.35
19340,6423,109,4,191.43
19341,6424,63,4,293.35
19342,6424,131,3,51.37
19343,6425,153,3,53.97
19344,6425,161,2,9.08
19345,6425,11,4,691.54
19346,6425,126,2,25.37
19347,6425,119,3,390.51
19348,6426,44,1,168.63
19349,6426,174,2,114.93
19350,6426,136,1,16.82
19351,6427,6,3,871.62
19352,6427,8,3,743.01
19353,6428,18,1,293.07
19354,6428,32,2,574.26
19355,6428,159,2,26.55
19356,6428,169,3,96.92
19357,6428,144,3,46.06
19358,6429,196,1,66.42
19359,6429,82,4,164.45
19360,6429,9,3,746.78
19361,6430,77,1,28.30
19362,6430,51,2,23.32
19363,6430,37,1,429.72
19364,6430,169,1,96.92
19365,6431,163,1,81.90
19366,6431,58,4,199.52
19367,6431,52,2,47.09
19368,6431,161,2,9.08
19369,6432,155,4,24.51
19370,6433,98,3,324.18
19371,6433,194,4,74.31
19372,6433,151,4,53.45
19373,6433,60,4,179.81
19374,6433,75,3,108.00
19375,6434,127,2,45.09
19376,6435,118,3,259.42
19377,6435,190,4,109.95
19378,6435,137,1,16.72
19379,6436,100,2,86.91
19380,6436,167,3,106.22
19381,6436,65,2,153.24
19382,6436,183,4,92.22
19383,6437,34,2,426.41
19384,6437,57,4,51.30
19385,6437,160,4,45.74
19386,6437,121,3,40.24
19387,6437,138,2,54.31
19388,6438,131,2,51.37
19389,6438,137,3,16.72
19390,6438,23,3,311.08
19391,6439,106,3,377.39
19392,6440,39,3,380.34
19393,6440,67,1,39.92
19394,6440,35,2,291.27
19395,6440,21,2,540.25
19396,6441,44,3,168.63
19397,6442,200,3,21.95
19398,6442,90,4,370.03
19399,6442,50,4,237.25
19400,6442,14,2,750.61
19401,6442,126,4,25.37
19402,6443,90,3,370.03
19403,6443,184,4,93.38
19404,6443,135,3,53.76
19405,6443,87,4,282.19
19406,6443,139,4,26.08
19407,6444,167,4,106.22
19408,6444,105,2,27.39
19409,6444,127,1,45.09
19410,6444,193,3,94.03
19411,6445,91,1,265.75
19412,6446,72,1,207.50
19413,6447,193,1,94.03
19414,6447,141,4,44.68
19415,6447,125,1,32.57
19416,6447,102,2,17.15
19417,6448,53,4,108.74
19418,6448,47,2,66.78
19419,6448,25,2,250.49
19420,6448,198,3,49.14
19421,6448,108,2,231.27
19422,6449,17,2,446.15
19423,6449,158,4,59.27
19424,6449,161,4,9.08
19425,6449,156,1,47.44
19426,6449,165,2,65.60
19427,6450,164,4,69.89
19428,6450,129,1,31.16
19429,6450,24,1,811.59
19430,6450,131,2,51.37
19431,6451,119,3,390.51
19432,6452,156,4,47.44
19433,6452,67,3,39.92
19434,6452,144,2,46.06
19435,6452,8,1,743.01
19436,6452,72,3,207.50
19437,6453,186,1,118.92
19438,6453,153,4,53.97
19439,6453,3,4,136.62
19440,6454,11,1,691.54
19441,6455,187,3,12.37
19442,6455,178,2,39.29
19443,6455,155,4,24.51
19444,6456,173,4,93.51
19445,6456,97,1,388.13
19446,6456,101,4,329.79
19447,6457,146,3,27.35
19448,6457,54,3,52.55
19449,6457,28,1,549.50
19450,6458,141,1,44.68
19451,6459,3,2,136.62
19452,6459,92,2,391.62
19453,6460,186,4,118.92
19454,6460,71,3,271.85
19455,6461,42,2,81.37
19456,6461,30,1,281.92
19457,6461,176,1,24.47
19458,6461,156,1,47.44
19459,6462,69,1,258.65
19460,6462,148,3,42.76
19461,6462,80,2,253.61
19462,6463,27,3,225.51
19463,6464,5,3,294.97
19464,6464,146,2,27.35
19465,6464,174,2,114.93
19466,6464,55,2,247.20
19467,6465,82,2,164.45
19468,6465,106,3,377.39
19469,6465,18,1,293.07
19470,6465,127,1,45.09
19471,6465,32,2,574.26
19472,6466,188,4,16.87
19473,6466,156,3,47.44
19474,6466,78,2,92.26
19475,6467,2,3,239.88
19476,6467,70,1,47.08
19477,6467,41,1,224.09
19478,6467,9,1,746.78
19479,6467,157,3,19.33
19480,6468,63,4,293.35
19481,6469,185,4,4.70
19482,6469,58,4,199.52
19483,6469,76,2,248.97
19484,6469,93,2,318.36
19485,6469,125,3,32.57
19486,6470,167,1,106.22
19487,6470,14,3,750.61
19488,6470,180,1,109.81
19489,6470,129,1,31.16
19490,6471,54,3,52.55
19491,6471,167,4,106.22
19492,6471,197,2,63.01
19493,6471,1,2,500.72
19494,6472,90,1,370.03
19495,6472,64,4,50.42
19496,6473,97,1,388.13
19497,6474,90,3,370.03
19498,6474,66,3,60.34
19499,6474,47,4,66.78
19500,6475,15,3,875.17
19501,6475,98,2,324.18
19502,6476,127,4,45.09
19503,6476,78,2,92.26
19504,6477,67,2,39.92
19505,6478,71,4,271.85
19506,6478,173,2,93.51
19507,6478,58,2,199.52
19508,6478,119,3,390.51
19509,6478,193,3,94.03
19510,6479,60,1,179.81
19511,6480,108,1,231.27
19512,6480,149,2,28.06
19513,6480,96,1,48.32
19514,6481,87,4,282.19
19515,6481,52,1,47.09
19516,6481,165,4,65.60
19517,6481,155,2,24.51
19518,6481,12,1,788.04
19519,6482,163,1,81.90
19520,6483,41,2,224.09
19521,6483,198,2,49.14
19522,6484,69,3,258.65
19523,6484,180,2,109.81
19524,6485,194,4,74.31
19525,6485,164,2,69.89
19526,6486,72,3,207.50
19527,6486,172,4,66.83
19528,6486,9,1,746.78
19529,6486,82,4,164.45
19530,6487,190,4,109.95
19531,6487,31,2,609.25
19532,6487,3,2,136.62
19533,6487,55,3,247.20
19534,6487,53,2,108.74
19535,6488,132,4,33.38
19536,6488,165,4,65.60
19537,6488,200,4,21.95
19538,6488,180,2,109.81
19539,6489,50,2,237.25
19540,6490,22,1,129.18
19541,6490,105,3,27.39
19542,6490,121,2,40.24
19543,6490,112,4,307.14
19544,6491,16,4,537.37
19545,6491,67,1,39.92
19546,6491,181,2,13.99
19547,6492,101,1,329.79
19548,6492,172,4,66.83
19549,6492,29,3,665.28
19550,6492,133,4,46.80
19551,6492,48,3,206.81
19552,6493,73,2,25.03
19553,6493,133,3,46.80
19554,6493,21,3,540.25
19555,6493,87,4,282.19
19556,6494,114,4,386.72
19557,6494,193,2,94.03
19558,6494,167,3,106.22
19559,6495,124,4,44.55
19560,6495,37,1,429.72
19561,6495,56,3,174.98
19562,6495,127,2,45.09
19563,6495,83,1,88.66
19564,6496,32,3,574.26
19565,6496,145,1,16.73
19566,6496,159,3,26.55
19567,6497,87,3,282.19
19568,6497,80,3,253.61
19569,6497,41,2,224.09
19570,6497,80,2,253.61
19571,6497,129,4,31.16
19572,6498,180,1,109.81
19573,6498,118,3,259.42
19574,6499,96,1,48.32
19575,6499,1,2,500.72
19576,6499,178,3,39.29
19577,6499,125,4,32.57
19578,6500,176,4,24.47
19579,6500,106,4,377.39
19580,6500,64,1,50.42
19581,6500,173,2,93.51
19582,6500,110,1,431.78
19583,6501,46,2,30.13
19584,6501,163,2,81.90
19585,6501,193,2,94.03
19586,6501,2,4,239.88
19587,6501,168,2,4.90
19588,6502,11,3,691.54
19589,6502,144,1,46.06
19590,6502,28,1,549.50
19591,6503,123,4,37.05
19592,6503,118,4,259.42
19593,6503,86,2,333.64
19594,6504,178,4,39.29
19595,6505,101,1,329.79
19596,6505,185,3,4.70
19597,6505,72,1,207.50
19598,6506,184,2,93.38
19599,6506,173,1,93.51
19600,6507,178,2,39.29
19601,6507,101,2,329.79
19602,6508,188,3,16.87
19603,6508,42,1,81.37
19604,6508,118,2,259.42
19605,6509,84,4,198.78
19606,6509,123,2,37.05
19607,6509,84,1,198.78
19608,6509,77,2,28.30
19609,6509,182,4,100.88
19610,6510,117,3,298.11
19611,6510,186,1,118.92
19612,6510,29,1,665.28
19613,6510,117,3,298.11
19614,6511,151,3,53.45
19615,6511,165,4,65.60
19616,6511,38,3,117.99
19617,6511,152,1,48.13
19618,6511,35,1,291.27
19619,6512,127,1,45.09
19620,6512,184,2,93.38
19621,6512,191,2,103.44
19622,6512,76,3,248.97
19623,6513,22,4,129.18
19624,6513,80,3,253.61
19625,6514,63,1,293.35
19626,6514,198,1,49.14
19627,6515,129,3,31.16
19628,6515,91,4,265.75
19629,6515,94,4,281.05
19630,6515,160,3,45.74
19631,6516,198,3,49.14
19632,6516,104,2,42.38
19633,6517,139,4,26.08
19634,6518,67,4,39.92
19635,6518,84,4,198.78
19636,6518,110,2,431.78
19637,6518,72,3,207.50
19638,6519,131,2,51.37
19639,6519,1,4,500.72
19640,6520,184,2,93.38
19641,6520,175,3,53.39
19642,6521,156,2,47.44
19643,6522,67,4,39.92
19644,6522,15,3,875.17
19645,6523,137,3,16.72
19646,6523,50,4,237.25
19647,6524,170,4,16.89
19648,6524,62,1,205.44
19649,6524,18,4,293.07
19650,6525,34,1,426.41
19651,6525,81,3,310.43
19652,6525,106,2,377.39
19653,6525,69,1,258.65
19654,6526,188,1,16.87
19655,6527,55,1,247.20
19656,6527,77,3,28.30
19657,6527,94,2,281.05
19658,6528,194,3,74.31
19659,6528,15,1,875.17
19660,6529,25,2,250.49
19661,6529,198,1,49.14
19662,6530,162,4,21.49
19663,6530,40,3,633.55
19664,6530,105,2,27.39
19665,6530,31,1,609.25
19666,6531,174,4,114.93
19667,6531,70,1,47.08
19668,6531,139,2,26.08
19669,6531,122,2,11.28
19670,6531,182,4,100.88
19671,6532,192,3,14.31
19672,6532,27,1,225.51
19673,6532,154,3,6.98
19674,6533,145,4,16.73
19675,6534,116,3,163.33
19676,6535,3,3,136.62
19677,6535,124,3,44.55
19678,6536,197,3,63.01
19679,6537,112,4,307.14
19680,6537,46,3,30.13
19681,6537,127,3,45.09
19682,6537,84,3,198.78
19683,6537,43,3,30.78
19684,6538,148,1,42.76
19685,6539,29,1,665.28
19686,6540,117,4,298.11
19687,6540,139,1,26.08
19688,6541,95,4,418.23
19689,6541,174,2,114.93
19690,6541,200,1,21.95
19691,6541,3,3,136.62
19692,6542,150,2,45.00
19693,6542,94,2,281.05
19694,6542,35,4,291.27
19695,6543,63,2,293.35
19696,6544,40,2,633.55
19697,6544,69,1,258.65
19698,6544,11,4,691.54
19699,6545,12,3,788.04
19700,6546,47,4,66.78
19701,6546,140,4,13.39
19702,6546,155,3,24.51
19703,6546,49,3,182.19
19704,6546,95,4,418.23
19705,6547,104,1,42.38
19706,6548,97,3,388.13
19707,6549,63,1,293.35
19708,6550,56,3,174.98
19709,6550,101,4,329.79
19710,6550,116,2,163.33
19711,6550,21,2,540.25
19712,6551,172,1,66.83
19713,6551,50,3,237.25
19714,6551,5,2,294.97
19715,6551,2,1,239.88
19716,6551,20,4,150.57
19717,6552,192,1,14.31
19718,6552,192,2,14.31
19719,6553,13,2,522.46
19720,6554,104,3,42.38
19721,6554,169,2,96.92
19722,6555,170,3,16.89
19723,6555,191,4,103.44
19724,6555,95,1,418.23
19725,6555,161,1,9.08
19726,6555,150,2,45.00
19727,6556,166,2,61.71
19728,6556,121,1,40.24
19729,6556,144,4,46.06
19730,6556,70,2,47.08
19731,6557,160,1,45.74
19732,6557,37,4,429.72
19733,6557,110,2,431.78
19734,6557,56,4,174.98
19735,6558,125,4,32.57
19736,6558,161,3,9.08
19737,6558,71,1,271.85
19738,6558,194,4,74.31
19739,6558,57,2,51.30
19740,6559,34,4,426.41
19741,6559,42,3,81.37
19742,6559,51,2,23.32
19743,6559,36,3,558.56
19744,6559,1,1,500.72
19745,6560,16,2,537.37
19746,6560,156,3,47.44
19747,6561,92,4,391.62
19748,6562,190,2,109.95
19749,6562,151,3,53.45
19750,6562,87,2,282.19
19751,6563,149,3,28.06
19752,6563,38,3,117.99
19753,6564,192,2,14.31
19754,6564,173,2,93.51
19755,6564,136,3,16.82
19756,6565,43,4,30.78
19757,6565,150,2,45.00
19758,6566,148,4,42.76
19759,6566,122,2,11.28
19760,6566,184,3,93.38
19761,6567,118,4,259.42
19762,6567,97,1,388.13
19763,6568,148,1,42.76
19764,6568,69,3,258.65
19765,6568,178,4,39.29
19766,6569,55,4,247.20
19767,6569,46,3,30.13
19768,6570,25,2,250.49
19769,6570,172,3,66.83
19770,6570,50,3,237.25
19771,6571,143,1,59.98
19772,6571,71,4,271.85
19773,6571,180,1,109.81
19774,6571,181,4,13.99
19775,6571,118,2,259.42
19776,6572,63,3,293.35
19777,6572,59,1,264.27
19778,6572,69,1,258.65
19779,6572,99,1,151.45
19780,6572,103,4,258.65
19781,6573,105,1,27.39
19782,6573,128,2,46.60
19783,6573,184,3,93.38
19784,6574,30,2,281.92
19785,6574,14,1,750.61
19786,6574,52,1,47.09
19787,6575,150,1,45.00
19788,6575,86,4,333.64
19789,6576,51,1,23.32
19790,6576,43,2,30.78
19791,6577,131,2,51.37
19792,6577,86,3,333.64
19793,6577,13,4,522.46
19794,6577,62,4,205.44
19795,6578,174,2,114.93
19796,6578,188,1,16.87
19797,6579,177,1,103.55
19798,6580,9,2,746.78
19799,6581,8,4,743.01
19800,6581,156,4,47.44
19801,6581,154,2,6.98
19802,6581,85,3,126.48
19803,6582,113,4,78.35
19804,6582,122,4,11.28
19805,6582,2,2,239.88
19806,6582,69,1,258.65
19807,6582,9,1,746.78
19808,6583,38,1,117.99
19809,6583,70,2,47.08
19810,6583,132,3,33.38
19811,6584,99,2,151.45
19812,6584,160,2,45.74
19813,6584,11,4,691.54
19814,6584,158,4,59.27
19815,6584,168,4,4.90
19816,6585,75,2,108.00
19817,6585,143,3,59.98
19818,6585,184,1,93.38
19819,6585,101,3,329.79
19820,6586,176,1,24.47
19821,6586,122,2,11.28
19822,6587,73,1,25.03
19823,6587,151,4,53.45
19824,6587,77,3,28.30
19825,6588,103,1,258.65
19826,6588,59,2,264.27
19827,6588,151,1,53.45
19828,6588,163,1,81.90
19829,6589,132,3,33.38
19830,6589,152,2,48.13
19831,6589,28,1,549.50
19832,6589,141,1,44.68
19833,6590,57,1,51.30
19834,6590,70,2,47.08
19835,6590,57,3,51.30
19836,6590,46,1,30.13
19837,6591,121,4,40.24
19838,6591,116,2,163.33
19839,6591,40,3,633.55
19840,6592,161,2,9.08
19841,6592,47,2,66.78
19842,6592,48,4,206.81
19843,6592,134,4,19.36
19844,6593,97,4,388.13
19845,6593,27,2,225.51
19846,6593,158,3,59.27
19847,6593,17,1,446.15
19848,6593,8,3,743.01
19849,6594,124,3,44.55
19850,6594,73,3,25.03
19851,6594,21,2,540.25
19852,6594,5,4,294.97
19853,6595,130,3,40.37
19854,6595,32,1,574.26
19855,6595,10,4,273.35
19856,6595,129,2,31.16
19857,6596,30,1,281.92
19858,6597,151,2,53.45
19859,6597,58,2,199.52
19860,6598,31,1,609.25
19861,6599,158,1,59.27
19862,6599,99,1,151.45
19863,6600,109,2,191.43
19864,6600,177,3,103.55
19865,6600,85,3,126.48
19866,6600,142,3,36.11
19867,6601,188,3,16.87
19868,6602,83,4,88.66
19869,6602,97,3,388.13
19870,6602,174,1,114.93
19871,6602,164,3,69.89
19872,6602,107,1,368.95
19873,6603,134,1,19.36
19874,6604,181,2,13.99
19875,6604,62,1,205.44
19876,6604,191,4,103.44
19877,6604,3,2,136.62
19878,6604,130,2,40.37
19879,6605,133,1,46.80
19880,6605,23,3,311.08
19881,6605,160,4,45.74
19882,6605,111,2,295.40
19883,6606,30,3,281.92
19884,6606,168,4,4.90
19885,6606,162,2,21.49
19886,6606,129,3,31.16
19887,6606,5,4,294.97
19888,6607,93,3,318.36
19889,6607,154,2,6.98
19890,6608,26,1,43.63
19891,6608,183,2,92.22
19892,6608,69,1,258.65
19893,6609,97,4,388.13
19894,6609,162,1,21.49
19895,6609,130,2,40.37
19896,6609,27,1,225.51
19897,6610,125,4,32.57
19898,6610,182,3,100.88
19899,6610,146,1,27.35
19900,6611,48,1,206.81
19901,6611,172,1,66.83
19902,6611,160,2,45.74
19903,6611,125,2,32.57
19904,6611,8,4,743.01
19905,6612,113,1,78.35
19906,6612,52,1,47.09
19907,6612,167,1,106.22
19908,6612,145,2,16.73
19909,6612,63,2,293.35
19910,6613,85,4,126.48
19911,6614,99,3,151.45
19912,6614,75,2,108.00
19913,6614,119,1,390.51
19914,6614,36,2,558.56
19915,6614,57,1,51.30
19916,6615,175,3,53.39
19917,6615,31,1,609.25
19918,6616,8,4,743.01
19919,6617,184,2,93.38
19920,6617,152,3,48.13
19921,6617,148,1,42.76
19922,6618,44,4,168.63
19923,6619,8,2,743.01
19924,6620,129,1,31.16
19925,6620,86,4,333.64
19926,6621,59,2,264.27
19927,6621,98,3,324.18
19928,6621,92,2,391.62
19929,6621,60,4,179.81
19930,6621,73,4,25.03
19931,6622,24,1,811.59
19932,6622,34,3,426.41
19933,6622,99,1,151.45
19934,6622,81,1,310.43
19935,6623,12,2,788.04
19936,6623,155,4,24.51
19937,6624,138,2,54.31
19938,6624,154,2,6.98
19939,6625,6,1,871.62
19940,6625,1,2,500.72
19941,6625,15,4,875.17
19942,6626,47,4,66.78
19943,6626,133,4,46.80
19944,6627,165,2,65.60
19945,6627,72,3,207.50
19946,6627,184,3,93.38
19947,6627,200,2,21.95
19948,6628,115,1,308.68
19949,6628,127,1,45.09
19950,6628,198,4,49.14
19951,6629,139,1,26.08
19952,6629,55,3,247.20
19953,6630,172,1,66.83
19954,6631,140,3,13.39
19955,6631,140,2,13.39
19956,6632,53,1,108.74
19957,6632,125,3,32.57
19958,6632,66,3,60.34
19959,6632,3,3,136.62
19960,6633,184,4,93.38
19961,6633,78,4,92.26
19962,6634,74,1,54.80
19963,6634,4,2,327.69
19964,6634,155,4,24.51
19965,6634,3,1,136.62
19966,6634,180,4,109.81
19967,6635,131,1,51.37
19968,6635,68,2,104.26
19969,6636,11,2,691.54
19970,6636,182,1,100.88
19971,6636,181,4,13.99
19972,6637,57,4,51.30
19973,6637,198,2,49.14
19974,6637,178,2,39.29
19975,6638,53,3,108.74
19976,6638,141,4,44.68
19977,6638,177,1,103.55
19978,6638,129,3,31.16
19979,6638,81,2,310.43
19980,6639,21,1,540.25
19981,6639,128,2,46.60
19982,6639,131,4,51.37
19983,6640,146,4,27.35
19984,6640,43,3,30.78
19985,6641,160,2,45.74
19986,6642,142,3,36.11
19987,6642,49,4,182.19
19988,6642,2,4,239.88
19989,6643,119,1,390.51
19990,6643,18,1,293.07
19991,6644,152,4,48.13
19992,6645,137,3,16.72
19993,6645,148,2,42.76
19994,6646,90,2,370.03
19995,6646,32,1,574.26
19996,6646,154,1,6.98
19997,6646,177,3,103.55
19998,6647,62,4,205.44
19999,6647,76,1,248.97
20000,6647,165,1,65.60
20001,6647,58,3,199.52
20002,6647,135,1,53.76
20003,6648,177,3,103.55
20004,6649,157,3,19.33
20005,6649,71,4,271.85
20006,6650,158,3,59.27
20007,6651,194,3,74.31
20008,6651,135,1,53.76
20009,6652,69,1,258.65
20010,6652,133,4,46.80
20011,6652,106,1,377.39
20012,6653,108,2,231.27
20013,6653,140,1,13.39
20014,6653,198,2,49.14
20015,6653,29,1,665.28
20016,6654,47,4,66.78
20017,6654,37,2,429.72
20018,6654,113,2,78.35
20019,6654,197,2,63.01
20020,6655,103,2,258.65
20021,6656,158,4,59.27
20022,6656,98,4,324.18
20023,6656,35,3,291.27
20024,6656,8,2,743.01
20025,6657,192,2,14.31
20026,6657,30,2,281.92
20027,6657,146,3,27.35
20028,6658,75,3,108.00
20029,6659,131,3,51.37
20030,6659,143,1,59.98
20031,6659,10,2,273.35
20032,6659,139,3,26.08
20033,6659,67,2,39.92
20034,6660,28,1,549.50
20035,6660,136,3,16.82
20036,6660,198,2,49.14
20037,6660,58,3,199.52
20038,6661,12,2,788.04
20039,6662,82,2,164.45
20040,6662,102,1,17.15
20041,6662,57,4,51.30
20042,6662,194,1,74.31
20043,6662,53,3,108.74
20044,6663,146,3,27.35
20045,6663,74,1,54.80
20046,6663,19,4,816.54
20047,6663,54,3,52.55
20048,6663,8,2,743.01
20049,6664,128,2,46.60
20050,6664,45,3,150.59
20051,6665,4,1,327.69
20052,6665,115,1,308.68
20053,6665,28,4,549.50
20054,6665,151,2,53.45
20055,6666,150,4,45.00
20056,6667,17,1,446.15
20057,6667,153,4,53.97
20058,6667,132,2,33.38
20059,6668,85,2,126.48
20060,6668,45,3,150.59
20061,6669,87,1,282.19
20062,6670,161,1,9.08
20063,6671,141,4,44.68
20064,6672,38,2,117.99
20065,6672,131,2,51.37
20066,6673,108,4,231.27
20067,6673,50,1,237.25
20068,6673,113,4,78.35
20069,6674,182,4,100.88
20070,6674,20,4,150.57
20071,6674,55,2,247.20
20072,6675,62,3,205.44
20073,6675,149,2,28.06
20074,6675,45,4,150.59
20075,6675,41,2,224.09
20076,6675,2,4,239.88
20077,6676,188,3,16.87
20078,6676,86,2,333.64
20079,6676,159,1,26.55
20080,6676,85,2,126.48
20081,6677,181,1,13.99
20082,6677,98,2,324.18
20083,6677,106,1,377.39
20084,6677,106,1,377.39
20085,6677,46,1,30.13
20086,6678,92,4,391.62
20087,6678,4,3,327.69
20088,6678,109,2,191.43
20089,6679,191,3,103.44
20090,6680,198,2,49.14
20091,6680,104,4,42.38
20092,6681,191,1,103.44
20093,6681,189,1,57.74
20094,6682,144,1,46.06
20095,6683,111,4,295.40
20096,6684,89,1,183.76
20097,6685,123,2,37.05
20098,6685,127,4,45.09
20099,6686,35,3,291.27
20100,6686,23,1,311.08
20101,6686,129,3,31.16
20102,6687,117,4,298.11
20103,6688,47,4,66.78
20104,6688,74,2,54.80
20105,6688,62,2,205.44
20106,6689,31,1,609.25
20107,6689,106,2,377.39
20108,6689,5,4,294.97
20109,6689,118,3,259.42
20110,6690,73,4,25.03
20111,6691,110,4,431.78
20112,6692,130,2,40.37
20113,6692,59,4,264.27
20114,6692,144,2,46.06
20115,6693,90,4,370.03
20116,6693,128,4,46.60
20117,6693,123,4,37.05
20118,6693,144,4,46.06
20119,6694,20,2,150.57
20120,6694,63,3,293.35
20121,6694,121,2,40.24
20122,6694,63,3,293.35
20123,6695,14,4,750.61
20124,6696,116,1,163.33
20125,6696,32,3,574.26
20126,6696,11,2,691.54
20127,6696,81,1,310.43
20128,6696,59,3,264.27
20129,6697,62,2,205.44
20130,6697,172,1,66.83
20131,6698,153,4,53.97
20132,6698,65,3,153.24
20133,6698,132,4,33.38
20134,6698,113,2,78.35
20135,6698,86,1,333.64
20136,6699,136,2,16.82
20137,6699,104,4,42.38
20138,6699,114,3,386.72
20139,6699,183,3,92.22
20140,6699,100,4,86.91
20141,6700,3,1,136.62
20142,6700,148,4,42.76
20143,6700,175,1,53.39
20144,6700,19,1,816.54
20145,6701,26,2,43.63
20146,6702,166,2,61.71
20147,6702,140,1,13.39
20148,6702,103,2,258.65
20149,6703,54,2,52.55
20150,6704,139,4,26.08
20151,6704,181,4,13.99
20152,6704,87,3,282.19
20153,6705,193,2,94.03
20154,6705,87,1,282.19
20155,6706,152,4,48.13
20156,6707,189,2,57.74
20157,6708,192,2,14.31
20158,6709,146,3,27.35
20159,6709,136,1,16.82
20160,6710,109,2,191.43
20161,6710,130,3,40.37
20162,6711,134,2,19.36
20163,6711,163,2,81.90
20164,6711,178,1,39.29
20165,6711,51,1,23.32
20166,6711,113,2,78.35
20167,6712,175,2,53.39
20168,6713,21,3,540.25
20169,6713,32,1,574.26
20170,6713,56,3,174.98
20171,6713,132,2,33.38
20172,6713,60,2,179.81
20173,6714,9,2,746.78
20174,6714,149,1,28.06
20175,6714,57,2,51.30
20176,6714,119,1,390.51
20177,6714,86,1,333.64
20178,6715,164,3,69.89
20179,6715,169,4,96.92
20180,6716,184,3,93.38
20181,6717,63,4,293.35
20182,6718,177,4,103.55
20183,6719,27,4,225.51
20184,6719,65,3,153.24
20185,6719,86,2,333.64
20186,6719,126,3,25.37
20187,6719,70,3,47.08
20188,6720,3,1,136.62
20189,6720,164,1,69.89
20190,6721,98,1,324.18
20191,6721,28,4,549.50
20192,6721,139,2,26.08
20193,6721,42,3,81.37
20194,6721,141,4,44.68
20195,6722,119,1,390.51
20196,6722,132,1,33.38
20197,6722,82,4,164.45
20198,6722,71,2,271.85
20199,6722,114,1,386.72
20200,6723,159,2,26.55
20201,6724,108,1,231.27
20202,6725,54,1,52.55
20203,6726,117,1,298.11
20204,6727,163,4,81.90
20205,6727,69,4,258.65
20206,6727,4,1,327.69
20207,6728,195,4,97.24
20208,6728,174,1,114.93
20209,6729,192,1,14.31
20210,6729,65,2,153.24
20211,6729,156,3,47.44
20212,6729,197,1,63.01
20213,6729,118,2,259.42
20214,6730,98,4,324.18
20215,6730,56,4,174.98
20216,6730,57,3,51.30
20217,6730,89,2,183.76
20218,6731,60,4,179.81
20219,6731,9,2,746.78
20220,6731,45,1,150.59
20221,6732,107,2,368.95
20222,6732,39,4,380.34
20223,6732,85,1,126.48
20224,6733,42,3,81.37
20225,6733,86,1,333.64
20226,6733,100,1,86.91
20227,6734,106,2,377.39
20228,6734,15,1,875.17
20229,6734,46,4,30.13
20230,6734,109,3,191.43
20231,6735,87,1,282.19
20232,6735,187,2,12.37
20233,6735,137,3,16.72
20234,6735,115,3,308.68
20235,6735,200,4,21.95
20236,6736,86,4,333.64
20237,6736,97,2,388.13
20238,6736,151,3,53.45
20239,6736,162,2,21.49
20240,6736,44,1,168.63
20241,6737,117,3,298.11
20242,6737,138,1,54.31
20243,6737,149,2,28.06
20244,6738,151,1,53.45
20245,6738,67,2,39.92
20246,6738,93,2,318.36
20247,6738,17,3,446.15
20248,6738,2,2,239.88
20249,6739,131,1,51.37
20250,6739,6,2,871.62
20251,6739,36,3,558.56
20252,6739,5,3,294.97
20253,6739,79,4,233.68
20254,6740,111,2,295.40
20255,6741,188,1,16.87
20256,6741,71,1,271.85
20257,6741,8,1,743.01
20258,6741,9,2,746.78
20259,6741,115,3,308.68
20260,6742,50,4,237.25
20261,6742,10,3,273.35
20262,6742,145,4,16.73
20263,6742,84,1,198.78
20264,6743,91,4,265.75
20265,6743,152,2,48.13
20266,6743,128,4,46.60
20267,6743,55,1,247.20
20268,6743,19,1,816.54
20269,6744,48,1,206.81
20270,6744,170,2,16.89
20271,6744,18,1,293.07
20272,6745,35,3,291.27
20273,6745,136,3,16.82
20274,6745,11,3,691.54
20275,6746,192,2,14.31
20276,6746,81,2,310.43
20277,6747,68,4,104.26
20278,6748,121,1,40.24
20279,6749,153,4,53.97
20280,6750,119,4,390.51
20281,6750,122,1,11.28
20282,6751,170,4,16.89
20283,6752,30,2,281.92
20284,6752,71,1,271.85
20285,6752,63,4,293.35
20286,6753,42,4,81.37
20287,6753,117,1,298.11
20288,6753,191,1,103.44
20289,6753,154,4,6.98
20290,6754,17,3,446.15
20291,6754,67,4,39.92
20292,6754,81,4,310.43
20293,6754,36,3,558.56
20294,6754,141,3,44.68
20295,6755,100,2,86.91
20296,6755,133,1,46.80
20297,6755,1,3,500.72
20298,6756,75,1,108.00
20299,6756,75,1,108.00
20300,6756,21,2,540.25
20301,6756,170,2,16.89
20302,6756,185,2,4.70
20303,6757,114,3,386.72
20304,6758,62,4,205.44
20305,6758,156,1,47.44
20306,6759,195,1,97.24
20307,6759,159,1,26.55
20308,6759,78,4,92.26
20309,6759,94,2,281.05
20310,6759,146,4,27.35
20311,6760,23,1,311.08
20312,6761,152,2,48.13
20313,6761,73,1,25.03
20314,6762,52,3,47.09
20315,6762,48,4,206.81
20316,6762,124,3,44.55
20317,6763,137,2,16.72
20318,6763,13,3,522.46
20319,6764,3,3,136.62
20320,6764,134,1,19.36
20321,6764,42,4,81.37
20322,6764,67,4,39.92
20323,6765,136,2,16.82
20324,6765,124,2,44.55
20325,6766,121,2,40.24
20326,6767,48,2,206.81
20327,6767,57,3,51.30
20328,6768,160,2,45.74
20329,6769,193,3,94.03
20330,6769,95,2,418.23
20331,6769,111,3,295.40
20332,6770,65,3,153.24
20333,6770,78,3,92.26
20334,6770,81,3,310.43
20335,6770,149,1,28.06
20336,6771,124,4,44.55
20337,6772,8,4,743.01
20338,6772,105,3,27.39
20339,6772,67,2,39.92
20340,6772,6,3,871.62
20341,6772,94,1,281.05
20342,6773,89,1,183.76
20343,6773,31,2,609.25
20344,6773,109,3,191.43
20345,6774,122,3,11.28
20346,6774,125,1,32.57
20347,6774,167,1,106.22
20348,6775,39,4,380.34
20349,6775,103,3,258.65
20350,6775,29,3,665.28
20351,6776,41,3,224.09
20352,6776,144,1,46.06
20353,6776,182,3,100.88
20354,6777,106,4,377.39
20355,6778,125,3,32.57
20356,6778,89,1,183.76
20357,6778,16,4,537.37
20358,6778,194,1,74.31
20359,6778,16,2,537.37
20360,6779,100,1,86.91
20361,6779,164,1,69.89
20362,6779,131,4,51.37
20363,6779,159,1,26.55
20364,6779,28,4,549.50
20365,6780,141,2,44.68
20366,6780,114,3,386.72
20367,6780,86,1,333.64
20368,6780,151,1,53.45
20369,6780,32,4,574.26
20370,6781,117,4,298.11
20371,6781,41,4,224.09
20372,6781,160,3,45.74
20373,6782,67,3,39.92
20374,6783,192,1,14.31
20375,6784,134,1,19.36
20376,6784,79,4,233.68
20377,6784,75,4,108.00
20378,6784,187,4,12.37
20379,6784,181,4,13.99
20380,6785,16,1,537.37
20381,6786,114,4,386.72
20382,6786,75,4,108.00
20383,6786,125,3,32.57
20384,6786,83,3,88.66
20385,6786,190,1,109.95
20386,6787,8,4,743.01
20387,6787,189,4,57.74
20388,6788,40,4,633.55
20389,6788,110,3,431.78
20390,6788,53,3,108.74
20391,6788,151,2,53.45
20392,6789,112,2,307.14
20393,6789,80,1,253.61
20394,6790,68,3,104.26
20395,6791,187,2,12.37
20396,6791,73,4,25.03
20397,6791,15,1,875.17
20398,6791,107,1,368.95
20399,6792,122,1,11.28
20400,6792,176,4,24.47
20401,6792,63,2,293.35
20402,6792,60,3,179.81
20403,6793,190,1,109.95
20404,6793,123,2,37.05
20405,6793,6,4,871.62
20406,6794,41,2,224.09
20407,6794,12,4,788.04
20408,6794,104,2,42.38
20409,6794,12,4,788.04
20410,6795,172,1,66.83
20411,6795,36,4,558.56
20412,6795,20,4,150.57
20413,6796,75,1,108.00
20414,6796,74,1,54.80
20415,6796,136,3,16.82
20416,6797,50,3,237.25
20417,6797,49,3,182.19
20418,6798,142,4,36.11
20419,6798,191,2,103.44
20420,6798,112,4,307.14
20421,6799,190,4,109.95
20422,6799,36,1,558.56
20423,6800,55,4,247.20
20424,6800,185,4,4.70
20425,6800,67,2,39.92
20426,6801,89,4,183.76
20427,6802,53,1,108.74
20428,6802,174,2,114.93
20429,6802,32,3,574.26
20430,6802,138,4,54.31
20431,6803,51,3,23.32
20432,6803,127,2,45.09
20433,6803,10,3,273.35
20434,6804,22,2,129.18
20435,6804,142,1,36.11
20436,6804,53,2,108.74
20437,6804,157,1,19.33
20438,6805,91,3,265.75
20439,6805,9,3,746.78
20440,6805,4,1,327.69
20441,6805,12,1,788.04
20442,6805,113,4,78.35
20443,6806,69,2,258.65
20444,6806,164,3,69.89
20445,6806,68,4,104.26
20446,6806,104,2,42.38
20447,6806,23,1,311.08
20448,6807,46,4,30.13
20449,6807,43,3,30.78
20450,6807,94,2,281.05
20451,6807,177,1,103.55
20452,6807,90,4,370.03
20453,6808,160,2,45.74
20454,6808,74,1,54.80
20455,6808,76,3,248.97
20456,6809,141,4,44.68
20457,6809,143,2,59.98
20458,6809,60,1,179.81
20459,6809,164,3,69.89
20460,6809,93,1,318.36
20461,6810,173,4,93.51
20462,6811,25,1,250.49
20463,6811,142,3,36.11
20464,6811,17,3,446.15
20465,6811,13,1,522.46
20466,6811,69,4,258.65
20467,6812,77,4,28.30
20468,6812,27,2,225.51
20469,6812,133,2,46.80
20470,6813,26,4,43.63
20471,6813,28,4,549.50
20472,6813,140,3,13.39
20473,6814,106,1,377.39
20474,6814,11,3,691.54
20475,6814,157,1,19.33
20476,6814,110,4,431.78
20477,6814,181,3,13.99
20478,6815,167,1,106.22
20479,6815,123,4,37.05
20480,6815,179,3,29.88
20481,6815,126,3,25.37
20482,6816,163,3,81.90
20483,6816,37,3,429.72
20484,6817,177,2,103.55
20485,6817,112,3,307.14
20486,6817,149,2,28.06
20487,6817,150,3,45.00
20488,6817,142,3,36.11
20489,6818,75,2,108.00
20490,6818,155,4,24.51
20491,6818,129,1,31.16
20492,6818,174,2,114.93
20493,6818,5,3,294.97
20494,6819,28,4,549.50
20495,6819,164,3,69.89
20496,6819,42,3,81.37
20497,6819,37,1,429.72
20498,6819,26,1,43.63
20499,6820,43,3,30.78
20500,6820,146,2,27.35
20501,6820,2,3,239.88
20502,6820,8,3,743.01
20503,6820,96,3,48.32
20504,6821,163,4,81.90
20505,6821,165,2,65.60
20506,6821,185,1,4.70
20507,6821,36,2,558.56
20508,6821,137,2,16.72
20509,6822,63,3,293.35
20510,6822,9,1,746.78
20511,6823,32,2,574.26
20512,6823,140,3,13.39
20513,6824,17,2,446.15
20514,6824,41,2,224.09
20515,6824,100,2,86.91
20516,6825,76,4,248.97
20517,6825,76,1,248.97
20518,6825,146,3,27.35
20519,6825,194,2,74.31
20520,6825,135,2,53.76
20521,6826,121,4,40.24
20522,6827,111,1,295.40
20523,6828,72,1,207.50
20524,6828,150,2,45.00
20525,6828,44,3,168.63
20526,6828,83,2,88.66
20527,6829,121,4,40.24
20528,6829,179,4,29.88
20529,6830,75,4,108.00
20530,6830,107,4,368.95
20531,6830,184,2,93.38
20532,6830,139,3,26.08
20533,6830,48,1,206.81
20534,6831,159,4,26.55
20535,6831,77,2,28.30
20536,6831,60,1,179.81
20537,6832,29,2,665.28
20538,6832,148,3,42.76
20539,6832,58,2,199.52
20540,6832,28,1,549.50
20541,6833,80,4,253.61
20542,6833,197,4,63.01
20543,6833,143,3,59.98
20544,6833,128,4,46.60
20545,6834,78,2,92.26
20546,6834,52,3,47.09
20547,6834,189,2,57.74
20548,6834,83,2,88.66
20549,6834,47,3,66.78
20550,6835,125,4,32.57
20551,6835,139,2,26.08
20552,6835,86,4,333.64
20553,6835,73,1,25.03
20554,6835,180,2,109.81
20555,6836,126,4,25.37
20556,6836,104,2,42.38
20557,6836,143,1,59.98
20558,6836,57,2,51.30
20559,6836,109,2,191.43
20560,6837,45,3,150.59
20561,6837,158,3,59.27
20562,6838,143,4,59.98
20563,6839,27,2,225.51
20564,6839,81,1,310.43
20565,6840,16,4,537.37
20566,6840,101,1,329.79
20567,6840,184,3,93.38
20568,6840,93,1,318.36
20569,6841,156,2,47.44
20570,6841,3,4,136.62
20571,6841,117,1,298.11
20572,6841,181,2,13.99
20573,6842,187,2,12.37
20574,6842,151,4,53.45
20575,6842,62,1,205.44
20576,6842,16,2,537.37
20577,6843,15,3,875.17
20578,6843,107,3,368.95
20579,6844,19,3,816.54
20580,6844,108,1,231.27
20581,6845,91,1,265.75
20582,6846,173,4,93.51
20583,6846,47,4,66.78
20584,6846,112,2,307.14
20585,6846,8,4,743.01
20586,6846,193,2,94.03
20587,6847,13,4,522.46
20588,6847,34,4,426.41
20589,6847,5,1,294.97
20590,6847,133,4,46.80
20591,6848,76,3,248.97
20592,6848,3,2,136.62
20593,6848,41,1,224.09
20594,6848,182,2,100.88
20595,6848,193,2,94.03
20596,6849,72,1,207.50
20597,6849,6,3,871.62
20598,6849,169,2,96.92
20599,6849,136,3,16.82
20600,6850,44,3,168.63
20601,6850,54,1,52.55
20602,6851,73,1,25.03
20603,6851,164,1,69.89
20604,6852,114,2,386.72
20605,6852,47,2,66.78
20606,6852,73,4,25.03
20607,6852,200,1,21.95
20608,6853,122,2,11.28
20609,6853,72,1,207.50
20610,6853,166,2,61.71
20611,6854,31,2,609.25
20612,6854,82,4,164.45
20613,6854,178,3,39.29
20614,6855,15,2,875.17
20615,6855,170,3,16.89
20616,6856,116,1,163.33
20617,6856,178,3,39.29
20618,6856,36,1,558.56
20619,6857,51,2,23.32
20620,6857,94,2,281.05
20621,6857,182,1,100.88
20622,6857,1,1,500.72
20623,6858,192,3,14.31
20624,6858,43,3,30.78
20625,6858,160,4,45.74
20626,6858,191,2,103.44
20627,6858,95,4,418.23
20628,6859,56,1,174.98
20629,6859,154,1,6.98
20630,6859,180,1,109.81
20631,6860,173,1,93.51
20632,6860,163,4,81.90
20633,6860,19,3,816.54
20634,6860,43,4,30.78
20635,6860,73,3,25.03
20636,6861,86,1,333.64
20637,6861,41,2,224.09
20638,6861,170,3,16.89
20639,6861,111,3,295.40
20640,6862,166,2,61.71
20641,6862,141,4,44.68
20642,6863,105,4,27.39
20643,6863,47,3,66.78
20644,6863,160,3,45.74
20645,6863,148,3,42.76
20646,6864,73,4,25.03
20647,6865,135,2,53.76
20648,6865,18,1,293.07
20649,6866,121,3,40.24
20650,6866,165,2,65.60
20651,6866,100,4,86.91
20652,6866,149,4,28.06
20653,6867,91,4,265.75
20654,6867,31,2,609.25
20655,6867,165,1,65.60
20656,6868,83,4,88.66
20657,6868,186,4,118.92
20658,6868,8,3,743.01
20659,6868,16,1,537.37
20660,6869,54,4,52.55
20661,6869,115,4,308.68
20662,6869,164,1,69.89
20663,6869,149,2,28.06
20664,6870,141,3,44.68
20665,6870,128,2,46.60
20666,6870,84,2,198.78
20667,6870,119,4,390.51
20668,6870,27,2,225.51
20669,6871,95,4,418.23
20670,6872,98,2,324.18
20671,6872,30,3,281.92
20672,6872,155,3,24.51
20673,6873,62,2,205.44
20674,6873,73,1,25.03
20675,6873,176,3,24.47
20676,6874,118,1,259.42
20677,6874,47,2,66.78
20678,6875,63,3,293.35
20679,6875,188,2,16.87
20680,6875,40,4,633.55
20681,6876,91,2,265.75
20682,6876,163,2,81.90
20683,6876,187,4,12.37
20684,6877,10,1,273.35
20685,6877,32,1,574.26
20686,6877,96,2,48.32
20687,6878,140,2,13.39
20688,6879,111,1,295.40
20689,6879,108,2,231.27
20690,6879,86,2,333.64
20691,6879,11,1,691.54
20692,6880,95,4,418.23
20693,6880,35,2,291.27
20694,6881,72,2,207.50
20695,6881,70,1,47.08
20696,6881,164,3,69.89
20697,6881,23,2,311.08
20698,6882,38,1,117.99
20699,6882,193,1,94.03
20700,6883,169,4,96.92
20701,6883,60,4,179.81
20702,6883,176,1,24.47
20703,6883,96,1,48.32
20704,6884,125,3,32.57
20705,6884,42,2,81.37
20706,6884,197,1,63.01
20707,6884,96,1,48.32
20708,6885,129,3,31.16
20709,6886,28,4,549.50
20710,6886,47,4,66.78
20711,6887,41,4,224.09
20712,6887,48,4,206.81
20713,6887,162,1,21.49
20714,6887,68,3,104.26
20715,6887,170,3,16.89
20716,6888,114,1,386.72
20717,6888,168,1,4.90
20718,6889,66,3,60.34
20719,6889,117,2,298.11
20720,6889,113,2,78.35
20721,6889,12,3,788.04
20722,6889,159,4,26.55
20723,6890,117,4,298.11
20724,6890,67,3,39.92
20725,6890,90,4,370.03
20726,6890,164,1,69.89
20727,6891,141,2,44.68
20728,6891,190,3,109.95
20729,6892,47,2,66.78
20730,6893,101,3,329.79
20731,6893,64,2,50.42
20732,6893,164,3,69.89
20733,6894,110,4,431.78
20734,6894,169,1,96.92
20735,6895,29,2,665.28
20736,6895,104,4,42.38
20737,6895,45,1,150.59
20738,6895,193,1,94.03
20739,6896,40,4,633.55
20740,6897,62,4,205.44
20741,6897,37,1,429.72
20742,6897,39,2,380.34
20743,6897,41,2,224.09
20744,6897,81,1,310.43
20745,6898,66,2,60.34
20746,6898,69,3,258.65
20747,6898,167,4,106.22
20748,6898,178,1,39.29
20749,6898,160,3,45.74
20750,6899,68,4,104.26
20751,6899,27,3,225.51
20752,6899,18,1,293.07
20753,6899,163,1,81.90
20754,6900,95,4,418.23
20755,6901,38,2,117.99
20756,6901,133,1,46.80
20757,6901,135,1,53.76
20758,6901,188,2,16.87
20759,6902,10,2,273.35
20760,6902,57,3,51.30
20761,6902,169,3,96.92
20762,6902,113,1,78.35
20763,6903,15,2,875.17
20764,6903,85,4,126.48
20765,6903,94,4,281.05
20766,6903,37,1,429.72
20767,6903,103,3,258.65
20768,6904,26,1,43.63
20769,6904,129,1,31.16
20770,6905,138,4,54.31
20771,6905,34,2,426.41
20772,6905,156,2,47.44
20773,6905,82,1,164.45
20774,6905,74,1,54.80
20775,6906,106,2,377.39
20776,6907,193,4,94.03
20777,6907,144,4,46.06
20778,6907,168,1,4.90
20779,6907,32,2,574.26
20780,6908,172,4,66.83
20781,6908,72,3,207.50
20782,6908,84,4,198.78
20783,6908,6,3,871.62
20784,6908,1,4,500.72
20785,6909,18,2,293.07
20786,6909,46,4,30.13
20787,6909,57,3,51.30
20788,6909,192,4,14.31
20789,6909,142,2,36.11
20790,6910,185,3,4.70
20791,6910,197,1,63.01
20792,6910,66,1,60.34
20793,6910,93,1,318.36
20794,6911,157,4,19.33
20795,6911,166,1,61.71
20796,6912,60,2,179.81
20797,6912,48,4,206.81
20798,6913,154,1,6.98
20799,6913,63,2,293.35
20800,6913,80,1,253.61
20801,6914,143,3,59.98
20802,6914,72,3,207.50
20803,6914,175,1,53.39
20804,6914,155,3,24.51
20805,6915,1,3,500.72
20806,6915,83,1,88.66
20807,6915,45,1,150.59
20808,6915,47,2,66.78
20809,6916,2,2,239.88
20810,6916,125,1,32.57
20811,6916,38,2,117.99
20812,6916,135,1,53.76
20813,6917,193,3,94.03
20814,6917,13,2,522.46
20815,6918,86,2,333.64
20816,6918,28,4,549.50
20817,6918,127,1,45.09
20818,6919,64,4,50.42
20819,6919,129,2,31.16
20820,6919,62,1,205.44
20821,6919,170,4,16.89
20822,6919,152,3,48.13
20823,6920,149,1,28.06
20824,6920,41,3,224.09
20825,6920,24,2,811.59
20826,6921,38,3,117.99
20827,6921,81,4,310.43
20828,6921,167,4,106.22
20829,6921,146,4,27.35
20830,6921,183,2,92.22
20831,6922,143,2,59.98
20832,6922,172,3,66.83
20833,6923,156,2,47.44
20834,6923,75,4,108.00
20835,6923,192,3,14.31
20836,6924,69,1,258.65
20837,6924,97,3,388.13
20838,6924,38,4,117.99
20839,6924,59,2,264.27
20840,6924,8,1,743.01
20841,6925,136,2,16.82
20842,6925,85,2,126.48
20843,6926,43,2,30.78
20844,6926,175,1,53.39
20845,6926,145,2,16.73
20846,6926,45,2,150.59
20847,6927,71,4,271.85
20848,6927,1,1,500.72
20849,6927,41,3,224.09
20850,6927,113,4,78.35
20851,6927,46,2,30.13
20852,6928,119,4,390.51
20853,6928,76,3,248.97
20854,6928,68,3,104.26
20855,6929,20,4,150.57
20856,6929,30,2,281.92
20857,6929,187,1,12.37
20858,6929,177,2,103.55
20859,6930,28,4,549.50
20860,6930,157,3,19.33
20861,6930,73,3,25.03
20862,6930,24,2,811.59
20863,6931,157,4,19.33
20864,6932,58,2,199.52
20865,6933,125,1,32.57
20866,6933,184,2,93.38
20867,6933,47,4,66.78
20868,6933,50,4,237.25
20869,6934,60,3,179.81
20870,6934,130,4,40.37
20871,6934,161,2,9.08
20872,6935,141,4,44.68
20873,6936,76,3,248.97
20874,6936,107,2,368.95
20875,6936,5,1,294.97
20876,6937,76,2,248.97
20877,6937,8,1,743.01
20878,6937,65,3,153.24
20879,6937,198,1,49.14
20880,6938,38,1,117.99
20881,6938,158,3,59.27
20882,6938,197,1,63.01
20883,6938,9,2,746.78
20884,6939,137,2,16.72
20885,6939,6,2,871.62
20886,6939,35,4,291.27
20887,6939,26,4,43.63
20888,6939,86,2,333.64
20889,6940,47,1,66.78
20890,6940,77,1,28.30
20891,6940,8,3,743.01
20892,6940,4,2,327.69
20893,6940,134,1,19.36
20894,6941,157,3,19.33
20895,6941,123,1,37.05
20896,6942,154,1,6.98
20897,6942,186,4,118.92
20898,6943,169,1,96.92
20899,6944,122,2,11.28
20900,6944,132,1,33.38
20901,6944,119,2,390.51
20902,6944,11,3,691.54
20903,6944,196,2,66.42
20904,6945,133,2,46.80
20905,6945,73,4,25.03
20906,6945,13,3,522.46
20907,6945,193,3,94.03
20908,6946,90,4,370.03
20909,6947,47,1,66.78
20910,6947,169,2,96.92
20911,6947,24,4,811.59
20912,6948,73,4,25.03
20913,6948,114,4,386.72
20914,6948,42,1,81.37
20915,6949,162,1,21.49
20916,6949,185,4,4.70
20917,6950,145,4,16.73
20918,6951,99,1,151.45
20919,6951,22,4,129.18
20920,6951,182,4,100.88
20921,6952,5,4,294.97
20922,6952,145,2,16.73
20923,6953,13,3,522.46
20924,6953,126,3,25.37
20925,6953,150,3,45.00
20926,6953,189,1,57.74
20927,6954,106,2,377.39
20928,6954,165,3,65.60
20929,6954,38,2,117.99
20930,6954,192,1,14.31
20931,6954,133,3,46.80
20932,6955,168,4,4.90
20933,6956,93,1,318.36
20934,6956,146,4,27.35
20935,6956,160,1,45.74
20936,6956,187,2,12.37
20937,6957,197,1,63.01
20938,6957,41,4,224.09
20939,6957,140,2,13.39
20940,6957,45,1,150.59
20941,6957,6,3,871.62
20942,6958,41,1,224.09
20943,6958,1,3,500.72
20944,6958,86,3,333.64
20945,6959,148,3,42.76
20946,6960,58,2,199.52
20947,6960,185,1,4.70
20948,6960,47,2,66.78
20949,6960,98,2,324.18
20950,6961,56,4,174.98
20951,6961,174,1,114.93
20952,6961,47,3,66.78
20953,6962,2,3,239.88
20954,6962,126,1,25.37
20955,6963,70,4,47.08
20956,6963,163,1,81.90
20957,6964,43,1,30.78
20958,6965,134,3,19.36
20959,6966,22,4,129.18
20960,6966,112,1,307.14
20961,6966,197,4,63.01
20962,6966,174,2,114.93
20963,6967,20,1,150.57
20964,6968,74,2,54.80
20965,6969,148,4,42.76
20966,6969,195,3,97.24
20967,6969,90,1,370.03
20968,6970,13,2,522.46
20969,6970,65,3,153.24
20970,6970,152,4,48.13
20971,6970,112,4,307.14
20972,6971,1,4,500.72
20973,6972,136,3,16.82
20974,6972,185,1,4.70
20975,6972,5,4,294.97
20976,6972,126,2,25.37
20977,6973,14,3,750.61
20978,6973,69,3,258.65
20979,6973,148,2,42.76
20980,6973,36,3,558.56
20981,6973,177,1,103.55
20982,6974,10,4,273.35
20983,6974,167,4,106.22
20984,6975,14,4,750.61
20985,6975,106,2,377.39
20986,6975,36,4,558.56
20987,6975,113,1,78.35
20988,6976,103,3,258.65
20989,6976,59,2,264.27
20990,6976,59,3,264.27
20991,6976,98,1,324.18
20992,6976,182,1,100.88
20993,6977,191,3,103.44
20994,6977,139,2,26.08
20995,6977,149,3,28.06
20996,6978,154,4,6.98
20997,6979,99,1,151.45
20998,6979,34,2,426.41
20999,6979,69,4,258.65
21000,6979,3,4,136.62
21001,6979,189,3,57.74
21002,6980,133,2,46.80
21003,6980,74,1,54.80
21004,6980,47,2,66.78
21005,6980,105,2,27.39
21006,6980,50,2,237.25
21007,6981,109,2,191.43
21008,6981,62,3,205.44
21009,6981,90,2,370.03
21010,6981,24,4,811.59
21011,6982,81,3,310.43
21012,6983,180,3,109.81
21013,6983,156,4,47.44
21014,6983,197,3,63.01
21015,6983,178,4,39.29
21016,6984,65,1,153.24
21017,6984,181,4,13.99
21018,6985,113,2,78.35
21019,6986,153,2,53.97
21020,6987,157,2,19.33
21021,6988,184,1,93.38
21022,6988,40,1,633.55
21023,6988,172,2,66.83
21024,6989,1,3,500.72
21025,6989,168,3,4.90
21026,6989,85,1,126.48
21027,6989,104,4,42.38
21028,6989,155,1,24.51
21029,6990,47,3,66.78
21030,6990,46,1,30.13
21031,6990,17,2,446.15
21032,6991,148,4,42.76
21033,6991,37,3,429.72
21034,6991,156,3,47.44
21035,6991,112,2,307.14
21036,6992,118,2,259.42
21037,6992,152,1,48.13
21038,6993,134,4,19.36
21039,6993,62,4,205.44
21040,6993,99,4,151.45
21041,6993,96,4,48.32
21042,6994,131,2,51.37
21043,6994,92,3,391.62
21044,6994,44,2,168.63
21045,6994,146,2,27.35
21046,6994,103,3,258.65
21047,6995,19,3,816.54
21048,6995,37,2,429.72
21049,6995,11,4,691.54
21050,6995,10,3,273.35
21051,6995,35,2,291.27
21052,6996,109,1,191.43
21053,6997,99,2,151.45
21054,6997,127,4,45.09
21055,6997,41,2,224.09
21056,6997,163,1,81.90
21057,6998,129,4,31.16
21058,6998,121,4,40.24
21059,6998,145,1,16.73
21060,6999,185,2,4.70
21061,6999,46,4,30.13
21062,7000,136,1,16.82
21063,7001,166,4,61.71
21064,7001,154,1,6.98
21065,7002,191,2,103.44
21066,7002,52,4,47.09
21067,7002,165,4,65.60
21068,7002,133,1,46.80
21069,7002,187,2,12.37
21070,7003,144,3,46.06
21071,7003,21,1,540.25
21072,7003,70,3,47.08
21073,7003,54,4,52.55
21074,7004,97,1,388.13
21075,7004,159,4,26.55
21076,7004,178,2,39.29
21077,7004,73,1,25.03
21078,7005,111,2,295.40
21079,7005,79,1,233.68
21080,7005,145,1,16.73
21081,7006,164,1,69.89
21082,7006,123,3,37.05
21083,7006,177,4,103.55
21084,7007,56,2,174.98
21085,7008,106,4,377.39
21086,7009,65,4,153.24
21087,7009,84,2,198.78
21088,7009,112,3,307.14
21089,7009,170,1,16.89
21090,7009,63,4,293.35
21091,7010,114,2,386.72
21092,7010,125,2,32.57
21093,7010,162,3,21.49
21094,7010,16,2,537.37
21095,7010,12,1,788.04
21096,7011,146,3,27.35
21097,7011,74,2,54.80
21098,7012,179,4,29.88
21099,7012,198,4,49.14
21100,7013,185,1,4.70
21101,7013,79,1,233.68
21102,7013,43,4,30.78
21103,7013,23,3,311.08
21104,7014,31,1,609.25
21105,7014,76,2,248.97
21106,7014,138,4,54.31
21107,7014,194,2,74.31
21108,7015,65,3,153.24
21109,7015,49,2,182.19
21110,7015,97,4,388.13
21111,7015,57,3,51.30
21112,7016,83,3,88.66
21113,7016,94,1,281.05
21114,7016,135,1,53.76
21115,7017,150,1,45.00
21116,7017,130,1,40.37
21117,7017,175,4,53.39
21118,7018,195,3,97.24
21119,7019,76,2,248.97
21120,7020,200,4,21.95
21121,7020,74,3,54.80
21122,7021,73,1,25.03
21123,7021,150,2,45.00
21124,7022,40,4,633.55
21125,7023,3,2,136.62
21126,7023,164,3,69.89
21127,7023,41,1,224.09
21128,7023,145,3,16.73
21129,7024,117,3,298.11
21130,7024,166,3,61.71
21131,7025,122,2,11.28
21132,7026,59,2,264.27
21133,7026,15,1,875.17
21134,7026,185,4,4.70
21135,7026,93,3,318.36
21136,7027,37,4,429.72
21137,7027,42,1,81.37
21138,7027,15,3,875.17
21139,7027,102,1,17.15
21140,7028,111,2,295.40
21141,7028,75,4,108.00
21142,7028,192,3,14.31
21143,7028,143,4,59.98
21144,7028,127,3,45.09
21145,7029,27,3,225.51
21146,7029,98,4,324.18
21147,7030,30,2,281.92
21148,7030,26,3,43.63
21149,7030,14,1,750.61
21150,7031,170,3,16.89
21151,7031,63,2,293.35
21152,7031,131,1,51.37
21153,7031,118,4,259.42
21154,7032,36,4,558.56
21155,7032,81,3,310.43
21156,7032,175,3,53.39
21157,7033,168,2,4.90
21158,7033,155,3,24.51
21159,7034,60,2,179.81
21160,7034,198,3,49.14
21161,7034,142,1,36.11
21162,7034,66,2,60.34
21163,7034,42,4,81.37
21164,7035,27,4,225.51
21165,7035,132,2,33.38
21166,7036,39,3,380.34
21167,7036,39,3,380.34
21168,7036,87,1,282.19
21169,7036,1,3,500.72
21170,7037,48,1,206.81
21171,7037,50,1,237.25
21172,7037,84,4,198.78
21173,7037,118,1,259.42
21174,7037,92,4,391.62
21175,7038,98,3,324.18
21176,7039,93,1,318.36
21177,7039,63,2,293.35
21178,7040,40,3,633.55
21179,7040,109,1,191.43
21180,7041,161,3,9.08
21181,7041,103,1,258.65
21182,7042,118,4,259.42
21183,7042,101,3,329.79
21184,7043,144,3,46.06
21185,7043,149,4,28.06
21186,7044,140,2,13.39
21187,7044,127,3,45.09
21188,7044,79,4,233.68
21189,7044,89,4,183.76
21190,7045,23,3,311.08
21191,7045,154,2,6.98
21192,7045,134,1,19.36
21193,7046,3,3,136.62
21194,7046,100,3,86.91
21195,7046,155,3,24.51
21196,7046,13,3,522.46
21197,7046,198,3,49.14
21198,7047,134,3,19.36
21199,7047,10,4,273.35
21200,7047,8,2,743.01
21201,7047,51,1,23.32
21202,7048,158,3,59.27
21203,7048,178,3,39.29
21204,7049,44,3,168.63
21205,7049,59,1,264.27
21206,7049,128,3,46.60
21207,7049,200,4,21.95
21208,7050,188,2,16.87
21209,7050,178,2,39.29
21210,7050,49,2,182.19
21211,7051,136,4,16.82
21212,7051,40,4,633.55
21213,7051,110,3,431.78
21214,7052,112,3,307.14
21215,7052,14,1,750.61
21216,7052,29,2,665.28
21217,7052,89,3,183.76
21218,7053,84,1,198.78
21219,7054,19,2,816.54
21220,7054,52,4,47.09
21221,7054,46,1,30.13
21222,7054,79,4,233.68
21223,7054,170,2,16.89
21224,7055,103,4,258.65
21225,7055,146,4,27.35
21226,7055,139,1,26.08
21227,7055,3,2,136.62
21228,7055,200,4,21.95
21229,7056,191,1,103.44
21230,7056,92,1,391.62
21231,7056,105,4,27.39
21232,7056,140,2,13.39
21233,7056,107,2,368.95
21234,7057,25,4,250.49
21235,7057,6,2,871.62
21236,7057,188,2,16.87
21237,7058,163,3,81.90
21238,7059,155,3,24.51
21239,7059,172,2,66.83
21240,7059,92,1,391.62
21241,7059,57,4,51.30
21242,7059,79,2,233.68
21243,7060,52,2,47.09
21244,7060,28,3,549.50
21245,7060,28,1,549.50
21246,7061,54,4,52.55
21247,7061,101,4,329.79
21248,7061,148,1,42.76
21249,7061,26,3,43.63
21250,7062,15,1,875.17
21251,7062,200,2,21.95
21252,7062,145,1,16.73
21253,7063,65,4,153.24
21254,7063,182,2,100.88
21255,7064,192,1,14.31
21256,7064,52,4,47.09
21257,7064,112,2,307.14
21258,7064,135,2,53.76
21259,7064,151,4,53.45
21260,7065,59,4,264.27
21261,7066,5,1,294.97
21262,7067,169,2,96.92
21263,7067,128,1,46.60
21264,7067,183,2,92.22
21265,7067,51,4,23.32
21266,7068,45,1,150.59
21267,7068,180,4,109.81
21268,7068,1,2,500.72
21269,7068,36,1,558.56
21270,7068,184,2,93.38
21271,7069,29,4,665.28
21272,7069,167,4,106.22
21273,7069,80,1,253.61
21274,7069,43,3,30.78
21275,7069,98,1,324.18
21276,7070,153,4,53.97
21277,7070,96,3,48.32
21278,7071,29,2,665.28
21279,7071,170,4,16.89
21280,7072,89,3,183.76
21281,7072,93,3,318.36
21282,7072,114,2,386.72
21283,7072,27,2,225.51
21284,7073,175,1,53.39
21285,7073,89,1,183.76
21286,7073,49,4,182.19
21287,7073,23,3,311.08
21288,7073,150,1,45.00
21289,7074,184,3,93.38
21290,7074,158,1,59.27
21291,7074,29,2,665.28
21292,7074,190,4,109.95
21293,7075,29,4,665.28
21294,7075,56,4,174.98
21295,7075,30,2,281.92
21296,7075,138,2,54.31
21297,7075,19,3,816.54
21298,7076,71,3,271.85
21299,7076,11,4,691.54
21300,7077,98,2,324.18
21301,7077,27,1,225.51
21302,7077,14,4,750.61
21303,7077,54,4,52.55
21304,7077,126,3,25.37
21305,7078,106,2,377.39
21306,7079,84,1,198.78
21307,7079,155,1,24.51
21308,7079,20,2,150.57
21309,7080,50,3,237.25
21310,7080,16,2,537.37
21311,7080,44,1,168.63
21312,7080,136,1,16.82
21313,7081,46,1,30.13
21314,7081,11,3,691.54
21315,7082,160,3,45.74
21316,7082,97,2,388.13
21317,7083,40,4,633.55
21318,7083,187,1,12.37
21319,7084,135,1,53.76
21320,7084,60,4,179.81
21321,7084,75,4,108.00
21322,7084,107,4,368.95
21323,7084,117,1,298.11
21324,7085,196,3,66.42
21325,7085,89,2,183.76
21326,7086,42,3,81.37
21327,7086,148,1,42.76
21328,7086,59,1,264.27
21329,7086,23,2,311.08
21330,7087,156,1,47.44
21331,7088,168,4,4.90
21332,7089,102,4,17.15
21333,7089,12,4,788.04
21334,7089,60,1,179.81
21335,7090,177,3,103.55
21336,7090,13,4,522.46
21337,7090,32,3,574.26
21338,7090,44,4,168.63
21339,7091,165,1,65.60
21340,7092,51,1,23.32
21341,7092,174,2,114.93
21342,7092,53,2,108.74
21343,7092,102,3,17.15
21344,7093,102,4,17.15
21345,7093,102,2,17.15
21346,7093,114,4,386.72
21347,7093,36,2,558.56
21348,7093,91,2,265.75
21349,7094,99,4,151.45
21350,7094,135,2,53.76
21351,7094,93,3,318.36
21352,7094,165,4,65.60
21353,7095,192,3,14.31
21354,7096,4,3,327.69
21355,7096,48,3,206.81
21356,7097,164,1,69.89
21357,7097,46,1,30.13
21358,7098,198,3,49.14
21359,7099,37,4,429.72
21360,7099,24,2,811.59
21361,7100,98,4,324.18
21362,7101,65,3,153.24
21363,7102,109,1,191.43
21364,7102,113,2,78.35
21365,7103,198,4,49.14
21366,7104,16,4,537.37
21367,7104,165,3,65.60
21368,7104,170,3,16.89
21369,7104,53,3,108.74
21370,7104,92,1,391.62
21371,7105,63,3,293.35
21372,7105,152,3,48.13
21373,7105,151,4,53.45
21374,7105,6,3,871.62
21375,7106,131,2,51.37
21376,7106,38,4,117.99
21377,7106,86,3,333.64
21378,7107,179,1,29.88
21379,7107,153,2,53.97
21380,7108,16,2,537.37
21381,7108,134,4,19.36
21382,7108,28,2,549.50
21383,7109,66,4,60.34
21384,7110,28,3,549.50
21385,7110,92,1,391.62
21386,7110,112,3,307.14
21387,7110,84,2,198.78
21388,7111,170,4,16.89
21389,7111,129,4,31.16
21390,7111,127,2,45.09
21391,7112,185,1,4.70
21392,7112,83,1,88.66
21393,7113,89,1,183.76
21394,7113,108,3,231.27
21395,7113,196,2,66.42
21396,7113,102,1,17.15
21397,7114,86,4,333.64
21398,7114,162,1,21.49
21399,7114,134,2,19.36
21400,7114,161,1,9.08
21401,7114,12,3,788.04
21402,7115,44,3,168.63
21403,7115,51,2,23.32
21404,7115,35,2,291.27
21405,7116,195,2,97.24
21406,7116,123,2,37.05
21407,7117,38,1,117.99
21408,7117,122,1,11.28
21409,7117,2,3,239.88
21410,7117,47,4,66.78
21411,7118,12,4,788.04
21412,7119,149,3,28.06
21413,7119,161,3,9.08
21414,7119,146,1,27.35
21415,7120,5,1,294.97
21416,7120,182,1,100.88
21417,7120,28,3,549.50
21418,7120,119,1,390.51
21419,7120,34,4,426.41
21420,7121,117,3,298.11
21421,7121,114,2,386.72
21422,7121,24,1,811.59
21423,7122,84,2,198.78
21424,7122,200,1,21.95
21425,7123,45,2,150.59
21426,7123,38,4,117.99
21427,7124,63,1,293.35
21428,7125,5,2,294.97
21429,7125,115,4,308.68
21430,7125,154,1,6.98
21431,7125,175,3,53.39
21432,7126,66,4,60.34
21433,7126,21,1,540.25
21434,7126,161,1,9.08
21435,7127,196,1,66.42
21436,7128,116,4,163.33
21437,7129,38,4,117.99
21438,7129,154,4,6.98
21439,7130,73,3,25.03
21440,7130,193,1,94.03
21441,7130,198,2,49.14
21442,7130,131,2,51.37
21443,7131,101,4,329.79
21444,7131,186,3,118.92
21445,7132,5,3,294.97
21446,7133,149,4,28.06
21447,7133,186,3,118.92
21448,7134,96,1,48.32
21449,7135,138,1,54.31
21450,7135,35,2,291.27
21451,7135,36,4,558.56
21452,7136,121,2,40.24
21453,7137,176,1,24.47
21454,7137,168,3,4.90
21455,7137,176,2,24.47
21456,7138,8,2,743.01
21457,7139,152,4,48.13
21458,7139,189,3,57.74
21459,7139,111,2,295.40
21460,7139,128,4,46.60
21461,7140,15,1,875.17
21462,7140,145,4,16.73
21463,7140,71,2,271.85
21464,7140,109,3,191.43
21465,7141,70,2,47.08
21466,7141,146,2,27.35
21467,7142,189,4,57.74
21468,7142,59,3,264.27
21469,7142,64,1,50.42
21470,7143,146,4,27.35
21471,7144,111,1,295.40
21472,7144,65,4,153.24
21473,7144,150,3,45.00
21474,7145,177,4,103.55
21475,7145,116,3,163.33
21476,7145,139,4,26.08
21477,7145,75,1,108.00
21478,7146,159,1,26.55
21479,7147,90,4,370.03
21480,7147,140,1,13.39
21481,7147,140,3,13.39
21482,7148,132,4,33.38
21483,7149,95,2,418.23
21484,7150,187,1,12.37
21485,7150,191,4,103.44
21486,7151,94,1,281.05
21487,7151,153,3,53.97
21488,7152,70,1,47.08
21489,7153,63,1,293.35
21490,7153,25,4,250.49
21491,7153,178,2,39.29
21492,7153,182,4,100.88
21493,7153,158,2,59.27
21494,7154,4,3,327.69
21495,7154,119,2,390.51
21496,7154,27,1,225.51
21497,7154,78,2,92.26
21498,7155,124,2,44.55
21499,7155,26,4,43.63
21500,7156,71,3,271.85
21501,7156,20,4,150.57
21502,7156,93,1,318.36
21503,7156,37,2,429.72
21504,7157,160,2,45.74
21505,7158,46,4,30.13
21506,7159,136,3,16.82
21507,7159,9,3,746.78
21508,7159,56,3,174.98
21509,7160,53,3,108.74
21510,7161,6,4,871.62
21511,7161,190,2,109.95
21512,7161,162,4,21.49
21513,7162,9,4,746.78
21514,7162,23,4,311.08
21515,7162,67,4,39.92
21516,7162,45,3,150.59
21517,7162,142,2,36.11
21518,7163,84,3,198.78
21519,7163,135,1,53.76
21520,7163,44,3,168.63
21521,7163,1,1,500.72
21522,7163,81,2,310.43
21523,7164,194,2,74.31
21524,7164,102,3,17.15
21525,7164,173,3,93.51
21526,7164,43,3,30.78
21527,7164,64,3,50.42
21528,7165,112,1,307.14
21529,7165,178,4,39.29
21530,7165,179,4,29.88
21531,7166,90,4,370.03
21532,7166,113,2,78.35
21533,7166,134,1,19.36
21534,7166,63,1,293.35
21535,7167,32,2,574.26
21536,7167,6,3,871.62
21537,7167,161,3,9.08
21538,7167,128,2,46.60
21539,7168,37,4,429.72
21540,7168,145,4,16.73
21541,7168,30,3,281.92
21542,7168,21,3,540.25
21543,7169,167,3,106.22
21544,7169,174,2,114.93
21545,7170,129,4,31.16
21546,7171,153,2,53.97
21547,7171,65,4,153.24
21548,7171,71,3,271.85
21549,7172,46,1,30.13
21550,7173,82,1,164.45
21551,7173,54,3,52.55
21552,7173,101,3,329.79
21553,7174,65,2,153.24
21554,7174,197,4,63.01
21555,7174,8,2,743.01
21556,7174,136,3,16.82
21557,7175,101,2,329.79
21558,7175,100,3,86.91
21559,7176,74,2,54.80
21560,7177,178,1,39.29
21561,7178,3,2,136.62
21562,7178,185,3,4.70
21563,7179,135,2,53.76
21564,7180,161,1,9.08
21565,7181,51,4,23.32
21566,7181,68,1,104.26
21567,7181,124,1,44.55
21568,7181,8,1,743.01
21569,7182,123,3,37.05
21570,7182,141,1,44.68
21571,7183,140,2,13.39
21572,7183,167,3,106.22
21573,7183,3,2,136.62
21574,7183,96,1,48.32
21575,7183,176,3,24.47
21576,7184,102,1,17.15
21577,7184,152,3,48.13
21578,7185,154,3,6.98
21579,7185,102,1,17.15
21580,7185,123,2,37.05
21581,7185,30,1,281.92
21582,7186,100,3,86.91
21583,7186,41,4,224.09
21584,7186,75,3,108.00
21585,7187,65,1,153.24
21586,7187,107,2,368.95
21587,7187,10,4,273.35
21588,7187,47,2,66.78
21589,7188,58,4,199.52
21590,7189,148,3,42.76
21591,7190,24,2,811.59
21592,7190,195,3,97.24
21593,7190,173,1,93.51
21594,7190,125,4,32.57
21595,7191,95,2,418.23
21596,7191,144,2,46.06
21597,7191,141,1,44.68
21598,7191,89,1,183.76
21599,7192,78,4,92.26
21600,7192,129,4,31.16
21601,7192,74,1,54.80
21602,7192,104,3,42.38
21603,7192,27,2,225.51
21604,7193,163,4,81.90
21605,7193,148,1,42.76
21606,7193,13,2,522.46
21607,7193,1,3,500.72
21608,7193,190,4,109.95
21609,7194,189,4,57.74
21610,7194,89,4,183.76
21611,7195,192,4,14.31
21612,7195,6,3,871.62
21613,7195,5,2,294.97
21614,7195,47,4,66.78
21615,7195,114,1,386.72
21616,7196,87,4,282.19
21617,7196,128,2,46.60
21618,7197,84,2,198.78
21619,7197,194,3,74.31
21620,7197,124,3,44.55
21621,7198,140,4,13.39
21622,7198,18,2,293.07
21623,7198,90,2,370.03
21624,7198,47,2,66.78
21625,7198,17,2,446.15
21626,7199,177,1,103.55
21627,7199,157,4,19.33
21628,7199,77,1,28.30
21629,7200,47,1,66.78
21630,7200,159,3,26.55
21631,7200,156,3,47.44
21632,7200,174,2,114.93
21633,7200,91,2,265.75
21634,7201,77,1,28.30
21635,7201,17,4,446.15
21636,7201,160,3,45.74
21637,7201,30,3,281.92
21638,7202,71,3,271.85
21639,7202,159,3,26.55
21640,7203,117,1,298.11
21641,7203,75,4,108.00
21642,7203,3,3,136.62
21643,7203,165,3,65.60
21644,7203,12,2,788.04
21645,7204,25,3,250.49
21646,7205,52,4,47.09
21647,7205,167,4,106.22
21648,7205,163,1,81.90
21649,7206,186,2,118.92
21650,7206,15,3,875.17
21651,7206,164,4,69.89
21652,7207,23,3,311.08
21653,7207,189,4,57.74
21654,7207,165,4,65.60
21655,7207,36,3,558.56
21656,7208,128,3,46.60
21657,7208,8,4,743.01
21658,7208,93,3,318.36
21659,7209,135,3,53.76
21660,7209,136,4,16.82
21661,7209,47,1,66.78
21662,7210,157,3,19.33
21663,7210,20,2,150.57
21664,7210,17,1,446.15
21665,7211,184,2,93.38
21666,7211,80,4,253.61
21667,7212,177,1,103.55
21668,7213,100,3,86.91
21669,7213,95,2,418.23
21670,7214,93,3,318.36
21671,7214,93,1,318.36
21672,7214,192,3,14.31
21673,7215,161,3,9.08
21674,7216,159,1,26.55
21675,7216,54,4,52.55
21676,7217,35,1,291.27
21677,7217,116,2,163.33
21678,7218,154,2,6.98
21679,7218,58,2,199.52
21680,7218,128,3,46.60
21681,7218,104,3,42.38
21682,7219,89,2,183.76
21683,7219,185,4,4.70
21684,7220,135,4,53.76
21685,7221,17,1,446.15
21686,7221,132,4,33.38
21687,7221,104,3,42.38
21688,7221,76,4,248.97
21689,7222,96,1,48.32
21690,7223,65,1,153.24
21691,7224,85,3,126.48
21692,7224,145,2,16.73
21693,7224,108,3,231.27
21694,7224,191,4,103.44
21695,7225,110,1,431.78
21696,7225,163,2,81.90
21697,7225,42,4,81.37
21698,7225,146,4,27.35
21699,7225,197,4,63.01
21700,7226,19,2,816.54
21701,7227,145,3,16.73
21702,7227,37,1,429.72
21703,7227,73,2,25.03
21704,7228,92,4,391.62
21705,7228,19,3,816.54
21706,7228,53,3,108.74
21707,7228,159,4,26.55
21708,7228,39,2,380.34
21709,7229,64,3,50.42
21710,7230,50,3,237.25
21711,7230,27,1,225.51
21712,7230,24,1,811.59
21713,7230,54,2,52.55
21714,7230,58,4,199.52
21715,7231,58,1,199.52
21716,7231,47,3,66.78
21717,7231,47,1,66.78
21718,7231,8,4,743.01
21719,7231,166,3,61.71
21720,7232,196,3,66.42
21721,7232,20,1,150.57
21722,7232,9,1,746.78
21723,7232,134,4,19.36
21724,7233,81,3,310.43
21725,7233,21,1,540.25
21726,7233,106,3,377.39
21727,7233,126,3,25.37
21728,7234,156,3,47.44
21729,7234,14,4,750.61
21730,7234,166,2,61.71
21731,7234,81,3,310.43
21732,7235,14,2,750.61
21733,7235,6,3,871.62
21734,7235,45,4,150.59
21735,7235,151,1,53.45
21736,7236,160,4,45.74
21737,7236,133,3,46.80
21738,7236,190,3,109.95
21739,7236,178,2,39.29
21740,7236,69,3,258.65
21741,7237,1,1,500.72
21742,7238,93,1,318.36
21743,7238,110,2,431.78
21744,7238,46,2,30.13
21745,7238,101,1,329.79
21746,7238,155,4,24.51
21747,7239,26,4,43.63
21748,7239,165,1,65.60
21749,7240,130,2,40.37
21750,7240,19,4,816.54
21751,7240,59,2,264.27
21752,7241,139,4,26.08
21753,7241,85,4,126.48
21754,7241,157,3,19.33
21755,7241,187,3,12.37
21756,7241,73,2,25.03
21757,7242,146,2,27.35
21758,7242,21,2,540.25
21759,7243,144,1,46.06
21760,7243,98,3,324.18
21761,7243,93,1,318.36
21762,7243,145,4,16.73
21763,7244,74,3,54.80
21764,7244,45,1,150.59
21765,7245,53,4,108.74
21766,7245,79,3,233.68
21767,7246,131,4,51.37
21768,7247,95,2,418.23
21769,7247,144,2,46.06
21770,7247,86,4,333.64
21771,7247,45,4,150.59
21772,7247,35,3,291.27
21773,7248,75,3,108.00
21774,7248,125,1,32.57
21775,7248,191,3,103.44
21776,7248,149,2,28.06
21777,7249,135,3,53.76
21778,7249,144,2,46.06
21779,7250,91,1,265.75
21780,7250,153,2,53.97
21781,7251,13,4,522.46
21782,7251,47,4,66.78
21783,7252,90,2,370.03
21784,7253,78,3,92.26
21785,7253,39,2,380.34
21786,7253,11,3,691.54
21787,7253,153,1,53.97
21788,7254,90,3,370.03
21789,7254,22,4,129.18
21790,7254,26,1,43.63
21791,7254,163,1,81.90
21792,7254,84,2,198.78
21793,7255,27,1,225.51
21794,7255,36,2,558.56
21795,7255,152,3,48.13
21796,7256,65,2,153.24
21797,7256,161,1,9.08
21798,7256,43,1,30.78
21799,7256,142,4,36.11
21800,7257,173,2,93.51
21801,7257,70,2,47.08
21802,7258,200,1,21.95
21803,7258,34,4,426.41
21804,7258,9,3,746.78
21805,7259,40,3,633.55
21806,7259,55,1,247.20
21807,7259,156,3,47.44
21808,7259,5,2,294.97
21809,7260,72,3,207.50
21810,7260,190,2,109.95
21811,7260,168,4,4.90
21812,7261,11,1,691.54
21813,7261,168,2,4.90
21814,7262,156,2,47.44
21815,7263,140,3,13.39
21816,7263,21,3,540.25
21817,7264,148,1,42.76
21818,7264,173,4,93.51
21819,7264,29,2,665.28
21820,7264,146,2,27.35
21821,7265,5,1,294.97
21822,7265,31,3,609.25
21823,7265,10,1,273.35
21824,7265,118,2,259.42
21825,7266,16,3,537.37
21826,7266,55,2,247.20
21827,7266,5,3,294.97
21828,7266,99,3,151.45
21829,7266,132,4,33.38
21830,7267,83,3,88.66
21831,7268,187,1,12.37
21832,7268,13,4,522.46
21833,7268,116,3,163.33
21834,7268,53,4,108.74
21835,7269,110,4,431.78
21836,7269,70,2,47.08
21837,7269,157,3,19.33
21838,7269,104,4,42.38
21839,7269,18,4,293.07
21840,7270,152,1,48.13
21841,7270,122,3,11.28
21842,7270,139,3,26.08
21843,7271,3,2,136.62
21844,7271,14,1,750.61
21845,7271,35,4,291.27
21846,7271,94,2,281.05
21847,7271,103,3,258.65
21848,7272,125,1,32.57
21849,7272,101,3,329.79
21850,7272,68,4,104.26
21851,7272,106,3,377.39
21852,7273,78,3,92.26
21853,7273,16,4,537.37
21854,7273,162,3,21.49
21855,7274,150,2,45.00
21856,7274,167,2,106.22
21857,7274,132,1,33.38
21858,7274,196,4,66.42
21859,7275,59,1,264.27
21860,7275,112,3,307.14
21861,7276,75,2,108.00
21862,7276,26,4,43.63
21863,7276,159,1,26.55
21864,7276,180,2,109.81
21865,7276,103,1,258.65
21866,7277,152,4,48.13
21867,7277,11,4,691.54
21868,7278,126,1,25.37
21869,7278,74,4,54.80
21870,7278,153,1,53.97
21871,7278,115,2,308.68
21872,7279,39,2,380.34
21873,7279,40,1,633.55
21874,7279,111,1,295.40
21875,7279,101,4,329.79
21876,7280,152,2,48.13
21877,7280,114,3,386.72
21878,7280,134,2,19.36
21879,7280,48,1,206.81
21880,7281,173,2,93.51
21881,7281,135,4,53.76
21882,7281,66,2,60.34
21883,7281,6,1,871.62
21884,7282,32,3,574.26
21885,7282,39,1,380.34
21886,7282,198,2,49.14
21887,7282,26,2,43.63
21888,7282,151,4,53.45
21889,7283,31,4,609.25
21890,7283,31,2,609.25
21891,7283,113,3,78.35
21892,7283,40,2,633.55
21893,7283,164,3,69.89
21894,7284,166,1,61.71
21895,7284,138,2,54.31
21896,7284,4,4,327.69
21897,7285,116,3,163.33
21898,7285,128,4,46.60
21899,7285,173,4,93.51
21900,7286,103,3,258.65
21901,7286,48,1,206.81
21902,7286,32,1,574.26
21903,7287,162,1,21.49
21904,7287,94,1,281.05
21905,7287,196,3,66.42
21906,7287,192,1,14.31
21907,7288,114,3,386.72
21908,7288,20,3,150.57
21909,7288,80,1,253.61
21910,7288,48,3,206.81
21911,7288,158,3,59.27
21912,7289,28,1,549.50
21913,7289,62,1,205.44
21914,7289,186,3,118.92
21915,7290,110,4,431.78
21916,7290,91,3,265.75
21917,7290,194,1,74.31
21918,7290,189,4,57.74
21919,7291,6,4,871.62
21920,7291,46,4,30.13
21921,7291,32,3,574.26
21922,7291,50,2,237.25
21923,7292,85,3,126.48
21924,7292,84,3,198.78
21925,7293,167,2,106.22
21926,7294,159,1,26.55
21927,7295,136,1,16.82
21928,7295,184,1,93.38
21929,7295,156,1,47.44
21930,7295,101,4,329.79
21931,7296,69,3,258.65
21932,7296,162,1,21.49
21933,7296,162,1,21.49
21934,7296,32,2,574.26
21935,7297,146,2,27.35
21936,7297,190,2,109.95
21937,7297,63,1,293.35
21938,7298,165,4,65.60
21939,7298,187,3,12.37
21940,7298,100,1,86.91
21941,7298,73,4,25.03
21942,7298,181,3,13.99
21943,7299,10,1,273.35
21944,7299,69,1,258.65
21945,7299,20,3,150.57
21946,7299,81,3,310.43
21947,7299,167,4,106.22
21948,7300,79,3,233.68
21949,7300,128,2,46.60
21950,7301,149,2,28.06
21951,7302,92,4,391.62
21952,7302,89,3,183.76
21953,7302,98,2,324.18
21954,7302,152,4,48.13
21955,7302,41,3,224.09
21956,7303,131,1,51.37
21957,7303,185,2,4.70
21958,7303,107,4,368.95
21959,7304,83,2,88.66
21960,7304,29,1,665.28
21961,7304,75,4,108.00
21962,7304,95,4,418.23
21963,7305,161,3,9.08
21964,7305,162,4,21.49
21965,7305,50,1,237.25
21966,7305,25,2,250.49
21967,7306,51,1,23.32
21968,7306,175,4,53.39
21969,7306,194,1,74.31
21970,7306,85,3,126.48
21971,7306,163,2,81.90
21972,7307,6,4,871.62
21973,7307,74,3,54.80
21974,7307,90,3,370.03
21975,7308,156,1,47.44
21976,7308,58,2,199.52
21977,7308,84,1,198.78
21978,7309,150,4,45.00
21979,7310,99,3,151.45
21980,7310,138,4,54.31
21981,7310,159,3,26.55
21982,7310,165,3,65.60
21983,7310,23,4,311.08
21984,7311,169,1,96.92
21985,7311,85,2,126.48
21986,7312,163,2,81.90
21987,7312,136,4,16.82
21988,7312,35,4,291.27
21989,7312,124,4,44.55
21990,7312,167,1,106.22
21991,7313,126,4,25.37
21992,7313,124,2,44.55
21993,7313,142,2,36.11
21994,7313,11,3,691.54
21995,7313,31,1,609.25
21996,7314,55,1,247.20
21997,7314,65,4,153.24
21998,7314,162,1,21.49
21999,7314,95,2,418.23
22000,7314,52,3,47.09
22001,7315,5,3,294.97
22002,7315,194,4,74.31
22003,7316,55,1,247.20
22004,7316,138,4,54.31
22005,7316,113,2,78.35
22006,7317,158,3,59.27
22007,7317,90,4,370.03
22008,7317,163,4,81.90
22009,7318,189,4,57.74
22010,7318,136,2,16.82
22011,7318,75,1,108.00
22012,7319,77,2,28.30
22013,7319,131,2,51.37
22014,7320,181,3,13.99
22015,7320,18,1,293.07
22016,7321,140,3,13.39
22017,7321,143,3,59.98
22018,7321,190,1,109.95
22019,7321,156,2,47.44
22020,7322,101,4,329.79
22021,7322,19,1,816.54
22022,7322,60,1,179.81
22023,7322,163,1,81.90
22024,7323,113,1,78.35
22025,7323,20,2,150.57
22026,7324,128,3,46.60
22027,7324,195,1,97.24
22028,7324,93,4,318.36
22029,7324,159,1,26.55
22030,7325,103,3,258.65
22031,7325,16,1,537.37
22032,7326,180,3,109.81
22033,7327,48,3,206.81
22034,7327,41,2,224.09
22035,7327,132,4,33.38
22036,7327,134,3,19.36
22037,7327,187,3,12.37
22038,7328,130,3,40.37
22039,7328,193,2,94.03
22040,7328,187,1,12.37
22041,7328,30,1,281.92
22042,7328,5,4,294.97
22043,7329,101,1,329.79
22044,7330,96,1,48.32
22045,7330,183,2,92.22
22046,7330,162,4,21.49
22047,7330,106,1,377.39
22048,7331,111,2,295.40
22049,7332,18,3,293.07
22050,7332,48,2,206.81
22051,7332,140,1,13.39
22052,7332,142,2,36.11
22053,7333,76,4,248.97
22054,7333,122,2,11.28
22055,7333,174,4,114.93
22056,7333,87,3,282.19
22057,7334,86,4,333.64
22058,7334,146,2,27.35
22059,7335,103,4,258.65
22060,7335,181,2,13.99
22061,7335,166,1,61.71
22062,7335,93,2,318.36
22063,7335,189,2,57.74
22064,7336,182,3,100.88
22065,7336,23,3,311.08
22066,7336,79,2,233.68
22067,7336,30,2,281.92
22068,7336,137,2,16.72
22069,7337,177,1,103.55
22070,7337,160,3,45.74
22071,7337,157,1,19.33
22072,7337,129,2,31.16
22073,7338,91,1,265.75
22074,7338,87,4,282.19
22075,7338,29,2,665.28
22076,7338,153,2,53.97
22077,7339,78,2,92.26
22078,7340,140,3,13.39
22079,7341,109,3,191.43
22080,7342,10,2,273.35
22081,7342,148,4,42.76
22082,7342,70,1,47.08
22083,7342,53,3,108.74
22084,7343,98,2,324.18
22085,7343,4,3,327.69
22086,7343,173,4,93.51
22087,7344,108,1,231.27
22088,7344,94,4,281.05
22089,7344,189,3,57.74
22090,7344,95,4,418.23
22091,7344,123,1,37.05
22092,7345,191,2,103.44
22093,7345,145,1,16.73
22094,7346,181,1,13.99
22095,7347,110,4,431.78
22096,7347,39,2,380.34
22097,7348,82,3,164.45
22098,7349,165,4,65.60
22099,7349,104,3,42.38
22100,7349,159,4,26.55
22101,7350,84,4,198.78
22102,7350,139,3,26.08
22103,7350,21,4,540.25
22104,7351,164,1,69.89
22105,7351,167,3,106.22
22106,7351,145,3,16.73
22107,7351,168,2,4.90
22108,7351,24,4,811.59
22109,7352,99,3,151.45
22110,7352,8,1,743.01
22111,7352,77,4,28.30
22112,7352,115,2,308.68
22113,7352,81,3,310.43
22114,7353,94,3,281.05
22115,7353,36,2,558.56
22116,7353,42,3,81.37
22117,7353,109,4,191.43
22118,7353,18,3,293.07
22119,7354,108,3,231.27
22120,7354,5,1,294.97
22121,7354,94,2,281.05
22122,7354,161,3,9.08
22123,7355,185,2,4.70
22124,7355,85,1,126.48
22125,7355,187,4,12.37
22126,7356,116,3,163.33
22127,7356,134,1,19.36
22128,7356,44,4,168.63
22129,7356,161,1,9.08
22130,7356,129,3,31.16
22131,7357,9,3,746.78
22132,7357,134,2,19.36
22133,7357,194,1,74.31
22134,7358,8,4,743.01
22135,7358,166,2,61.71
22136,7358,200,4,21.95
22137,7358,114,2,386.72
22138,7358,152,3,48.13
22139,7359,54,3,52.55
22140,7359,189,3,57.74
22141,7359,105,1,27.39
22142,7359,165,1,65.60
22143,7360,105,1,27.39
22144,7360,15,4,875.17
22145,7360,172,3,66.83
22146,7360,68,2,104.26
22147,7361,127,4,45.09
22148,7361,4,2,327.69
22149,7361,100,4,86.91
22150,7362,122,1,11.28
22151,7362,150,3,45.00
22152,7363,13,2,522.46
22153,7363,31,4,609.25
22154,7364,1,2,500.72
22155,7364,192,3,14.31
22156,7364,27,2,225.51
22157,7364,195,3,97.24
22158,7365,17,4,446.15
22159,7365,170,2,16.89
22160,7366,30,3,281.92
22161,7367,8,2,743.01
22162,7368,76,1,248.97
22163,7368,197,1,63.01
22164,7368,106,3,377.39
22165,7368,125,1,32.57
22166,7368,148,4,42.76
22167,7369,10,1,273.35
22168,7369,57,4,51.30
22169,7369,43,1,30.78
22170,7369,167,4,106.22
22171,7369,27,4,225.51
22172,7370,118,3,259.42
22173,7371,156,1,47.44
22174,7371,67,3,39.92
22175,7372,26,2,43.63
22176,7372,45,4,150.59
22177,7373,144,4,46.06
22178,7373,40,1,633.55
22179,7373,143,4,59.98
22180,7373,72,2,207.50
22181,7373,129,4,31.16
22182,7374,106,2,377.39
22183,7374,165,2,65.60
22184,7374,91,1,265.75
22185,7374,30,4,281.92
22186,7375,55,4,247.20
22187,7375,29,4,665.28
22188,7375,76,4,248.97
22189,7376,113,2,78.35
22190,7377,175,4,53.39
22191,7378,192,1,14.31
22192,7379,86,1,333.64
22193,7379,22,1,129.18
22194,7379,31,2,609.25
22195,7379,43,2,30.78
22196,7379,21,3,540.25
22197,7380,118,2,259.42
22198,7380,91,4,265.75
22199,7381,83,4,88.66
22200,7382,14,2,750.61
22201,7383,77,2,28.30
22202,7384,71,4,271.85
22203,7384,119,3,390.51
22204,7384,177,4,103.55
22205,7384,27,3,225.51
22206,7384,53,2,108.74
22207,7385,166,1,61.71
22208,7385,4,4,327.69
22209,7385,144,4,46.06
22210,7385,72,4,207.50
22211,7386,50,3,237.25
22212,7386,70,4,47.08
22213,7386,194,4,74.31
22214,7386,144,4,46.06
22215,7386,138,1,54.31
22216,7387,113,1,78.35
22217,7387,98,1,324.18
22218,7388,178,4,39.29
22219,7388,31,1,609.25
22220,7388,105,1,27.39
22221,7388,6,3,871.62
22222,7389,192,2,14.31
22223,7390,197,1,63.01
22224,7390,148,3,42.76
22225,7390,141,2,44.68
22226,7390,168,4,4.90
22227,7391,31,3,609.25
22228,7392,198,2,49.14
22229,7392,86,3,333.64
22230,7392,145,1,16.73
22231,7393,12,4,788.04
22232,7393,166,1,61.71
22233,7393,94,2,281.05
22234,7394,66,1,60.34
22235,7394,28,1,549.50
22236,7395,126,2,25.37
22237,7395,47,1,66.78
22238,7396,170,3,16.89
22239,7396,113,3,78.35
22240,7396,177,4,103.55
22241,7396,81,1,310.43
22242,7396,75,3,108.00
22243,7397,146,2,27.35
22244,7398,15,3,875.17
22245,7398,116,1,163.33
22246,7398,142,4,36.11
22247,7399,130,4,40.37
22248,7399,168,1,4.90
22249,7399,103,4,258.65
22250,7399,59,4,264.27
22251,7399,10,1,273.35
22252,7400,163,2,81.90
22253,7401,172,3,66.83
22254,7401,70,2,47.08
22255,7402,64,4,50.42
22256,7402,9,4,746.78
22257,7402,166,3,61.71
22258,7402,94,1,281.05
22259,7403,84,2,198.78
22260,7403,35,4,291.27
22261,7403,93,3,318.36
22262,7403,35,1,291.27
22263,7403,11,2,691.54
22264,7404,112,4,307.14
22265,7405,179,3,29.88
22266,7405,114,4,386.72
22267,7405,125,2,32.57
22268,7405,9,1,746.78
22269,7406,39,2,380.34
22270,7406,29,4,665.28
22271,7406,136,1,16.82
22272,7406,184,2,93.38
22273,7407,135,3,53.76
22274,7407,84,3,198.78
22275,7407,59,3,264.27
22276,7407,15,3,875.17
22277,7408,101,1,329.79
22278,7408,111,2,295.40
22279,7409,51,3,23.32
22280,7409,92,2,391.62
22281,7410,91,4,265.75
22282,7410,192,4,14.31
22283,7411,143,3,59.98
22284,7411,106,2,377.39
22285,7411,41,3,224.09
22286,7411,25,4,250.49
22287,7412,132,3,33.38
22288,7413,60,2,179.81
22289,7413,10,4,273.35
22290,7413,133,1,46.80
22291,7413,115,1,308.68
22292,7414,9,3,746.78
22293,7415,5,4,294.97
22294,7416,118,1,259.42
22295,7416,97,1,388.13
22296,7416,141,3,44.68
22297,7416,111,4,295.40
22298,7416,32,1,574.26
22299,7417,18,2,293.07
22300,7418,123,2,37.05
22301,7418,36,4,558.56
22302,7418,143,4,59.98
22303,7418,74,1,54.80
22304,7418,190,3,109.95
22305,7419,157,2,19.33
22306,7419,28,4,549.50
22307,7419,51,2,23.32
22308,7420,27,3,225.51
22309,7420,49,1,182.19
22310,7420,179,4,29.88
22311,7420,178,1,39.29
22312,7420,73,3,25.03
22313,7421,45,2,150.59
22314,7422,69,2,258.65
22315,7422,85,2,126.48
22316,7423,152,3,48.13
22317,7423,74,4,54.80
22318,7423,47,2,66.78
22319,7423,139,2,26.08
22320,7423,105,2,27.39
22321,7424,3,2,136.62
22322,7424,194,2,74.31
22323,7424,84,3,198.78
22324,7425,2,2,239.88
22325,7425,112,1,307.14
22326,7425,125,2,32.57
22327,7425,68,2,104.26
22328,7426,72,1,207.50
22329,7426,121,1,40.24
22330,7426,53,1,108.74
22331,7427,68,4,104.26
22332,7427,100,2,86.91
22333,7427,14,2,750.61
22334,7427,136,4,16.82
22335,7428,4,3,327.69
22336,7428,179,1,29.88
22337,7428,97,2,388.13
22338,7429,39,2,380.34
22339,7429,8,2,743.01
22340,7430,55,2,247.20
22341,7431,55,2,247.20
22342,7431,134,2,19.36
22343,7431,66,1,60.34
22344,7431,35,1,291.27
22345,7431,90,4,370.03
22346,7432,52,1,47.09
22347,7432,96,4,48.32
22348,7433,167,4,106.22
22349,7433,179,1,29.88
22350,7433,50,1,237.25
22351,7433,144,2,46.06
22352,7434,193,4,94.03
22353,7434,106,1,377.39
22354,7434,1,3,500.72
22355,7434,66,2,60.34
22356,7435,122,3,11.28
22357,7435,113,4,78.35
22358,7435,142,2,36.11
22359,7436,70,4,47.08
22360,7436,93,4,318.36
22361,7436,162,2,21.49
22362,7437,185,4,4.70
22363,7438,81,3,310.43
22364,7438,44,3,168.63
22365,7438,164,4,69.89
22366,7438,11,2,691.54
22367,7438,35,2,291.27
22368,7439,195,2,97.24
22369,7439,4,2,327.69
22370,7440,30,3,281.92
22371,7440,19,3,816.54
22372,7440,65,1,153.24
22373,7440,119,2,390.51
22374,7440,54,1,52.55
22375,7441,106,4,377.39
22376,7442,190,2,109.95
22377,7442,58,3,199.52
22378,7443,59,1,264.27
22379,7443,42,4,81.37
22380,7443,173,4,93.51
22381,7443,77,1,28.30
22382,7443,133,4,46.80
22383,7444,138,3,54.31
22384,7444,55,2,247.20
22385,7445,151,3,53.45
22386,7445,179,1,29.88
22387,7445,160,4,45.74
22388,7445,66,3,60.34
22389,7446,38,3,117.99
22390,7446,130,2,40.37
22391,7446,27,2,225.51
22392,7446,177,1,103.55
22393,7447,37,1,429.72
22394,7447,133,2,46.80
22395,7447,125,1,32.57
22396,7447,2,3,239.88
22397,7447,6,2,871.62
22398,7448,32,1,574.26
22399,7448,102,4,17.15
22400,7448,182,1,100.88
22401,7449,76,2,248.97
22402,7449,160,4,45.74
22403,7449,195,4,97.24
22404,7449,126,2,25.37
22405,7449,6,3,871.62
22406,7450,27,3,225.51
22407,7450,94,4,281.05
22408,7450,102,1,17.15
22409,7451,51,4,23.32
22410,7451,160,3,45.74
22411,7451,115,4,308.68
22412,7452,47,3,66.78
22413,7452,67,2,39.92
22414,7452,35,4,291.27
22415,7453,117,3,298.11
22416,7453,68,4,104.26
22417,7454,200,3,21.95
22418,7455,113,1,78.35
22419,7455,110,3,431.78
22420,7455,99,3,151.45
22421,7456,108,3,231.27
22422,7456,24,2,811.59
22423,7456,113,2,78.35
22424,7456,129,3,31.16
22425,7457,189,3,57.74
22426,7457,25,2,250.49
22427,7457,29,3,665.28
22428,7457,32,1,574.26
22429,7458,20,1,150.57
22430,7458,133,2,46.80
22431,7458,146,1,27.35
22432,7458,82,1,164.45
22433,7459,68,2,104.26
22434,7459,16,3,537.37
22435,7459,52,2,47.09
22436,7459,116,1,163.33
22437,7459,116,1,163.33
22438,7460,103,3,258.65
22439,7460,9,3,746.78
22440,7461,113,4,78.35
22441,7461,81,4,310.43
22442,7461,72,2,207.50
22443,7461,124,1,44.55
22444,7461,65,1,153.24
22445,7462,144,4,46.06
22446,7462,139,4,26.08
22447,7462,14,3,750.61
22448,7463,155,2,24.51
22449,7464,176,3,24.47
22450,7464,109,1,191.43
22451,7464,64,2,50.42
22452,7464,110,1,431.78
22453,7465,141,4,44.68
22454,7465,85,3,126.48
22455,7465,95,1,418.23
22456,7465,197,1,63.01
22457,7465,124,2,44.55
22458,7466,119,1,390.51
22459,7466,69,3,258.65
22460,7466,85,1,126.48
22461,7467,92,2,391.62
22462,7467,78,3,92.26
22463,7468,152,3,48.13
22464,7468,177,4,103.55
22465,7468,50,3,237.25
22466,7468,155,1,24.51
22467,7469,14,4,750.61
22468,7469,116,3,163.33
22469,7469,30,4,281.92
22470,7469,161,2,9.08
22471,7470,170,1,16.89
22472,7471,161,2,9.08
22473,7471,184,1,93.38
22474,7471,179,1,29.88
22475,7471,50,2,237.25
22476,7472,87,2,282.19
22477,7472,106,2,377.39
22478,7472,150,4,45.00
22479,7472,167,3,106.22
22480,7473,91,3,265.75
22481,7473,64,4,50.42
22482,7474,82,3,164.45
22483,7474,185,1,4.70
22484,7474,200,4,21.95
22485,7474,170,4,16.89
22486,7475,53,2,108.74
22487,7475,15,3,875.17
22488,7475,197,1,63.01
22489,7475,175,4,53.39
22490,7475,91,4,265.75
22491,7476,26,1,43.63
22492,7477,196,3,66.42
22493,7477,129,3,31.16
22494,7477,30,1,281.92
22495,7477,184,1,93.38
22496,7478,8,1,743.01
22497,7478,187,1,12.37
22498,7478,127,1,45.09
22499,7478,44,1,168.63
22500,7479,10,2,273.35
22501,7479,159,4,26.55
22502,7480,113,2,78.35
22503,7480,183,2,92.22
22504,7480,189,1,57.74
22505,7480,89,3,183.76
22506,7480,157,4,19.33
22507,7481,162,1,21.49
22508,7482,124,2,44.55
22509,7482,23,2,311.08
22510,7483,79,2,233.68
22511,7483,74,4,54.80
22512,7483,92,1,391.62
22513,7484,73,4,25.03
22514,7484,15,3,875.17
22515,7484,43,4,30.78
22516,7484,3,3,136.62
22517,7484,99,2,151.45
22518,7485,137,4,16.72
22519,7485,140,3,13.39
22520,7486,150,2,45.00
22521,7486,158,2,59.27
22522,7487,105,2,27.39
22523,7487,149,4,28.06
22524,7487,26,1,43.63
22525,7487,20,2,150.57
22526,7488,122,4,11.28
22527,7488,82,4,164.45
22528,7488,113,4,78.35
22529,7489,12,3,788.04
22530,7490,93,2,318.36
22531,7490,164,1,69.89
22532,7490,180,4,109.81
22533,7491,168,3,4.90
22534,7491,176,1,24.47
22535,7491,101,1,329.79
22536,7491,166,2,61.71
22537,7491,86,1,333.64
22538,7492,98,4,324.18
22539,7492,175,2,53.39
22540,7493,15,4,875.17
22541,7494,157,3,19.33
22542,7495,122,4,11.28
22543,7496,86,4,333.64
22544,7497,116,3,163.33
22545,7498,76,1,248.97
22546,7498,176,2,24.47
22547,7498,176,1,24.47
22548,7499,105,2,27.39
22549,7499,134,1,19.36
22550,7499,3,1,136.62
22551,7499,59,3,264.27
22552,7500,53,3,108.74
22553,7500,31,1,609.25
22554,7500,28,3,549.50
22555,7500,94,1,281.05
22556,7501,41,4,224.09
22557,7501,42,1,81.37
22558,7501,56,1,174.98
22559,7501,148,1,42.76
22560,7501,125,2,32.57
22561,7502,49,3,182.19
22562,7502,140,3,13.39
22563,7502,134,4,19.36
22564,7502,18,1,293.07
22565,7503,126,3,25.37
22566,7503,32,4,574.26
22567,7503,58,1,199.52
22568,7503,182,4,100.88
22569,7503,140,4,13.39
22570,7504,66,2,60.34
22571,7505,198,3,49.14
22572,7505,165,4,65.60
22573,7505,60,2,179.81
22574,7505,46,2,30.13
22575,7506,86,3,333.64
22576,7506,24,3,811.59
22577,7506,189,3,57.74
22578,7507,198,4,49.14
22579,7507,101,4,329.79
22580,7507,86,1,333.64
22581,7507,85,1,126.48
22582,7507,97,3,388.13
22583,7508,1,3,500.72
22584,7508,106,1,377.39
22585,7508,43,3,30.78
22586,7508,97,1,388.13
22587,7508,1,3,500.72
22588,7509,58,4,199.52
22589,7509,35,1,291.27
22590,7509,111,3,295.40
22591,7510,121,1,40.24
22592,7510,47,4,66.78
22593,7510,63,1,293.35
22594,7510,164,2,69.89
22595,7511,113,1,78.35
22596,7511,27,1,225.51
22597,7511,163,4,81.90
22598,7511,24,3,811.59
22599,7512,11,3,691.54
22600,7512,53,3,108.74
22601,7513,37,2,429.72
22602,7514,159,4,26.55
22603,7514,195,2,97.24
22604,7514,59,1,264.27
22605,7514,22,3,129.18
22606,7515,24,2,811.59
22607,7515,136,4,16.82
22608,7515,153,3,53.97
22609,7515,188,2,16.87
22610,7515,100,3,86.91
22611,7516,136,2,16.82
22612,7517,111,1,295.40
22613,7518,45,2,150.59
22614,7518,114,4,386.72
22615,7518,8,3,743.01
22616,7518,169,3,96.92
22617,7519,149,4,28.06
22618,7519,46,2,30.13
22619,7519,165,2,65.60
22620,7519,84,4,198.78
22621,7520,115,4,308.68
22622,7520,67,3,39.92
22623,7521,154,2,6.98
22624,7521,9,4,746.78
22625,7521,15,3,875.17
22626,7521,50,2,237.25
22627,7522,166,1,61.71
22628,7522,124,2,44.55
22629,7523,122,3,11.28
22630,7523,155,3,24.51
22631,7523,113,4,78.35
22632,7523,44,1,168.63
22633,7524,179,4,29.88
22634,7525,2,1,239.88
22635,7526,37,3,429.72
22636,7526,142,4,36.11
22637,7526,45,1,150.59
22638,7526,174,3,114.93
22639,7526,188,2,16.87
22640,7527,168,3,4.90
22641,7528,45,1,150.59
22642,7529,77,1,28.30
22643,7529,184,1,93.38
22644,7529,67,4,39.92
22645,7530,142,1,36.11
22646,7530,80,1,253.61
22647,7530,176,1,24.47
22648,7530,23,2,311.08
22649,7531,152,3,48.13
22650,7531,164,1,69.89
22651,7531,116,2,163.33
22652,7531,115,3,308.68
22653,7532,107,2,368.95
22654,7532,114,4,386.72
22655,7532,143,3,59.98
22656,7533,103,2,258.65
22657,7533,142,2,36.11
22658,7533,144,4,46.06
22659,7533,66,3,60.34
22660,7534,36,3,558.56
22661,7534,57,3,51.30
22662,7534,57,3,51.30
22663,7534,164,1,69.89
22664,7535,137,1,16.72
22665,7536,69,4,258.65
22666,7536,37,1,429.72
22667,7536,108,2,231.27
22668,7536,43,3,30.78
22669,7537,1,2,500.72
22670,7537,14,3,750.61
22671,7537,34,3,426.41
22672,7537,20,1,150.57
22673,7538,92,1,391.62
22674,7538,82,4,164.45
22675,7538,89,3,183.76
22676,7539,1,1,500.72
22677,7539,191,2,103.44
22678,7539,41,4,224.09
22679,7539,119,3,390.51
22680,7539,170,2,16.89
22681,7540,55,3,247.20
22682,7540,81,2,310.43
22683,7540,105,4,27.39
22684,7541,122,3,11.28
22685,7541,54,3,52.55
22686,7541,39,3,380.34
22687,7542,145,4,16.73
22688,7542,100,3,86.91
22689,7542,140,4,13.39
22690,7542,157,4,19.33
22691,7543,187,1,12.37
22692,7543,138,4,54.31
22693,7543,87,4,282.19
22694,7544,44,3,168.63
22695,7544,195,3,97.24
22696,7545,168,3,4.90
22697,7546,48,1,206.81
22698,7546,196,4,66.42
22699,7546,64,2,50.42
22700,7546,75,2,108.00
22701,7546,22,4,129.18
22702,7547,152,3,48.13
22703,7547,8,1,743.01
22704,7548,100,3,86.91
22705,7548,77,2,28.30
22706,7548,87,4,282.19
22707,7548,2,2,239.88
22708,7548,136,3,16.82
22709,7549,91,3,265.75
22710,7549,81,4,310.43
22711,7549,91,1,265.75
22712,7549,192,4,14.31
22713,7549,109,3,191.43
22714,7550,187,3,12.37
22715,7550,200,3,21.95
22716,7551,153,1,53.97
22717,7551,74,4,54.80
22718,7551,162,4,21.49
22719,7551,121,2,40.24
22720,7552,148,2,42.76
22721,7552,40,4,633.55
22722,7552,185,1,4.70
22723,7552,19,1,816.54
22724,7552,39,1,380.34
22725,7553,157,4,19.33
22726,7553,35,2,291.27
22727,7554,178,1,39.29
22728,7554,144,4,46.06
22729,7555,191,1,103.44
22730,7556,35,3,291.27
22731,7556,190,4,109.95
22732,7557,117,1,298.11
22733,7557,174,2,114.93
22734,7558,110,4,431.78
22735,7558,139,3,26.08
22736,7559,39,3,380.34
22737,7559,52,2,47.09
22738,7559,183,3,92.22
22739,7559,176,2,24.47
22740,7560,68,3,104.26
22741,7560,137,1,16.72
22742,7561,135,3,53.76
22743,7561,193,1,94.03
22744,7561,96,2,48.32
22745,7561,55,4,247.20
22746,7561,85,2,126.48
22747,7562,155,3,24.51
22748,7562,18,4,293.07
22749,7562,32,3,574.26
22750,7562,121,1,40.24
22751,7562,160,2,45.74
22752,7563,23,3,311.08
22753,7563,48,1,206.81
22754,7563,193,1,94.03
22755,7563,133,2,46.80
22756,7564,159,1,26.55
22757,7564,54,4,52.55
22758,7564,190,4,109.95
22759,7564,139,2,26.08
22760,7565,21,4,540.25
22761,7565,6,4,871.62
22762,7565,105,4,27.39
22763,7565,113,2,78.35
22764,7565,118,2,259.42
22765,7566,44,3,168.63
22766,7566,62,2,205.44
22767,7566,160,2,45.74
22768,7566,162,4,21.49
22769,7567,107,2,368.95
22770,7567,31,4,609.25
22771,7568,101,1,329.79
22772,7568,128,2,46.60
22773,7568,187,3,12.37
22774,7568,133,2,46.80
22775,7569,93,3,318.36
22776,7569,22,2,129.18
22777,7569,141,2,44.68
22778,7570,4,2,327.69
22779,7570,123,2,37.05
22780,7570,91,1,265.75
22781,7570,52,4,47.09
22782,7571,122,3,11.28
22783,7571,170,3,16.89
22784,7571,122,1,11.28
22785,7571,182,3,100.88
22786,7572,193,3,94.03
22787,7573,3,2,136.62
22788,7574,148,3,42.76
22789,7574,81,4,310.43
22790,7574,49,1,182.19
22791,7574,58,1,199.52
22792,7575,155,3,24.51
22793,7575,144,4,46.06
22794,7575,74,3,54.80
22795,7575,92,3,391.62
22796,7575,140,3,13.39
22797,7576,49,1,182.19
22798,7576,141,3,44.68
22799,7576,5,3,294.97
22800,7576,124,4,44.55
22801,7577,124,2,44.55
22802,7577,2,1,239.88
22803,7577,122,1,11.28
22804,7577,143,4,59.98
22805,7577,183,4,92.22
22806,7578,186,4,118.92
22807,7578,97,3,388.13
22808,7578,22,3,129.18
22809,7578,14,3,750.61
22810,7578,43,1,30.78
22811,7579,119,4,390.51
22812,7579,176,3,24.47
22813,7579,102,1,17.15
22814,7579,180,4,109.81
22815,7579,124,1,44.55
22816,7580,10,4,273.35
22817,7580,21,3,540.25
22818,7580,100,1,86.91
22819,7580,101,1,329.79
22820,7580,130,3,40.37
22821,7581,108,2,231.27
22822,7581,69,2,258.65
22823,7581,133,3,46.80
22824,7581,87,4,282.19
22825,7582,138,4,54.31
22826,7583,108,1,231.27
22827,7583,127,2,45.09
22828,7583,57,1,51.30
22829,7584,65,1,153.24
22830,7585,200,1,21.95
22831,7585,189,2,57.74
22832,7586,109,3,191.43
22833,7586,22,3,129.18
22834,7586,109,4,191.43
22835,7587,34,4,426.41
22836,7588,98,1,324.18
22837,7588,99,2,151.45
22838,7589,71,2,271.85
22839,7590,84,2,198.78
22840,7590,131,2,51.37
22841,7590,75,2,108.00
22842,7590,11,1,691.54
22843,7590,53,1,108.74
22844,7591,85,1,126.48
22845,7591,178,2,39.29
22846,7591,37,1,429.72
22847,7591,92,4,391.62
22848,7592,5,1,294.97
22849,7592,53,4,108.74
22850,7593,24,1,811.59
22851,7593,102,1,17.15
22852,7594,100,2,86.91
22853,7594,36,2,558.56
22854,7594,188,4,16.87
22855,7595,148,1,42.76
22856,7595,87,4,282.19
22857,7596,146,3,27.35
22858,7596,35,2,291.27
22859,7596,140,1,13.39
22860,7596,133,1,46.80
22861,7596,34,3,426.41
22862,7597,130,2,40.37
22863,7597,180,4,109.81
22864,7597,136,2,16.82
22865,7598,11,3,691.54
22866,7598,200,4,21.95
22867,7598,127,2,45.09
22868,7599,172,1,66.83
22869,7600,47,1,66.78
22870,7601,155,4,24.51
22871,7601,25,3,250.49
22872,7602,128,3,46.60
22873,7603,77,2,28.30
22874,7603,23,4,311.08
22875,7603,177,4,103.55
22876,7603,23,4,311.08
22877,7604,196,4,66.42
22878,7604,98,2,324.18
22879,7605,102,1,17.15
22880,7606,64,2,50.42
22881,7607,119,1,390.51
22882,7607,29,2,665.28
22883,7608,22,4,129.18
22884,7608,106,1,377.39
22885,7608,89,4,183.76
22886,7608,108,1,231.27
22887,7608,157,2,19.33
22888,7609,23,3,311.08
22889,7609,123,1,37.05
22890,7609,23,2,311.08
22891,7609,83,4,88.66
22892,7610,39,4,380.34
22893,7610,87,4,282.19
22894,7611,117,2,298.11
22895,7612,176,2,24.47
22896,7612,87,4,282.19
22897,7613,63,1,293.35
22898,7613,5,2,294.97
22899,7614,80,2,253.61
22900,7614,148,4,42.76
22901,7615,132,4,33.38
22902,7615,192,1,14.31
22903,7616,117,4,298.11
22904,7616,76,3,248.97
22905,7616,46,1,30.13
22906,7616,82,1,164.45
22907,7617,178,1,39.29
22908,7617,78,1,92.26
22909,7617,200,2,21.95
22910,7617,140,3,13.39
22911,7617,153,2,53.97
22912,7618,67,2,39.92
22913,7619,51,4,23.32
22914,7619,77,2,28.30
22915,7619,84,2,198.78
22916,7620,167,4,106.22
22917,7620,187,3,12.37
22918,7620,77,2,28.30
22919,7621,6,3,871.62
22920,7621,138,3,54.31
22921,7621,36,2,558.56
22922,7622,69,3,258.65
22923,7623,25,1,250.49
22924,7623,176,4,24.47
22925,7623,97,2,388.13
22926,7623,132,2,33.38
22927,7624,198,1,49.14
22928,7624,62,1,205.44
22929,7624,151,2,53.45
22930,7624,38,4,117.99
22931,7625,136,3,16.82
22932,7625,158,4,59.27
22933,7625,40,4,633.55
22934,7626,42,2,81.37
22935,7626,115,3,308.68
22936,7626,71,2,271.85
22937,7627,118,4,259.42
22938,7627,177,2,103.55
22939,7628,2,4,239.88
22940,7629,52,4,47.09
22941,7630,190,3,109.95
22942,7630,20,3,150.57
22943,7630,49,4,182.19
22944,7630,43,3,30.78
22945,7630,45,4,150.59
22946,7631,184,2,93.38
22947,7631,19,3,816.54
22948,7632,80,2,253.61
22949,7632,102,2,17.15
22950,7632,3,3,136.62
22951,7632,59,4,264.27
22952,7633,6,4,871.62
22953,7633,76,4,248.97
22954,7633,56,2,174.98
22955,7633,118,1,259.42
22956,7633,8,4,743.01
22957,7634,117,2,298.11
22958,7634,9,1,746.78
22959,7634,145,2,16.73
22960,7634,122,4,11.28
22961,7634,38,3,117.99
22962,7635,57,2,51.30
22963,7635,64,4,50.42
22964,7635,95,1,418.23
22965,7635,96,1,48.32
22966,7635,104,1,42.38
22967,7636,173,4,93.51
22968,7636,178,3,39.29
22969,7636,2,1,239.88
22970,7637,154,1,6.98
22971,7637,142,2,36.11
22972,7638,9,1,746.78
22973,7639,179,3,29.88
22974,7639,127,3,45.09
22975,7639,6,4,871.62
22976,7639,179,1,29.88
22977,7639,183,4,92.22
22978,7640,151,4,53.45
22979,7640,87,2,282.19
22980,7641,116,3,163.33
22981,7642,188,1,16.87
22982,7642,2,3,239.88
22983,7642,106,4,377.39
22984,7642,78,2,92.26
22985,7642,178,4,39.29
22986,7643,44,2,168.63
22987,7643,75,1,108.00
22988,7643,132,4,33.38
22989,7644,25,1,250.49
22990,7644,23,2,311.08
22991,7644,29,4,665.28
22992,7644,119,4,390.51
22993,7645,116,4,163.33
22994,7645,163,3,81.90
22995,7645,67,2,39.92
22996,7646,177,3,103.55
22997,7646,73,2,25.03
22998,7646,41,1,224.09
22999,7647,141,2,44.68
23000,7647,9,4,746.78
23001,7647,68,4,104.26
23002,7647,20,2,150.57
23003,7648,160,2,45.74
23004,7648,131,3,51.37
23005,7648,30,3,281.92
23006,7648,2,4,239.88
23007,7648,141,4,44.68
23008,7649,65,1,153.24
23009,7650,66,2,60.34
23010,7650,170,4,16.89
23011,7650,65,4,153.24
23012,7650,160,3,45.74
23013,7651,27,2,225.51
23014,7651,25,4,250.49
23015,7651,123,3,37.05
23016,7651,73,2,25.03
23017,7651,186,1,118.92
23018,7652,116,2,163.33
23019,7652,34,3,426.41
23020,7652,49,4,182.19
23021,7652,84,1,198.78
23022,7652,86,4,333.64
23023,7653,10,1,273.35
23024,7653,72,4,207.50
23025,7653,90,3,370.03
23026,7653,195,2,97.24
23027,7654,34,3,426.41
23028,7654,42,3,81.37
23029,7654,150,2,45.00
23030,7654,173,4,93.51
23031,7654,115,2,308.68
23032,7655,142,2,36.11
23033,7655,92,4,391.62
23034,7655,165,2,65.60
23035,7655,186,3,118.92
23036,7655,128,1,46.60
23037,7656,73,2,25.03
23038,7656,39,4,380.34
23039,7656,38,4,117.99
23040,7657,36,4,558.56
23041,7657,185,3,4.70
23042,7657,26,4,43.63
23043,7657,134,2,19.36
23044,7658,44,1,168.63
23045,7658,158,4,59.27
23046,7658,193,3,94.03
23047,7659,118,1,259.42
23048,7659,65,2,153.24
23049,7659,31,3,609.25
23050,7659,26,1,43.63
23051,7659,105,2,27.39
23052,7660,9,1,746.78
23053,7660,8,1,743.01
23054,7660,29,1,665.28
23055,7660,127,2,45.09
23056,7661,125,3,32.57
23057,7661,14,4,750.61
23058,7661,52,4,47.09
23059,7661,145,4,16.73
23060,7662,149,2,28.06
23061,7662,136,3,16.82
23062,7663,132,2,33.38
23063,7663,182,2,100.88
23064,7663,111,1,295.40
23065,7663,150,2,45.00
23066,7664,117,1,298.11
23067,7664,86,3,333.64
23068,7665,3,4,136.62
23069,7665,118,4,259.42
23070,7666,194,2,74.31
23071,7666,60,1,179.81
23072,7666,43,1,30.78
23073,7666,200,1,21.95
23074,7666,62,4,205.44
23075,7667,187,1,12.37
23076,7667,79,3,233.68
23077,7667,77,3,28.30
23078,7667,26,3,43.63
23079,7667,32,1,574.26
23080,7668,133,4,46.80
23081,7668,77,1,28.30
23082,7668,109,2,191.43
23083,7668,176,2,24.47
23084,7668,137,3,16.72
23085,7669,175,2,53.39
23086,7669,37,4,429.72
23087,7669,40,3,633.55
23088,7670,113,1,78.35
23089,7670,185,2,4.70
23090,7670,86,3,333.64
23091,7670,194,3,74.31
23092,7670,59,3,264.27
23093,7671,20,3,150.57
23094,7671,72,4,207.50
23095,7671,118,4,259.42
23096,7672,152,4,48.13
23097,7673,3,1,136.62
23098,7673,12,2,788.04
23099,7674,167,4,106.22
23100,7675,100,3,86.91
23101,7676,85,4,126.48
23102,7676,101,4,329.79
23103,7676,184,3,93.38
23104,7676,20,3,150.57
23105,7676,95,2,418.23
23106,7677,190,2,109.95
23107,7677,3,4,136.62
23108,7677,185,2,4.70
23109,7678,101,1,329.79
23110,7678,186,1,118.92
23111,7678,159,2,26.55
23112,7678,111,3,295.40
23113,7678,100,4,86.91
23114,7679,81,3,310.43
23115,7679,195,2,97.24
23116,7679,174,2,114.93
23117,7680,80,4,253.61
23118,7681,58,1,199.52
23119,7681,172,4,66.83
23120,7681,32,3,574.26
23121,7681,121,3,40.24
23122,7681,137,3,16.72
23123,7682,196,4,66.42
23124,7682,178,1,39.29
23125,7683,98,3,324.18
23126,7683,105,1,27.39
23127,7684,54,2,52.55
23128,7684,200,4,21.95
23129,7685,189,1,57.74
23130,7686,174,4,114.93
23131,7686,112,3,307.14
23132,7686,163,1,81.90
23133,7687,131,1,51.37
23134,7688,78,4,92.26
23135,7688,172,4,66.83
23136,7689,79,4,233.68
23137,7690,20,1,150.57
23138,7690,143,2,59.98
23139,7690,22,2,129.18
23140,7691,153,4,53.97
23141,7691,134,4,19.36
23142,7691,13,1,522.46
23143,7691,69,2,258.65
23144,7691,124,2,44.55
23145,7692,156,4,47.44
23146,7692,94,1,281.05
23147,7692,75,2,108.00
23148,7692,23,2,311.08
23149,7693,116,3,163.33
23150,7694,53,2,108.74
23151,7694,68,1,104.26
23152,7694,19,4,816.54
23153,7695,175,2,53.39
23154,7695,28,2,549.50
23155,7695,94,3,281.05
23156,7696,155,1,24.51
23157,7696,101,4,329.79
23158,7696,131,2,51.37
23159,7696,20,2,150.57
23160,7697,178,4,39.29
23161,7698,177,3,103.55
23162,7699,193,2,94.03
23163,7700,40,2,633.55
23164,7700,122,4,11.28
23165,7700,168,3,4.90
23166,7701,189,2,57.74
23167,7701,149,1,28.06
23168,7701,18,4,293.07
23169,7701,143,2,59.98
23170,7701,159,4,26.55
23171,7702,1,4,500.72
23172,7703,112,3,307.14
23173,7703,185,4,4.70
23174,7703,104,2,42.38
23175,7704,179,2,29.88
23176,7704,28,2,549.50
23177,7705,122,4,11.28
23178,7705,64,3,50.42
23179,7705,73,3,25.03
23180,7706,23,1,311.08
23181,7706,8,4,743.01
23182,7706,6,2,871.62
23183,7707,122,3,11.28
23184,7707,186,4,118.92
23185,7708,39,1,380.34
23186,7708,105,2,27.39
23187,7708,80,1,253.61
23188,7708,84,2,198.78
23189,7709,6,3,871.62
23190,7710,51,3,23.32
23191,7710,108,3,231.27
23192,7710,160,3,45.74
23193,7711,173,4,93.51
23194,7711,14,3,750.61
23195,7711,6,2,871.62
23196,7711,77,3,28.30
23197,7712,130,1,40.37
23198,7712,182,1,100.88
23199,7712,190,4,109.95
23200,7712,124,1,44.55
23201,7712,118,2,259.42
23202,7713,175,3,53.39
23203,7714,151,3,53.45
23204,7714,172,4,66.83
23205,7714,160,3,45.74
23206,7714,200,2,21.95
23207,7714,104,1,42.38
23208,7715,20,3,150.57
23209,7715,189,2,57.74
23210,7715,39,4,380.34
23211,7715,48,3,206.81
23212,7715,187,3,12.37
23213,7716,47,2,66.78
23214,7716,119,3,390.51
23215,7716,77,1,28.30
23216,7716,83,4,88.66
23217,7716,175,2,53.39
23218,7717,108,2,231.27
23219,7717,124,1,44.55
23220,7717,48,2,206.81
23221,7717,103,1,258.65
23222,7718,194,4,74.31
23223,7719,73,4,25.03
23224,7719,167,3,106.22
23225,7719,105,3,27.39
23226,7719,23,3,311.08
23227,7719,126,3,25.37
23228,7720,28,4,549.50
23229,7720,181,4,13.99
23230,7721,8,4,743.01
23231,7721,56,3,174.98
23232,7721,73,2,25.03
23233,7722,180,2,109.81
23234,7722,47,2,66.78
23235,7722,4,2,327.69
23236,7722,193,1,94.03
23237,7723,62,4,205.44
23238,7724,164,4,69.89
23239,7724,77,4,28.30
23240,7725,137,4,16.72
23241,7726,80,1,253.61
23242,7726,54,2,52.55
23243,7727,172,3,66.83
23244,7727,157,1,19.33
23245,7728,130,4,40.37
23246,7728,166,2,61.71
23247,7728,55,1,247.20
23248,7729,97,4,388.13
23249,7729,149,1,28.06
23250,7729,10,4,273.35
23251,7730,153,2,53.97
23252,7731,153,1,53.97
23253,7731,107,1,368.95
23254,7731,127,1,45.09
23255,7731,62,3,205.44
23256,7732,127,2,45.09
23257,7733,29,4,665.28
23258,7733,136,3,16.82
23259,7733,46,1,30.13
23260,7734,165,1,65.60
23261,7734,12,1,788.04
23262,7734,60,2,179.81
23263,7734,152,2,48.13
23264,7735,14,1,750.61
23265,7736,11,2,691.54
23266,7737,32,4,574.26
23267,7737,13,3,522.46
23268,7738,31,2,609.25
23269,7738,51,1,23.32
23270,7739,143,3,59.98
23271,7739,104,4,42.38
23272,7739,146,3,27.35
23273,7739,49,2,182.19
23274,7740,179,4,29.88
23275,7740,8,2,743.01
23276,7740,160,3,45.74
23277,7740,64,4,50.42
23278,7741,181,1,13.99
23279,7741,22,2,129.18
23280,7741,124,3,44.55
23281,7741,146,3,27.35
23282,7742,142,1,36.11
23283,7742,34,4,426.41
23284,7743,190,4,109.95
23285,7743,182,3,100.88
23286,7743,64,4,50.42
23287,7743,138,4,54.31
23288,7744,159,3,26.55
23289,7744,10,4,273.35
23290,7744,12,1,788.04
23291,7745,80,4,253.61
23292,7745,149,2,28.06
23293,7745,81,3,310.43
23294,7745,93,3,318.36
23295,7746,169,4,96.92
23296,7747,101,4,329.79
23297,7748,173,3,93.51
23298,7748,68,4,104.26
23299,7748,94,3,281.05
23300,7748,105,1,27.39
23301,7749,74,3,54.80
23302,7749,101,3,329.79
23303,7750,178,4,39.29
23304,7750,53,4,108.74
23305,7750,125,3,32.57
23306,7751,174,2,114.93
23307,7751,89,3,183.76
23308,7752,94,2,281.05
23309,7752,195,1,97.24
23310,7752,94,2,281.05
23311,7753,174,1,114.93
23312,7754,155,4,24.51
23313,7754,18,2,293.07
23314,7755,66,3,60.34
23315,7755,113,4,78.35
23316,7755,163,2,81.90
23317,7755,27,1,225.51
23318,7756,105,4,27.39
23319,7757,172,1,66.83
23320,7757,76,4,248.97
23321,7757,179,4,29.88
23322,7758,55,1,247.20
23323,7758,173,2,93.51
23324,7758,39,4,380.34
23325,7758,29,3,665.28
23326,7758,67,2,39.92
23327,7759,79,4,233.68
23328,7759,51,3,23.32
23329,7760,146,4,27.35
23330,7760,115,4,308.68
23331,7760,111,1,295.40
23332,7760,76,3,248.97
23333,7761,94,4,281.05
23334,7762,71,2,271.85
23335,7762,122,2,11.28
23336,7763,198,3,49.14
23337,7763,94,2,281.05
23338,7763,175,2,53.39
23339,7763,97,4,388.13
23340,7764,142,2,36.11
23341,7764,78,2,92.26
23342,7765,52,2,47.09
23343,7766,46,4,30.13
23344,7766,189,3,57.74
23345,7766,27,4,225.51
23346,7766,50,2,237.25
23347,7766,143,3,59.98
23348,7767,126,1,25.37
23349,7767,114,3,386.72
23350,7767,102,1,17.15
23351,7767,126,4,25.37
23352,7767,69,4,258.65
23353,7768,17,3,446.15
23354,7768,156,2,47.44
23355,7768,186,2,118.92
23356,7768,94,2,281.05
23357,7768,68,3,104.26
23358,7769,103,3,258.65
23359,7770,109,3,191.43
23360,7771,57,4,51.30
23361,7771,138,3,54.31
23362,7771,74,4,54.80
23363,7772,143,4,59.98
23364,7772,28,4,549.50
23365,7772,47,2,66.78
23366,7772,124,1,44.55
23367,7773,164,3,69.89
23368,7773,101,2,329.79
23369,7773,9,3,746.78
23370,7773,141,4,44.68
23371,7773,186,2,118.92
23372,7774,38,2,117.99
23373,7774,107,1,368.95
23374,7774,179,1,29.88
23375,7774,25,1,250.49
23376,7775,1,2,500.72
23377,7776,124,4,44.55
23378,7776,89,2,183.76
23379,7776,170,2,16.89
23380,7776,154,2,6.98
23381,7777,124,1,44.55
23382,7777,128,4,46.60
23383,7777,9,1,746.78
23384,7778,101,1,329.79
23385,7779,106,1,377.39
23386,7779,134,2,19.36
23387,7780,71,2,271.85
23388,7780,78,2,92.26
23389,7781,16,1,537.37
23390,7781,184,1,93.38
23391,7781,103,3,258.65
23392,7781,87,2,282.19
23393,7782,190,4,109.95
23394,7783,98,1,324.18
23395,7784,4,4,327.69
23396,7784,98,3,324.18
23397,7784,28,1,549.50
23398,7784,167,4,106.22
23399,7785,43,2,30.78
23400,7786,46,2,30.13
23401,7786,98,2,324.18
23402,7787,53,2,108.74
23403,7787,95,2,418.23
23404,7787,80,2,253.61
23405,7787,105,3,27.39
23406,7788,17,4,446.15
23407,7788,148,4,42.76
23408,7788,99,4,151.45
23409,7788,124,4,44.55
23410,7789,90,4,370.03
23411,7789,16,4,537.37
23412,7789,56,2,174.98
23413,7790,150,3,45.00
23414,7790,58,2,199.52
23415,7791,183,1,92.22
23416,7791,188,1,16.87
23417,7791,39,3,380.34
23418,7792,12,4,788.04
23419,7793,152,3,48.13
23420,7793,40,3,633.55
23421,7793,143,2,59.98
23422,7794,188,4,16.87
23423,7794,101,1,329.79
23424,7795,153,3,53.97
23425,7795,111,3,295.40
23426,7795,175,2,53.39
23427,7795,193,4,94.03
23428,7796,166,2,61.71
23429,7796,136,2,16.82
23430,7796,71,3,271.85
23431,7796,113,3,78.35
23432,7797,5,2,294.97
23433,7797,18,4,293.07
23434,7797,190,2,109.95
23435,7798,25,1,250.49
23436,7798,131,3,51.37
23437,7798,25,2,250.49
23438,7798,52,3,47.09
23439,7798,129,4,31.16
23440,7799,163,1,81.90
23441,7799,174,1,114.93
23442,7799,100,2,86.91
23443,7800,105,3,27.39
23444,7801,73,2,25.03
23445,7802,56,2,174.98
23446,7803,121,3,40.24
23447,7804,73,2,25.03
23448,7804,31,1,609.25
23449,7805,45,1,150.59
23450,7806,110,2,431.78
23451,7806,141,1,44.68
23452,7807,90,1,370.03
23453,7807,126,3,25.37
23454,7807,82,4,164.45
23455,7807,98,2,324.18
23456,7807,178,4,39.29
23457,7808,90,3,370.03
23458,7809,157,1,19.33
23459,7809,43,1,30.78
23460,7809,177,2,103.55
23461,7809,167,4,106.22
23462,7809,118,2,259.42
23463,7810,25,1,250.49
23464,7811,98,2,324.18
23465,7811,159,1,26.55
23466,7811,200,4,21.95
23467,7811,149,4,28.06
23468,7812,53,4,108.74
23469,7812,16,1,537.37
23470,7812,72,4,207.50
23471,7812,5,3,294.97
23472,7813,82,4,164.45
23473,7813,93,2,318.36
23474,7813,197,2,63.01
23475,7813,135,1,53.76
23476,7814,131,4,51.37
23477,7814,85,4,126.48
23478,7814,9,3,746.78
23479,7815,82,2,164.45
23480,7816,126,1,25.37
23481,7817,192,1,14.31
23482,7817,8,2,743.01
23483,7817,51,3,23.32
23484,7817,29,4,665.28
23485,7818,69,2,258.65
23486,7818,86,3,333.64
23487,7818,9,1,746.78
23488,7818,6,4,871.62
23489,7818,80,4,253.61
23490,7819,18,2,293.07
23491,7819,139,3,26.08
23492,7819,13,3,522.46
23493,7820,75,4,108.00
23494,7820,85,2,126.48
23495,7820,85,4,126.48
23496,7821,135,4,53.76
23497,7821,79,4,233.68
23498,7821,188,4,16.87
23499,7821,27,3,225.51
23500,7821,121,1,40.24
23501,7822,20,1,150.57
23502,7822,182,3,100.88
23503,7823,54,2,52.55
23504,7824,135,2,53.76
23505,7824,65,4,153.24
23506,7824,123,2,37.05
23507,7824,17,2,446.15
23508,7824,132,3,33.38
23509,7825,110,3,431.78
23510,7825,189,1,57.74
23511,7826,75,2,108.00
23512,7827,89,2,183.76
23513,7827,172,2,66.83
23514,7828,58,2,199.52
23515,7828,11,2,691.54
23516,7828,162,1,21.49
23517,7829,10,2,273.35
23518,7829,191,4,103.44
23519,7829,30,1,281.92
23520,7830,25,3,250.49
23521,7830,100,4,86.91
23522,7831,137,2,16.72
23523,7831,12,2,788.04
23524,7831,180,1,109.81
23525,7831,23,3,311.08
23526,7831,177,4,103.55
23527,7832,170,4,16.89
23528,7833,64,1,50.42
23529,7833,160,2,45.74
23530,7833,6,4,871.62
23531,7834,113,4,78.35
23532,7834,108,3,231.27
23533,7834,102,1,17.15
23534,7834,99,1,151.45
23535,7835,118,1,259.42
23536,7835,132,4,33.38
23537,7835,137,1,16.72
23538,7835,79,2,233.68
23539,7836,103,3,258.65
23540,7836,134,3,19.36
23541,7836,125,2,32.57
23542,7837,168,2,4.90
23543,7837,94,2,281.05
23544,7837,90,3,370.03
23545,7837,192,4,14.31
23546,7838,20,3,150.57
23547,7838,132,2,33.38
23548,7838,87,3,282.19
23549,7838,69,4,258.65
23550,7839,11,4,691.54
23551,7839,146,1,27.35
23552,7839,112,4,307.14
23553,7840,46,2,30.13
23554,7840,48,2,206.81
23555,7840,195,1,97.24
23556,7841,194,3,74.31
23557,7842,60,2,179.81
23558,7842,77,2,28.30
23559,7843,102,3,17.15
23560,7843,166,2,61.71
23561,7844,89,1,183.76
23562,7844,107,3,368.95
23563,7844,35,1,291.27
23564,7844,106,3,377.39
23565,7844,31,3,609.25
23566,7845,18,3,293.07
23567,7846,11,4,691.54
23568,7846,149,2,28.06
23569,7846,48,1,206.81
23570,7846,114,2,386.72
23571,7847,85,4,126.48
23572,7848,50,2,237.25
23573,7848,50,2,237.25
23574,7848,197,3,63.01
23575,7848,93,3,318.36
23576,7849,27,3,225.51
23577,7849,70,2,47.08
23578,7850,136,4,16.82
23579,7850,67,2,39.92
23580,7850,173,4,93.51
23581,7850,16,3,537.37
23582,7850,200,1,21.95
23583,7851,161,4,9.08
23584,7851,19,2,816.54
23585,7852,198,3,49.14
23586,7852,99,2,151.45
23587,7852,50,4,237.25
23588,7852,86,1,333.64
23589,7853,101,2,329.79
23590,7853,150,2,45.00
23591,7854,193,1,94.03
23592,7854,64,2,50.42
23593,7854,68,3,104.26
23594,7854,128,3,46.60
23595,7855,81,3,310.43
23596,7855,148,3,42.76
23597,7855,157,3,19.33
23598,7855,125,3,32.57
23599,7856,39,2,380.34
23600,7856,159,4,26.55
23601,7856,137,3,16.72
23602,7856,94,4,281.05
23603,7857,93,2,318.36
23604,7857,164,3,69.89
23605,7857,181,4,13.99
23606,7857,65,3,153.24
23607,7858,122,1,11.28
23608,7858,20,2,150.57
23609,7858,124,2,44.55
23610,7859,47,2,66.78
23611,7859,141,1,44.68
23612,7860,154,3,6.98
23613,7860,149,3,28.06
23614,7860,159,2,26.55
23615,7860,182,3,100.88
23616,7860,145,3,16.73
23617,7861,94,3,281.05
23618,7861,146,3,27.35
23619,7861,124,4,44.55
23620,7862,133,3,46.80
23621,7862,68,3,104.26
23622,7862,182,2,100.88
23623,7862,168,3,4.90
23624,7862,11,3,691.54
23625,7863,108,3,231.27
23626,7863,197,3,63.01
23627,7863,148,4,42.76
23628,7863,58,1,199.52
23629,7864,43,3,30.78
23630,7864,92,1,391.62
23631,7864,60,2,179.81
23632,7865,62,4,205.44
23633,7866,15,4,875.17
23634,7866,43,4,30.78
23635,7866,110,1,431.78
23636,7866,106,2,377.39
23637,7866,162,1,21.49
23638,7867,59,2,264.27
23639,7867,142,2,36.11
23640,7867,124,4,44.55
23641,7867,109,2,191.43
23642,7868,176,1,24.47
23643,7868,85,2,126.48
23644,7868,35,2,291.27
23645,7869,10,1,273.35
23646,7870,96,2,48.32
23647,7870,153,4,53.97
23648,7871,145,1,16.73
23649,7871,94,4,281.05
23650,7871,182,1,100.88
23651,7872,86,3,333.64
23652,7872,75,3,108.00
23653,7873,11,4,691.54
23654,7874,194,2,74.31
23655,7875,138,4,54.31
23656,7875,190,2,109.95
23657,7875,197,2,63.01
23658,7875,173,2,93.51
23659,7875,4,4,327.69
23660,7876,183,1,92.22
23661,7876,74,4,54.80
23662,7877,156,3,47.44
23663,7877,81,3,310.43
23664,7877,114,2,386.72
23665,7877,69,2,258.65
23666,7878,77,2,28.30
23667,7878,44,4,168.63
23668,7878,73,2,25.03
23669,7879,111,4,295.40
23670,7879,119,2,390.51
23671,7879,16,1,537.37
23672,7880,90,4,370.03
23673,7880,45,4,150.59
23674,7880,67,3,39.92
23675,7880,105,3,27.39
23676,7881,52,1,47.09
23677,7881,3,1,136.62
23678,7882,98,3,324.18
23679,7882,69,1,258.65
23680,7882,77,2,28.30
23681,7883,194,4,74.31
23682,7884,10,4,273.35
23683,7884,31,3,609.25
23684,7885,9,2,746.78
23685,7885,34,1,426.41
23686,7885,101,4,329.79
23687,7885,181,3,13.99
23688,7885,92,1,391.62
23689,7886,110,1,431.78
23690,7886,34,2,426.41
23691,7886,138,1,54.31
23692,7887,10,4,273.35
23693,7887,20,2,150.57
23694,7887,28,4,549.50
23695,7887,56,2,174.98
23696,7888,179,3,29.88
23697,7888,93,4,318.36
23698,7889,49,1,182.19
23699,7889,31,4,609.25
23700,7889,153,4,53.97
23701,7889,115,2,308.68
23702,7890,24,2,811.59
23703,7890,137,1,16.72
23704,7890,151,4,53.45
23705,7891,47,3,66.78
23706,7891,132,1,33.38
23707,7891,45,2,150.59
23708,7891,1,1,500.72
23709,7891,166,4,61.71
23710,7892,98,2,324.18
23711,7892,136,4,16.82
23712,7892,180,2,109.81
23713,7892,25,2,250.49
23714,7893,74,4,54.80
23715,7893,162,1,21.49
23716,7894,96,1,48.32
23717,7894,42,2,81.37
23718,7895,152,4,48.13
23719,7895,66,1,60.34
23720,7895,144,2,46.06
23721,7895,55,4,247.20
23722,7896,11,2,691.54
23723,7896,151,2,53.45
23724,7896,200,4,21.95
23725,7897,174,1,114.93
23726,7897,169,3,96.92
23727,7897,174,3,114.93
23728,7897,70,3,47.08
23729,7897,109,4,191.43
23730,7898,58,4,199.52
23731,7898,162,1,21.49
23732,7898,28,4,549.50
23733,7899,136,1,16.82
23734,7899,102,4,17.15
23735,7900,150,3,45.00
23736,7900,112,3,307.14
23737,7901,108,4,231.27
23738,7901,165,1,65.60
23739,7901,54,4,52.55
23740,7901,31,2,609.25
23741,7902,53,3,108.74
23742,7902,129,2,31.16
23743,7902,159,1,26.55
23744,7902,161,4,9.08
23745,7903,176,2,24.47
23746,7903,2,1,239.88
23747,7903,137,3,16.72
23748,7903,101,4,329.79
23749,7904,102,2,17.15
23750,7904,56,2,174.98
23751,7904,129,3,31.16
23752,7904,60,4,179.81
23753,7904,2,3,239.88
23754,7905,20,2,150.57
23755,7905,48,1,206.81
23756,7906,32,2,574.26
23757,7906,160,4,45.74
23758,7906,196,4,66.42
23759,7907,123,3,37.05
23760,7907,3,3,136.62
23761,7907,46,3,30.13
23762,7908,53,4,108.74
23763,7908,30,3,281.92
23764,7909,166,2,61.71
23765,7909,181,3,13.99
23766,7909,82,1,164.45
23767,7909,197,4,63.01
23768,7909,47,4,66.78
23769,7910,105,4,27.39
23770,7910,155,1,24.51
23771,7911,181,3,13.99
23772,7912,192,2,14.31
23773,7913,176,3,24.47
23774,7913,188,3,16.87
23775,7913,73,4,25.03
23776,7913,50,3,237.25
23777,7913,62,3,205.44
23778,7914,93,3,318.36
23779,7914,34,4,426.41
23780,7914,139,3,26.08
23781,7915,132,2,33.38
23782,7915,183,1,92.22
23783,7915,31,3,609.25
23784,7915,59,4,264.27
23785,7916,177,1,103.55
23786,7916,3,4,136.62
23787,7916,90,1,370.03
23788,7917,200,4,21.95
23789,7917,160,1,45.74
23790,7917,50,2,237.25
23791,7917,196,2,66.42
23792,7917,115,4,308.68
23793,7918,189,1,57.74
23794,7918,100,3,86.91
23795,7918,109,3,191.43
23796,7919,14,4,750.61
23797,7919,127,3,45.09
23798,7919,127,2,45.09
23799,7920,144,2,46.06
23800,7920,145,4,16.73
23801,7921,44,4,168.63
23802,7921,73,2,25.03
23803,7921,29,2,665.28
23804,7921,24,4,811.59
23805,7922,141,3,44.68
23806,7923,169,4,96.92
23807,7923,29,4,665.28
23808,7924,71,4,271.85
23809,7924,73,2,25.03
23810,7925,160,3,45.74
23811,7925,83,2,88.66
23812,7925,135,2,53.76
23813,7925,53,3,108.74
23814,7925,121,4,40.24
23815,7926,134,2,19.36
23816,7926,187,2,12.37
23817,7926,185,4,4.70
23818,7926,107,4,368.95
23819,7927,54,1,52.55
23820,7927,79,1,233.68
23821,7928,122,2,11.28
23822,7928,107,3,368.95
23823,7928,13,3,522.46
23824,7928,42,2,81.37
23825,7929,22,2,129.18
23826,7929,63,1,293.35
23827,7929,182,1,100.88
23828,7929,58,3,199.52
23829,7930,54,2,52.55
23830,7930,56,1,174.98
23831,7930,151,3,53.45
23832,7931,198,3,49.14
23833,7932,148,4,42.76
23834,7932,70,4,47.08
23835,7932,170,1,16.89
23836,7932,89,3,183.76
23837,7933,70,1,47.08
23838,7933,38,2,117.99
23839,7933,133,1,46.80
23840,7933,64,1,50.42
23841,7933,65,2,153.24
23842,7934,161,2,9.08
23843,7934,192,1,14.31
23844,7934,72,4,207.50
23845,7934,124,1,44.55
23846,7935,64,1,50.42
23847,7936,13,2,522.46
23848,7937,27,1,225.51
23849,7937,77,1,28.30
23850,7938,172,3,66.83
23851,7939,167,4,106.22
23852,7939,57,3,51.30
23853,7939,155,3,24.51
23854,7940,111,4,295.40
23855,7941,29,1,665.28
23856,7941,107,1,368.95
23857,7941,196,4,66.42
23858,7941,98,2,324.18
23859,7942,102,4,17.15
23860,7942,77,3,28.30
23861,7943,41,3,224.09
23862,7943,75,3,108.00
23863,7944,109,4,191.43
23864,7944,135,4,53.76
23865,7945,137,1,16.72
23866,7945,186,1,118.92
23867,7946,75,1,108.00
23868,7946,146,2,27.35
23869,7946,150,1,45.00
23870,7946,137,2,16.72
23871,7946,30,3,281.92
23872,7947,2,1,239.88
23873,7947,162,2,21.49
23874,7947,56,4,174.98
23875,7947,163,1,81.90
23876,7948,138,4,54.31
23877,7948,98,1,324.18
23878,7949,118,2,259.42
23879,7949,10,4,273.35
23880,7949,146,4,27.35
23881,7949,134,2,19.36
23882,7949,68,1,104.26
23883,7950,157,2,19.33
23884,7951,132,4,33.38
23885,7952,76,2,248.97
23886,7952,71,2,271.85
23887,7952,131,3,51.37
23888,7952,30,1,281.92
23889,7953,40,4,633.55
23890,7954,128,2,46.60
23891,7954,183,1,92.22
23892,7954,191,3,103.44
23893,7955,81,1,310.43
23894,7955,137,4,16.72
23895,7955,36,1,558.56
23896,7955,160,3,45.74
23897,7956,39,2,380.34
23898,7956,94,2,281.05
23899,7956,89,1,183.76
23900,7956,106,3,377.39
23901,7957,186,1,118.92
23902,7957,114,2,386.72
23903,7957,65,4,153.24
23904,7958,85,4,126.48
23905,7958,121,3,40.24
23906,7958,53,4,108.74
23907,7958,10,2,273.35
23908,7958,39,2,380.34
23909,7959,185,2,4.70
23910,7959,65,1,153.24
23911,7960,28,3,549.50
23912,7960,82,2,164.45
23913,7960,31,1,609.25
23914,7960,16,3,537.37
23915,7961,57,1,51.30
23916,7961,148,3,42.76
23917,7962,63,4,293.35
23918,7962,46,3,30.13
23919,7963,188,3,16.87
23920,7964,151,1,53.45
23921,7964,117,3,298.11
23922,7964,122,2,11.28
23923,7964,134,2,19.36
23924,7965,114,1,386.72
23925,7965,132,2,33.38
23926,7965,54,3,52.55
23927,7966,103,3,258.65
23928,7966,197,4,63.01
23929,7966,9,4,746.78
23930,7966,80,4,253.61
23931,7966,36,1,558.56
23932,7967,48,3,206.81
23933,7967,15,3,875.17
23934,7967,142,1,36.11
23935,7967,164,3,69.89
23936,7968,124,2,44.55
23937,7969,127,3,45.09
23938,7969,80,1,253.61
23939,7969,8,2,743.01
23940,7969,106,4,377.39
23941,7969,35,2,291.27
23942,7970,187,4,12.37
23943,7970,161,3,9.08
23944,7970,105,1,27.39
23945,7970,192,4,14.31
23946,7971,80,1,253.61
23947,7971,137,2,16.72
23948,7971,164,4,69.89
23949,7971,117,4,298.11
23950,7971,43,4,30.78
23951,7972,150,4,45.00
23952,7972,83,4,88.66
23953,7973,146,2,27.35
23954,7973,152,4,48.13
23955,7973,94,1,281.05
23956,7974,130,1,40.37
23957,7974,126,3,25.37
23958,7975,149,2,28.06
23959,7975,3,3,136.62
23960,7975,163,4,81.90
23961,7975,190,4,109.95
23962,7975,89,3,183.76
23963,7976,77,1,28.30
23964,7976,17,2,446.15
23965,7977,123,3,37.05
23966,7977,131,2,51.37
23967,7978,156,2,47.44
23968,7978,174,1,114.93
23969,7979,151,2,53.45
23970,7979,87,3,282.19
23971,7979,184,3,93.38
23972,7980,111,4,295.40
23973,7980,169,1,96.92
23974,7981,187,2,12.37
23975,7981,72,3,207.50
23976,7982,139,3,26.08
23977,7982,106,4,377.39
23978,7983,150,1,45.00
23979,7983,54,2,52.55
23980,7983,15,1,875.17
23981,7984,69,4,258.65
23982,7985,19,4,816.54
23983,7986,126,4,25.37
23984,7986,43,2,30.78
23985,7986,182,3,100.88
23986,7986,200,3,21.95
23987,7986,9,1,746.78
23988,7987,86,2,333.64
23989,7987,12,2,788.04
23990,7988,127,1,45.09
23991,7988,62,2,205.44
23992,7988,138,1,54.31
23993,7988,185,2,4.70
23994,7989,143,3,59.98
23995,7990,30,1,281.92
23996,7990,189,4,57.74
23997,7990,85,1,126.48
23998,7991,45,4,150.59
23999,7992,119,2,390.51
24000,7992,96,2,48.32
24001,7993,137,1,16.72
24002,7993,66,2,60.34
24003,7994,139,3,26.08
24004,7994,190,4,109.95
24005,7994,1,2,500.72
24006,7995,50,3,237.25
24007,7995,172,2,66.83
24008,7995,60,1,179.81
24009,7996,181,3,13.99
24010,7997,19,2,816.54
24011,7997,20,1,150.57
24012,7997,13,1,522.46
24013,7998,108,1,231.27
24014,7999,119,2,390.51
24015,7999,18,1,293.07
24016,8000,175,4,53.39
24017,8000,111,2,295.40
24018,8001,47,2,66.78
24019,8001,105,1,27.39
24020,8001,140,2,13.39
24021,8002,140,1,13.39
24022,8003,24,4,811.59
24023,8003,83,2,88.66
24024,8003,129,1,31.16
24025,8003,131,1,51.37
24026,8003,41,2,224.09
24027,8004,19,3,816.54
24028,8004,96,4,48.32
24029,8005,105,3,27.39
24030,8005,20,1,150.57
24031,8005,6,2,871.62
24032,8005,11,2,691.54
24033,8006,194,4,74.31
24034,8006,122,4,11.28
24035,8006,30,4,281.92
24036,8007,38,3,117.99
24037,8008,188,3,16.87
24038,8008,25,2,250.49
24039,8009,101,2,329.79
24040,8010,95,1,418.23
24041,8010,167,3,106.22
24042,8011,194,3,74.31
24043,8011,84,3,198.78
24044,8012,74,2,54.80
24045,8013,38,4,117.99
24046,8013,102,3,17.15
24047,8013,44,1,168.63
24048,8014,161,1,9.08
24049,8014,84,3,198.78
24050,8014,75,1,108.00
24051,8014,9,2,746.78
24052,8015,151,3,53.45
24053,8015,76,2,248.97
24054,8015,162,1,21.49
24055,8015,134,1,19.36
24056,8015,39,3,380.34
24057,8016,44,4,168.63
24058,8017,124,1,44.55
24059,8017,196,1,66.42
24060,8017,145,1,16.73
24061,8017,126,4,25.37
24062,8018,52,4,47.09
24063,8018,59,3,264.27
24064,8019,39,4,380.34
24065,8019,6,2,871.62
24066,8019,163,3,81.90
24067,8020,78,2,92.26
24068,8020,130,1,40.37
24069,8021,155,1,24.51
24070,8022,92,4,391.62
24071,8022,48,4,206.81
24072,8022,3,2,136.62
24073,8023,136,4,16.82
24074,8023,96,1,48.32
24075,8023,22,1,129.18
24076,8024,158,3,59.27
24077,8024,86,1,333.64
24078,8025,101,4,329.79
24079,8026,115,4,308.68
24080,8026,8,1,743.01
24081,8026,158,1,59.27
24082,8027,42,3,81.37
24083,8028,100,4,86.91
24084,8028,48,1,206.81
24085,8028,28,1,549.50
24086,8029,105,4,27.39
24087,8029,173,2,93.51
24088,8029,24,1,811.59
24089,8029,35,4,291.27
24090,8029,74,3,54.80
24091,8030,107,3,368.95
24092,8031,177,1,103.55
24093,8031,116,2,163.33
24094,8031,188,3,16.87
24095,8031,40,2,633.55
24096,8031,112,2,307.14
24097,8032,143,1,59.98
24098,8032,112,3,307.14
24099,8033,112,2,307.14
24100,8033,25,3,250.49
24101,8033,140,4,13.39
24102,8033,162,4,21.49
24103,8034,27,3,225.51
24104,8034,44,2,168.63
24105,8034,104,2,42.38
24106,8034,91,1,265.75
24107,8035,154,2,6.98
24108,8035,191,2,103.44
24109,8035,8,4,743.01
24110,8036,131,2,51.37
24111,8036,148,2,42.76
24112,8036,56,4,174.98
24113,8036,28,2,549.50
24114,8036,38,2,117.99
24115,8037,37,1,429.72
24116,8038,57,4,51.30
24117,8038,193,2,94.03
24118,8038,60,1,179.81
24119,8038,18,2,293.07
24120,8039,30,2,281.92
24121,8040,84,2,198.78
24122,8040,14,2,750.61
24123,8040,114,1,386.72
24124,8040,192,4,14.31
24125,8041,163,2,81.90
24126,8042,176,2,24.47
24127,8042,59,4,264.27
24128,8043,149,2,28.06
24129,8044,58,1,199.52
24130,8044,27,2,225.51
24131,8044,170,4,16.89
24132,8044,185,1,4.70
24133,8044,35,1,291.27
24134,8045,97,1,388.13
24135,8045,44,3,168.63
24136,8045,69,3,258.65
24137,8045,52,1,47.09
24138,8045,106,3,377.39
24139,8046,105,2,27.39
24140,8046,101,4,329.79
24141,8046,131,1,51.37
24142,8046,67,4,39.92
24143,8047,87,4,282.19
24144,8047,108,3,231.27
24145,8047,107,1,368.95
24146,8047,188,4,16.87
24147,8048,57,2,51.30
24148,8048,132,2,33.38
24149,8048,122,1,11.28
24150,8048,140,2,13.39
24151,8049,119,2,390.51
24152,8049,78,1,92.26
24153,8049,2,4,239.88
24154,8049,76,2,248.97
24155,8050,55,1,247.20
24156,8050,48,4,206.81
24157,8050,136,2,16.82
24158,8051,135,2,53.76
24159,8051,49,4,182.19
24160,8052,163,3,81.90
24161,8052,68,2,104.26
24162,8052,89,3,183.76
24163,8052,170,2,16.89
24164,8053,180,4,109.81
24165,8054,68,4,104.26
24166,8054,51,4,23.32
24167,8055,106,3,377.39
24168,8055,139,3,26.08
24169,8055,52,1,47.09
24170,8055,164,2,69.89
24171,8055,158,3,59.27
24172,8056,46,1,30.13
24173,8056,139,3,26.08
24174,8056,113,1,78.35
24175,8057,48,2,206.81
24176,8058,20,2,150.57
24177,8059,36,4,558.56
24178,8059,172,3,66.83
24179,8059,193,4,94.03
24180,8060,158,4,59.27
24181,8060,85,3,126.48
24182,8060,89,2,183.76
24183,8060,160,2,45.74
24184,8061,124,3,44.55
24185,8061,176,1,24.47
24186,8061,152,2,48.13
24187,8061,165,4,65.60
24188,8062,73,1,25.03
24189,8062,124,4,44.55
24190,8062,92,1,391.62
24191,8062,30,1,281.92
24192,8062,193,2,94.03
24193,8063,170,4,16.89
24194,8063,57,2,51.30
24195,8064,103,3,258.65
24196,8065,151,3,53.45
24197,8065,3,4,136.62
24198,8065,12,1,788.04
24199,8065,8,1,743.01
24200,8065,195,3,97.24
24201,8066,130,4,40.37
24202,8066,141,3,44.68
24203,8066,195,4,97.24
24204,8066,43,2,30.78
24205,8066,35,2,291.27
24206,8067,186,4,118.92
24207,8067,117,1,298.11
24208,8067,48,2,206.81
24209,8067,98,1,324.18
24210,8067,32,3,574.26
24211,8068,168,3,4.90
24212,8069,134,4,19.36
24213,8069,15,1,875.17
24214,8069,123,2,37.05
24215,8069,57,4,51.30
24216,8069,81,3,310.43
24217,8070,169,4,96.92
24218,8071,36,4,558.56
24219,8071,104,4,42.38
24220,8072,165,1,65.60
24221,8072,181,2,13.99
24222,8072,74,1,54.80
24223,8072,101,2,329.79
24224,8073,188,3,16.87
24225,8073,97,3,388.13
24226,8073,54,1,52.55
24227,8073,194,3,74.31
24228,8073,93,2,318.36
24229,8074,162,3,21.49
24230,8074,105,2,27.39
24231,8074,149,3,28.06
24232,8074,45,2,150.59
24233,8075,139,4,26.08
24234,8075,72,4,207.50
24235,8075,100,3,86.91
24236,8076,156,4,47.44
24237,8077,38,4,117.99
24238,8078,152,4,48.13
24239,8078,105,3,27.39
24240,8078,125,1,32.57
24241,8078,126,1,25.37
24242,8078,1,3,500.72
24243,8079,183,1,92.22
24244,8079,187,1,12.37
24245,8079,183,3,92.22
24246,8080,183,3,92.22
24247,8080,98,1,324.18
24248,8080,99,2,151.45
24249,8080,94,3,281.05
24250,8081,27,4,225.51
24251,8081,65,2,153.24
24252,8081,10,3,273.35
24253,8082,62,4,205.44
24254,8082,139,2,26.08
24255,8082,144,3,46.06
24256,8083,45,1,150.59
24257,8083,111,3,295.40
24258,8083,136,3,16.82
24259,8083,68,3,104.26
24260,8083,132,2,33.38
24261,8084,177,1,103.55
24262,8085,9,3,746.78
24263,8085,51,4,23.32
24264,8086,54,2,52.55
24265,8086,111,3,295.40
24266,8086,35,3,291.27
24267,8086,13,4,522.46
24268,8086,36,2,558.56
24269,8087,117,3,298.11
24270,8087,89,1,183.76
24271,8087,172,3,66.83
24272,8087,193,4,94.03
24273,8087,66,2,60.34
24274,8088,13,3,522.46
24275,8088,35,1,291.27
24276,8088,123,1,37.05
24277,8089,12,1,788.04
24278,8089,154,1,6.98
24279,8090,90,4,370.03
24280,8090,18,4,293.07
24281,8090,54,2,52.55
24282,8090,157,2,19.33
24283,8090,160,3,45.74
24284,8091,31,3,609.25
24285,8092,58,1,199.52
24286,8092,134,1,19.36
24287,8092,167,2,106.22
24288,8092,110,4,431.78
24289,8092,161,4,9.08
24290,8093,113,3,78.35
24291,8093,105,3,27.39
24292,8094,5,3,294.97
24293,8094,160,3,45.74
24294,8095,195,3,97.24
24295,8095,117,1,298.11
24296,8095,82,3,164.45
24297,8095,160,3,45.74
24298,8095,28,2,549.50
24299,8096,29,3,665.28
24300,8096,70,2,47.08
24301,8096,154,1,6.98
24302,8097,197,2,63.01
24303,8097,85,2,126.48
24304,8097,80,4,253.61
24305,8097,74,3,54.80
24306,8098,54,1,52.55
24307,8098,165,3,65.60
24308,8099,184,1,93.38
24309,8099,124,1,44.55
24310,8099,173,4,93.51
24311,8099,63,1,293.35
24312,8099,136,4,16.82
24313,8100,182,1,100.88
24314,8101,20,4,150.57
24315,8102,186,3,118.92
24316,8103,95,1,418.23
24317,8103,138,4,54.31
24318,8103,180,4,109.81
24319,8103,152,3,48.13
24320,8104,191,2,103.44
24321,8104,59,2,264.27
24322,8104,108,1,231.27
24323,8104,49,4,182.19
24324,8104,39,4,380.34
24325,8105,92,3,391.62
24326,8105,156,3,47.44
24327,8105,27,4,225.51
24328,8106,23,2,311.08
24329,8106,17,4,446.15
24330,8106,160,3,45.74
24331,8106,11,4,691.54
24332,8106,23,2,311.08
24333,8107,48,3,206.81
24334,8107,196,1,66.42
24335,8107,53,1,108.74
24336,8107,186,3,118.92
24337,8107,119,3,390.51
24338,8108,80,1,253.61
24339,8109,47,4,66.78
24340,8109,198,3,49.14
24341,8109,190,1,109.95
24342,8109,57,2,51.30
24343,8109,100,3,86.91
24344,8110,73,1,25.03
24345,8111,150,1,45.00
24346,8112,166,3,61.71
24347,8112,126,4,25.37
24348,8112,143,3,59.98
24349,8113,135,2,53.76
24350,8114,87,3,282.19
24351,8114,194,1,74.31
24352,8114,48,4,206.81
24353,8114,51,4,23.32
24354,8114,31,2,609.25
24355,8115,51,2,23.32
24356,8116,186,3,118.92
24357,8116,28,3,549.50
24358,8116,51,2,23.32
24359,8117,152,2,48.13
24360,8118,64,4,50.42
24361,8118,115,3,308.68
24362,8118,43,1,30.78
24363,8118,186,4,118.92
24364,8119,3,3,136.62
24365,8119,195,4,97.24
24366,8119,53,4,108.74
24367,8120,89,2,183.76
24368,8121,170,1,16.89
24369,8121,102,4,17.15
24370,8122,45,1,150.59
24371,8122,178,4,39.29
24372,8123,18,1,293.07
24373,8123,182,3,100.88
24374,8123,84,3,198.78
24375,8124,91,1,265.75
24376,8124,4,1,327.69
24377,8124,140,1,13.39
24378,8125,163,3,81.90
24379,8125,11,1,691.54
24380,8126,100,4,86.91
24381,8126,111,3,295.40
24382,8126,184,3,93.38
24383,8126,96,1,48.32
24384,8127,4,2,327.69
24385,8128,166,3,61.71
24386,8128,10,3,273.35
24387,8128,30,2,281.92
24388,8128,104,2,42.38
24389,8128,187,1,12.37
24390,8129,20,4,150.57
24391,8129,49,4,182.19
24392,8130,68,4,104.26
24393,8130,26,2,43.63
24394,8131,77,2,28.30
24395,8131,176,4,24.47
24396,8131,77,1,28.30
24397,8131,189,2,57.74
24398,8131,137,3,16.72
24399,8132,56,2,174.98
24400,8132,94,4,281.05
24401,8132,181,1,13.99
24402,8132,129,2,31.16
24403,8132,34,3,426.41
24404,8133,162,2,21.49
24405,8133,1,1,500.72
24406,8133,130,4,40.37
24407,8133,45,1,150.59
24408,8134,134,1,19.36
24409,8134,64,4,50.42
24410,8134,115,1,308.68
24411,8134,67,1,39.92
24412,8135,9,3,746.78
24413,8136,37,1,429.72
24414,8136,76,4,248.97
24415,8136,15,4,875.17
24416,8137,187,1,12.37
24417,8137,152,1,48.13
24418,8137,13,2,522.46
24419,8137,129,4,31.16
24420,8137,186,4,118.92
24421,8138,100,2,86.91
24422,8139,96,1,48.32
24423,8139,56,4,174.98
24424,8139,154,1,6.98
24425,8139,71,3,271.85
24426,8139,50,3,237.25
24427,8140,157,1,19.33
24428,8140,59,1,264.27
24429,8140,10,3,273.35
24430,8140,133,3,46.80
24431,8141,113,2,78.35
24432,8141,136,2,16.82
24433,8142,164,3,69.89
24434,8143,183,4,92.22
24435,8143,44,1,168.63
24436,8143,103,4,258.65
24437,8143,187,2,12.37
24438,8143,134,4,19.36
24439,8144,8,1,743.01
24440,8144,184,1,93.38
24441,8144,21,2,540.25
24442,8145,85,2,126.48
24443,8145,76,3,248.97
24444,8145,59,4,264.27
24445,8145,16,4,537.37
24446,8146,108,3,231.27
24447,8146,179,3,29.88
24448,8147,41,1,224.09
24449,8148,156,1,47.44
24450,8148,112,4,307.14
24451,8148,183,4,92.22
24452,8148,36,2,558.56
24453,8149,175,1,53.39
24454,8150,166,2,61.71
24455,8150,101,2,329.79
24456,8150,40,2,633.55
24457,8150,118,2,259.42
24458,8151,11,3,691.54
24459,8151,165,2,65.60
24460,8151,95,1,418.23
24461,8152,116,3,163.33
24462,8152,186,4,118.92
24463,8152,1,1,500.72
24464,8152,167,3,106.22
24465,8152,18,4,293.07
24466,8153,104,1,42.38
24467,8153,172,4,66.83
24468,8154,132,1,33.38
24469,8154,36,2,558.56
24470,8154,196,3,66.42
24471,8155,10,4,273.35
24472,8155,19,4,816.54
24473,8155,67,3,39.92
24474,8156,144,1,46.06
24475,8156,9,4,746.78
24476,8156,78,4,92.26
24477,8156,11,3,691.54
24478,8156,49,4,182.19
24479,8157,93,4,318.36
24480,8158,200,3,21.95
24481,8158,151,4,53.45
24482,8158,45,3,150.59
24483,8158,131,4,51.37
24484,8159,23,3,311.08
24485,8159,191,3,103.44
24486,8160,172,4,66.83
24487,8160,90,3,370.03
24488,8160,175,4,53.39
24489,8160,160,1,45.74
24490,8160,160,2,45.74
24491,8161,124,2,44.55
24492,8161,118,4,259.42
24493,8161,23,4,311.08
24494,8161,110,3,431.78
24495,8162,8,3,743.01
24496,8162,158,4,59.27
24497,8163,32,4,574.26
24498,8163,77,4,28.30
24499,8164,45,2,150.59
24500,8165,185,3,4.70
24501,8165,186,2,118.92
24502,8165,172,4,66.83
24503,8165,155,4,24.51
24504,8165,59,4,264.27
24505,8166,160,4,45.74
24506,8166,6,4,871.62
24507,8167,138,1,54.31
24508,8168,35,1,291.27
24509,8168,35,2,291.27
24510,8168,6,3,871.62
24511,8168,29,1,665.28
24512,8169,73,3,25.03
24513,8169,154,1,6.98
24514,8169,118,1,259.42
24515,8169,113,4,78.35
24516,8169,137,4,16.72
24517,8170,43,4,30.78
24518,8171,69,3,258.65
24519,8171,68,1,104.26
24520,8171,163,1,81.90
24521,8171,200,2,21.95
24522,8171,127,3,45.09
24523,8172,183,2,92.22
24524,8172,150,4,45.00
24525,8172,153,2,53.97
24526,8172,188,1,16.87
24527,8172,196,1,66.42
24528,8173,145,3,16.73
24529,8173,69,3,258.65
24530,8173,30,1,281.92
24531,8174,180,4,109.81
24532,8174,75,2,108.00
24533,8174,72,2,207.50
24534,8174,40,2,633.55
24535,8174,182,2,100.88
24536,8175,11,2,691.54
24537,8175,108,1,231.27
24538,8175,56,4,174.98
24539,8175,82,4,164.45
24540,8175,40,4,633.55
24541,8176,139,2,26.08
24542,8177,104,2,42.38
24543,8177,41,2,224.09
24544,8177,188,4,16.87
24545,8177,158,4,59.27
24546,8177,154,1,6.98
24547,8178,172,4,66.83
24548,8178,142,3,36.11
24549,8178,181,4,13.99
24550,8179,97,3,388.13
24551,8179,156,1,47.44
24552,8179,143,4,59.98
24553,8179,191,2,103.44
24554,8180,47,4,66.78
24555,8180,29,2,665.28
24556,8180,132,4,33.38
24557,8180,195,2,97.24
24558,8180,45,2,150.59
24559,8181,100,1,86.91
24560,8181,148,3,42.76
24561,8181,31,1,609.25
24562,8181,64,1,50.42
24563,8182,13,4,522.46
24564,8183,52,1,47.09
24565,8183,45,4,150.59
24566,8184,59,3,264.27
24567,8184,125,2,32.57
24568,8184,189,1,57.74
24569,8184,3,4,136.62
24570,8185,152,3,48.13
24571,8186,49,2,182.19
24572,8186,10,3,273.35
24573,8186,164,4,69.89
24574,8186,141,1,44.68
24575,8187,118,3,259.42
24576,8187,9,1,746.78
24577,8187,164,3,69.89
24578,8187,176,3,24.47
24579,8187,158,4,59.27
24580,8188,3,4,136.62
24581,8189,60,3,179.81
24582,8190,159,2,26.55
24583,8191,136,3,16.82
24584,8191,145,3,16.73
24585,8192,177,3,103.55
24586,8192,71,2,271.85
24587,8192,26,1,43.63
24588,8192,22,4,129.18
24589,8193,11,3,691.54
24590,8193,146,3,27.35
24591,8193,13,1,522.46
24592,8193,17,2,446.15
24593,8194,98,4,324.18
24594,8194,176,1,24.47
24595,8195,139,4,26.08
24596,8195,200,4,21.95
24597,8195,114,2,386.72
24598,8196,49,4,182.19
24599,8197,5,3,294.97
24600,8197,97,3,388.13
24601,8197,157,3,19.33
24602,8197,66,2,60.34
24603,8197,182,4,100.88
24604,8198,91,2,265.75
24605,8198,62,1,205.44
24606,8198,5,2,294.97
24607,8198,40,4,633.55
24608,8199,196,1,66.42
24609,8199,143,2,59.98
24610,8199,179,4,29.88
24611,8199,12,2,788.04
24612,8199,97,4,388.13
24613,8200,101,1,329.79
24614,8200,15,1,875.17
24615,8200,194,3,74.31
24616,8200,160,2,45.74
24617,8201,72,3,207.50
24618,8201,106,1,377.39
24619,8202,119,4,390.51
24620,8203,177,4,103.55
24621,8203,134,1,19.36
24622,8203,183,1,92.22
24623,8203,139,2,26.08
24624,8203,95,2,418.23
24625,8204,131,1,51.37
24626,8204,181,4,13.99
24627,8204,196,2,66.42
24628,8204,165,4,65.60
24629,8205,132,3,33.38
24630,8205,115,2,308.68
24631,8206,150,2,45.00
24632,8206,143,2,59.98
24633,8206,64,4,50.42
24634,8206,78,3,92.26
24635,8206,78,3,92.26
24636,8207,168,2,4.90
24637,8207,2,1,239.88
24638,8207,104,2,42.38
24639,8207,25,4,250.49
24640,8208,183,3,92.22
24641,8208,134,4,19.36
24642,8208,184,1,93.38
24643,8208,32,1,574.26
24644,8208,64,2,50.42
24645,8209,78,3,92.26
24646,8209,108,1,231.27
24647,8209,91,1,265.75
24648,8210,29,2,665.28
24649,8211,184,1,93.38
24650,8211,15,4,875.17
24651,8212,49,3,182.19
24652,8213,32,3,574.26
24653,8214,48,4,206.81
24654,8214,65,4,153.24
24655,8214,155,3,24.51
24656,8214,179,3,29.88
24657,8214,21,2,540.25
24658,8215,29,4,665.28
24659,8215,149,1,28.06
24660,8215,178,3,39.29
24661,8215,165,2,65.60
24662,8215,134,4,19.36
24663,8216,183,3,92.22
24664,8216,194,1,74.31
24665,8216,38,2,117.99
24666,8216,143,2,59.98
24667,8217,66,2,60.34
24668,8218,1,4,500.72
24669,8219,200,4,21.95
24670,8219,160,3,45.74
24671,8219,15,1,875.17
24672,8220,179,1,29.88
24673,8220,32,1,574.26
24674,8220,31,2,609.25
24675,8220,187,2,12.37
24676,8221,105,4,27.39
24677,8221,158,4,59.27
24678,8221,160,2,45.74
24679,8221,154,4,6.98
24680,8221,34,3,426.41
24681,8222,73,2,25.03
24682,8222,195,2,97.24
24683,8222,182,2,100.88
24684,8222,97,2,388.13
24685,8223,118,1,259.42
24686,8223,178,2,39.29
24687,8224,169,2,96.92
24688,8224,123,2,37.05
24689,8225,105,2,27.39
24690,8225,19,3,816.54
24691,8225,151,4,53.45
24692,8225,178,2,39.29
24693,8226,177,1,103.55
24694,8226,39,1,380.34
24695,8226,132,2,33.38
24696,8227,113,3,78.35
24697,8227,2,3,239.88
24698,8227,63,1,293.35
24699,8228,15,4,875.17
24700,8229,170,3,16.89
24701,8229,82,3,164.45
24702,8229,90,3,370.03
24703,8230,24,4,811.59
24704,8230,153,3,53.97
24705,8230,95,3,418.23
24706,8230,57,1,51.30
24707,8230,145,1,16.73
24708,8231,145,3,16.73
24709,8231,116,1,163.33
24710,8232,113,4,78.35
24711,8232,157,3,19.33
24712,8232,17,1,446.15
24713,8232,109,4,191.43
24714,8232,24,2,811.59
24715,8233,192,2,14.31
24716,8233,187,3,12.37
24717,8233,90,2,370.03
24718,8233,4,3,327.69
24719,8234,16,3,537.37
24720,8234,26,1,43.63
24721,8235,42,3,81.37
24722,8235,96,4,48.32
24723,8235,123,3,37.05
24724,8235,116,4,163.33
24725,8235,112,1,307.14
24726,8236,77,1,28.30
24727,8236,23,3,311.08
24728,8236,63,2,293.35
24729,8236,138,1,54.31
24730,8237,40,1,633.55
24731,8237,141,1,44.68
24732,8238,185,1,4.70
24733,8238,68,2,104.26
24734,8238,3,2,136.62
24735,8238,116,4,163.33
24736,8238,155,2,24.51
24737,8239,103,3,258.65
24738,8239,191,3,103.44
24739,8239,11,3,691.54
24740,8240,25,3,250.49
24741,8240,193,1,94.03
24742,8240,162,1,21.49
24743,8241,116,4,163.33
24744,8242,83,4,88.66
24745,8242,96,4,48.32
24746,8242,125,3,32.57
24747,8243,13,1,522.46
24748,8243,113,1,78.35
24749,8243,172,3,66.83
24750,8243,47,4,66.78
24751,8243,184,3,93.38
24752,8244,144,1,46.06
24753,8244,70,4,47.08
24754,8244,131,3,51.37
24755,8245,182,2,100.88
24756,8245,140,4,13.39
24757,8245,134,1,19.36
24758,8246,135,4,53.76
24759,8246,142,1,36.11
24760,8247,36,2,558.56
24761,8247,43,1,30.78
24762,8248,121,2,40.24
24763,8248,183,1,92.22
24764,8248,179,1,29.88
24765,8249,66,3,60.34
24766,8249,68,2,104.26
24767,8249,188,2,16.87
24768,8249,30,1,281.92
24769,8250,192,3,14.31
24770,8251,89,2,183.76
24771,8251,116,4,163.33
24772,8251,51,3,23.32
24773,8251,166,1,61.71
24774,8252,92,3,391.62
24775,8252,36,1,558.56
24776,8252,82,1,164.45
24777,8252,107,4,368.95
24778,8252,42,3,81.37
24779,8253,136,2,16.82
24780,8254,162,3,21.49
24781,8254,90,3,370.03
24782,8254,70,1,47.08
24783,8255,1,1,500.72
24784,8256,66,3,60.34
24785,8256,42,2,81.37
24786,8256,152,1,48.13
24787,8257,183,4,92.22
24788,8257,62,4,205.44
24789,8258,98,3,324.18
24790,8259,166,1,61.71
24791,8259,153,4,53.97
24792,8260,184,4,93.38
24793,8260,20,1,150.57
24794,8260,41,4,224.09
24795,8260,158,2,59.27
24796,8261,135,3,53.76
24797,8261,92,1,391.62
24798,8261,74,4,54.80
24799,8261,194,2,74.31
24800,8261,78,3,92.26
24801,8262,185,1,4.70
24802,8262,181,3,13.99
24803,8262,133,1,46.80
24804,8263,186,4,118.92
24805,8263,192,2,14.31
24806,8263,104,1,42.38
24807,8263,115,1,308.68
24808,8263,145,3,16.73
24809,8264,68,4,104.26
24810,8264,57,3,51.30
24811,8265,74,1,54.80
24812,8265,110,2,431.78
24813,8265,52,1,47.09
24814,8265,51,2,23.32
24815,8266,111,4,295.40
24816,8266,55,2,247.20
24817,8267,190,4,109.95
24818,8267,187,4,12.37
24819,8268,118,4,259.42
24820,8268,181,1,13.99
24821,8268,22,1,129.18
24822,8268,2,3,239.88
24823,8269,28,3,549.50
24824,8269,1,1,500.72
24825,8270,84,1,198.78
24826,8270,74,4,54.80
24827,8270,192,4,14.31
24828,8271,90,4,370.03
24829,8271,2,3,239.88
24830,8271,188,1,16.87
24831,8272,141,2,44.68
24832,8272,198,4,49.14
24833,8272,198,3,49.14
24834,8272,86,4,333.64
24835,8272,94,2,281.05
24836,8273,165,3,65.60
24837,8273,133,2,46.80
24838,8273,14,4,750.61
24839,8274,159,1,26.55
24840,8274,118,4,259.42
24841,8274,53,3,108.74
24842,8274,49,2,182.19
24843,8274,21,3,540.25
24844,8275,110,4,431.78
24845,8275,54,3,52.55
24846,8275,195,3,97.24
24847,8275,121,2,40.24
24848,8275,68,1,104.26
24849,8276,197,3,63.01
24850,8276,123,3,37.05
24851,8276,56,3,174.98
24852,8276,58,4,199.52
24853,8277,40,4,633.55
24854,8277,193,3,94.03
24855,8278,108,3,231.27
24856,8278,166,3,61.71
24857,8278,160,3,45.74
24858,8278,107,3,368.95
24859,8278,47,2,66.78
24860,8279,70,4,47.08
24861,8279,73,4,25.03
24862,8279,200,1,21.95
24863,8280,51,2,23.32
24864,8280,37,3,429.72
24865,8280,155,4,24.51
24866,8280,112,4,307.14
24867,8280,131,3,51.37
24868,8281,106,4,377.39
24869,8281,110,2,431.78
24870,8281,13,3,522.46
24871,8281,134,4,19.36
24872,8281,26,3,43.63
24873,8282,68,4,104.26
24874,8283,46,1,30.13
24875,8283,143,4,59.98
24876,8283,76,3,248.97
24877,8283,163,3,81.90
24878,8283,84,4,198.78
24879,8284,48,1,206.81
24880,8285,131,3,51.37
24881,8285,104,1,42.38
24882,8286,170,2,16.89
24883,8286,148,2,42.76
24884,8286,197,4,63.01
24885,8287,108,2,231.27
24886,8287,123,4,37.05
24887,8288,145,3,16.73
24888,8288,183,2,92.22
24889,8288,53,3,108.74
24890,8288,159,1,26.55
24891,8288,48,4,206.81
24892,8289,94,3,281.05
24893,8289,99,2,151.45
24894,8289,166,1,61.71
24895,8290,87,1,282.19
24896,8290,110,4,431.78
24897,8290,126,4,25.37
24898,8290,125,1,32.57
24899,8291,18,1,293.07
24900,8291,182,4,100.88
24901,8291,12,2,788.04
24902,8292,119,3,390.51
24903,8292,70,2,47.08
24904,8292,2,1,239.88
24905,8292,1,4,500.72
24906,8292,145,1,16.73
24907,8293,95,4,418.23
24908,8293,139,2,26.08
24909,8294,192,2,14.31
24910,8294,186,3,118.92
24911,8295,109,3,191.43
24912,8295,163,2,81.90
24913,8295,166,4,61.71
24914,8296,13,3,522.46
24915,8297,142,3,36.11
24916,8297,140,2,13.39
24917,8298,21,1,540.25
24918,8298,130,1,40.37
24919,8298,193,2,94.03
24920,8298,9,2,746.78
24921,8298,195,1,97.24
24922,8299,149,1,28.06
24923,8299,39,3,380.34
24924,8299,126,1,25.37
24925,8299,83,4,88.66
24926,8299,71,4,271.85
24927,8300,170,1,16.89
24928,8301,14,1,750.61
24929,8301,91,2,265.75
24930,8301,38,3,117.99
24931,8302,18,4,293.07
24932,8303,180,3,109.81
24933,8303,156,2,47.44
24934,8303,195,3,97.24
24935,8303,91,2,265.75
24936,8303,200,3,21.95
24937,8304,156,2,47.44
24938,8305,65,1,153.24
24939,8305,87,1,282.19
24940,8305,26,1,43.63
24941,8306,134,1,19.36
24942,8306,38,1,117.99
24943,8306,29,3,665.28
24944,8307,82,4,164.45
24945,8308,5,1,294.97
24946,8308,185,3,4.70
24947,8308,168,3,4.90
24948,8308,121,3,40.24
24949,8309,133,4,46.80
24950,8309,56,2,174.98
24951,8310,59,4,264.27
24952,8310,140,1,13.39
24953,8310,15,1,875.17
24954,8310,133,3,46.80
24955,8311,74,4,54.80
24956,8311,91,3,265.75
24957,8311,99,3,151.45
24958,8311,150,3,45.00
24959,8312,108,1,231.27
24960,8312,45,1,150.59
24961,8312,128,4,46.60
24962,8312,116,4,163.33
24963,8312,106,3,377.39
24964,8313,69,4,258.65
24965,8313,151,3,53.45
24966,8313,45,2,150.59
24967,8313,144,4,46.06
24968,8314,172,2,66.83
24969,8314,166,3,61.71
24970,8315,11,1,691.54
24971,8315,139,3,26.08
24972,8315,168,2,4.90
24973,8315,151,2,53.45
24974,8315,197,1,63.01
24975,8316,163,4,81.90
24976,8316,97,3,388.13
24977,8316,155,1,24.51
24978,8317,141,3,44.68
24979,8317,43,1,30.78
24980,8317,55,4,247.20
24981,8318,57,3,51.30
24982,8318,64,1,50.42
24983,8318,196,1,66.42
24984,8318,50,4,237.25
24985,8319,168,1,4.90
24986,8319,81,1,310.43
24987,8319,141,4,44.68
24988,8319,54,4,52.55
24989,8320,8,2,743.01
24990,8321,101,2,329.79
24991,8321,12,3,788.04
24992,8321,177,4,103.55
24993,8321,200,3,21.95
24994,8322,200,4,21.95
24995,8322,98,4,324.18
24996,8322,161,2,9.08
24997,8323,59,2,264.27
24998,8323,63,1,293.35
24999,8323,110,1,431.78
25000,8323,105,2,27.39
25001,8323,82,2,164.45
25002,8324,190,3,109.95
25003,8324,174,1,114.93
25004,8324,71,3,271.85
25005,8324,118,4,259.42
25006,8324,140,1,13.39
25007,8325,198,3,49.14
25008,8325,94,2,281.05
25009,8326,153,4,53.97
25010,8326,155,2,24.51
25011,8326,116,4,163.33
25012,8326,190,1,109.95
25013,8327,131,1,51.37
25014,8327,113,4,78.35
25015,8327,122,2,11.28
25016,8327,161,4,9.08
25017,8328,34,4,426.41
25018,8328,13,3,522.46
25019,8328,111,2,295.40
25020,8328,136,1,16.82
25021,8329,37,2,429.72
25022,8329,52,3,47.09
25023,8330,99,2,151.45
25024,8330,98,1,324.18
25025,8330,91,1,265.75
25026,8330,62,4,205.44
25027,8331,79,1,233.68
25028,8331,3,4,136.62
25029,8331,135,4,53.76
25030,8331,49,3,182.19
25031,8332,112,4,307.14
25032,8332,143,1,59.98
25033,8332,183,3,92.22
25034,8332,64,3,50.42
25035,8332,198,4,49.14
25036,8333,67,3,39.92
25037,8333,142,1,36.11
25038,8333,20,1,150.57
25039,8333,146,1,27.35
25040,8334,164,1,69.89
25041,8335,192,1,14.31
25042,8335,60,2,179.81
25043,8335,4,4,327.69
25044,8335,42,3,81.37
25045,8335,70,1,47.08
25046,8336,152,4,48.13
25047,8337,81,1,310.43
25048,8338,98,2,324.18
25049,8338,86,2,333.64
25050,8338,58,1,199.52
25051,8338,72,3,207.50
25052,8339,67,1,39.92
25053,8339,6,2,871.62
25054,8339,27,2,225.51
25055,8339,131,2,51.37
25056,8340,166,3,61.71
25057,8340,105,2,27.39
25058,8341,160,2,45.74
25059,8342,39,3,380.34
25060,8343,93,3,318.36
25061,8343,115,4,308.68
25062,8344,142,4,36.11
25063,8344,188,1,16.87
25064,8345,133,4,46.80
25065,8346,81,3,310.43
25066,8346,45,3,150.59
25067,8346,127,3,45.09
25068,8346,184,4,93.38
25069,8347,53,2,108.74
25070,8347,138,2,54.31
25071,8347,64,3,50.42
25072,8348,64,2,50.42
25073,8349,34,4,426.41
25074,8349,129,3,31.16
25075,8350,129,2,31.16
25076,8350,158,2,59.27
25077,8350,22,1,129.18
25078,8350,136,1,16.82
25079,8350,115,3,308.68
25080,8351,75,4,108.00
25081,8351,154,3,6.98
25082,8351,77,3,28.30
25083,8351,178,1,39.29
25084,8351,89,3,183.76
25085,8352,130,4,40.37
25086,8352,98,1,324.18
25087,8353,72,3,207.50
25088,8354,64,2,50.42
25089,8354,80,1,253.61
25090,8354,45,4,150.59
25091,8355,87,2,282.19
25092,8355,165,2,65.60
25093,8355,52,3,47.09
25094,8355,5,3,294.97
25095,8355,166,4,61.71
25096,8356,19,2,816.54
25097,8357,39,3,380.34
25098,8357,186,4,118.92
25099,8358,172,1,66.83
25100,8358,71,4,271.85
25101,8358,128,1,46.60
25102,8358,113,1,78.35
25103,8359,56,1,174.98
25104,8359,63,2,293.35
25105,8359,18,3,293.07
25106,8360,84,1,198.78
25107,8360,22,3,129.18
25108,8360,100,3,86.91
25109,8360,69,2,258.65
25110,8361,140,4,13.39
25111,8361,124,1,44.55
25112,8361,145,4,16.73
25113,8361,81,3,310.43
25114,8362,157,2,19.33
25115,8363,163,4,81.90
25116,8363,192,3,14.31
25117,8363,161,3,9.08
25118,8363,13,1,522.46
25119,8363,34,2,426.41
25120,8364,191,4,103.44
25121,8364,60,3,179.81
25122,8365,51,2,23.32
25123,8366,191,1,103.44
25124,8367,124,2,44.55
25125,8367,130,1,40.37
25126,8367,87,4,282.19
25127,8367,159,4,26.55
25128,8367,108,2,231.27
25129,8368,58,1,199.52
25130,8369,109,1,191.43
25131,8369,121,2,40.24
25132,8369,3,3,136.62
25133,8370,46,1,30.13
25134,8371,112,4,307.14
25135,8371,101,2,329.79
25136,8371,138,1,54.31
25137,8371,189,4,57.74
25138,8371,111,3,295.40
25139,8372,131,3,51.37
25140,8372,73,3,25.03
25141,8372,38,3,117.99
25142,8372,174,2,114.93
25143,8373,29,2,665.28
25144,8373,18,3,293.07
25145,8373,49,4,182.19
25146,8374,76,1,248.97
25147,8374,107,3,368.95
25148,8374,121,2,40.24
25149,8375,116,4,163.33
25150,8375,152,4,48.13
25151,8375,178,1,39.29
25152,8375,142,3,36.11
25153,8376,29,1,665.28
25154,8376,60,2,179.81
25155,8376,68,4,104.26
25156,8376,2,3,239.88
25157,8377,150,1,45.00
25158,8377,32,1,574.26
25159,8377,175,3,53.39
25160,8378,183,3,92.22
25161,8378,187,1,12.37
25162,8379,17,3,446.15
25163,8379,108,4,231.27
25164,8379,12,1,788.04
25165,8379,87,2,282.19
25166,8380,54,3,52.55
25167,8380,15,1,875.17
25168,8380,180,2,109.81
25169,8380,96,4,48.32
25170,8380,59,3,264.27
25171,8381,76,4,248.97
25172,8381,141,1,44.68
25173,8381,200,1,21.95
25174,8382,24,1,811.59
25175,8382,32,1,574.26
25176,8382,4,1,327.69
25177,8382,51,3,23.32
25178,8382,138,1,54.31
25179,8383,160,1,45.74
25180,8383,56,2,174.98
25181,8383,143,4,59.98
25182,8383,70,4,47.08
25183,8384,114,2,386.72
25184,8384,56,2,174.98
25185,8384,34,2,426.41
25186,8385,94,4,281.05
25187,8385,20,4,150.57
25188,8385,44,1,168.63
25189,8386,195,2,97.24
25190,8386,98,3,324.18
25191,8387,71,4,271.85
25192,8388,50,1,237.25
25193,8388,3,2,136.62
25194,8388,13,4,522.46
25195,8389,130,2,40.37
25196,8389,126,2,25.37
25197,8389,80,3,253.61
25198,8389,57,1,51.30
25199,8390,50,2,237.25
25200,8390,130,2,40.37
25201,8390,58,3,199.52
25202,8390,123,4,37.05
25203,8390,138,1,54.31
25204,8391,65,2,153.24
25205,8391,200,1,21.95
25206,8392,106,1,377.39
25207,8392,129,4,31.16
25208,8392,85,1,126.48
25209,8392,85,2,126.48
25210,8392,43,2,30.78
25211,8393,200,3,21.95
25212,8394,52,1,47.09
25213,8394,127,1,45.09
25214,8394,162,1,21.49
25215,8394,19,1,816.54
25216,8394,78,3,92.26
25217,8395,43,2,30.78
25218,8395,68,2,104.26
25219,8395,57,4,51.30
25220,8396,116,1,163.33
25221,8397,81,4,310.43
25222,8397,151,2,53.45
25223,8397,29,2,665.28
25224,8398,139,1,26.08
25225,8398,121,2,40.24
25226,8399,139,2,26.08
25227,8399,51,2,23.32
25228,8399,3,4,136.62
25229,8399,141,1,44.68
25230,8399,108,1,231.27
25231,8400,107,3,368.95
25232,8400,175,3,53.39
25233,8400,99,2,151.45
25234,8400,123,3,37.05
25235,8400,79,1,233.68
25236,8401,148,4,42.76
25237,8401,4,4,327.69
25238,8402,157,4,19.33
25239,8402,56,1,174.98
25240,8403,51,2,23.32
25241,8403,173,2,93.51
25242,8404,2,4,239.88
25243,8404,133,2,46.80
25244,8405,78,4,92.26
25245,8405,66,2,60.34
25246,8405,167,2,106.22
25247,8405,32,1,574.26
25248,8405,190,4,109.95
25249,8406,146,2,27.35
25250,8406,114,4,386.72
25251,8407,144,1,46.06
25252,8407,150,2,45.00
25253,8408,154,2,6.98
25254,8408,8,4,743.01
25255,8408,56,1,174.98
25256,8408,55,3,247.20
25257,8409,131,1,51.37
25258,8409,3,4,136.62
25259,8409,134,3,19.36
25260,8409,110,3,431.78
25261,8409,29,1,665.28
25262,8410,185,2,4.70
25263,8410,143,4,59.98
25264,8411,86,4,333.64
25265,8411,189,3,57.74
25266,8411,104,4,42.38
25267,8412,133,2,46.80
25268,8412,35,3,291.27
25269,8413,176,2,24.47
25270,8413,173,2,93.51
25271,8414,153,3,53.97
25272,8414,183,2,92.22
25273,8414,97,3,388.13
25274,8414,96,1,48.32
25275,8414,181,1,13.99
25276,8415,3,2,136.62
25277,8416,28,2,549.50
25278,8416,187,3,12.37
25279,8416,99,1,151.45
25280,8416,157,4,19.33
25281,8416,20,4,150.57
25282,8417,8,2,743.01
25283,8417,183,4,92.22
25284,8418,95,3,418.23
25285,8418,105,2,27.39
25286,8418,119,4,390.51
25287,8418,91,2,265.75
25288,8419,107,3,368.95
25289,8419,31,1,609.25
25290,8419,148,1,42.76
25291,8419,51,2,23.32
25292,8420,28,4,549.50
25293,8420,137,2,16.72
25294,8420,191,2,103.44
25295,8420,140,4,13.39
25296,8420,122,1,11.28
25297,8421,198,2,49.14
25298,8422,163,4,81.90
25299,8422,91,3,265.75
25300,8422,152,3,48.13
25301,8423,15,1,875.17
25302,8424,20,2,150.57
25303,8424,128,1,46.60
25304,8424,195,4,97.24
25305,8424,106,3,377.39
25306,8424,73,3,25.03
25307,8425,161,2,9.08
25308,8425,5,4,294.97
25309,8426,42,3,81.37
25310,8427,151,3,53.45
25311,8427,165,3,65.60
25312,8428,185,3,4.70
25313,8428,172,2,66.83
25314,8428,183,4,92.22
25315,8428,109,1,191.43
25316,8428,53,4,108.74
25317,8429,137,2,16.72
25318,8429,177,1,103.55
25319,8429,156,1,47.44
25320,8430,142,4,36.11
25321,8430,131,3,51.37
25322,8430,58,4,199.52
25323,8430,131,1,51.37
25324,8431,67,3,39.92
25325,8432,178,1,39.29
25326,8433,158,2,59.27
25327,8433,81,1,310.43
25328,8433,112,3,307.14
25329,8433,130,2,40.37
25330,8434,1,4,500.72
25331,8435,51,2,23.32
25332,8435,101,2,329.79
25333,8435,128,2,46.60
25334,8435,167,3,106.22
25335,8435,105,2,27.39
25336,8436,53,2,108.74
25337,8436,188,1,16.87
25338,8437,51,4,23.32
25339,8437,53,2,108.74
25340,8437,23,4,311.08
25341,8437,138,3,54.31
25342,8437,198,2,49.14
25343,8438,86,1,333.64
25344,8438,187,3,12.37
25345,8438,200,2,21.95
25346,8438,86,2,333.64
25347,8439,75,1,108.00
25348,8439,198,3,49.14
25349,8439,82,2,164.45
25350,8439,193,4,94.03
25351,8439,140,2,13.39
25352,8440,138,2,54.31
25353,8441,117,1,298.11
25354,8441,92,2,391.62
25355,8441,29,3,665.28
25356,8442,195,4,97.24
25357,8442,42,3,81.37
25358,8443,183,1,92.22
25359,8443,175,3,53.39
25360,8444,124,1,44.55
25361,8444,52,2,47.09
25362,8444,126,1,25.37
25363,8444,107,2,368.95
25364,8445,143,2,59.98
25365,8445,189,4,57.74
25366,8446,197,2,63.01
25367,8447,29,1,665.28
25368,8447,134,3,19.36
25369,8447,14,2,750.61
25370,8447,86,4,333.64
25371,8448,25,4,250.49
25372,8448,69,4,258.65
25373,8449,80,4,253.61
25374,8450,82,2,164.45
25375,8450,70,1,47.08
25376,8450,35,4,291.27
25377,8450,23,3,311.08
25378,8451,185,2,4.70
25379,8452,9,2,746.78
25380,8453,89,2,183.76
25381,8453,45,2,150.59
25382,8454,68,3,104.26
25383,8454,31,1,609.25
25384,8454,100,3,86.91
25385,8454,126,4,25.37
25386,8455,48,1,206.81
25387,8455,110,3,431.78
25388,8455,109,4,191.43
25389,8456,116,3,163.33
25390,8456,89,3,183.76
25391,8456,55,4,247.20
25392,8456,51,4,23.32
25393,8457,165,3,65.60
25394,8458,118,3,259.42
25395,8459,145,1,16.73
25396,8459,26,3,43.63
25397,8460,47,4,66.78
25398,8461,86,3,333.64
25399,8461,22,1,129.18
25400,8461,4,2,327.69
25401,8461,57,4,51.30
25402,8462,196,2,66.42
25403,8462,116,4,163.33
25404,8462,161,2,9.08
25405,8462,196,2,66.42
25406,8463,13,1,522.46
25407,8463,140,1,13.39
25408,8464,16,2,537.37
25409,8465,108,4,231.27
25410,8465,63,2,293.35
25411,8465,152,2,48.13
25412,8466,20,3,150.57
25413,8466,77,4,28.30
25414,8466,43,2,30.78
25415,8467,37,1,429.72
25416,8468,15,1,875.17
25417,8468,119,4,390.51
25418,8468,138,1,54.31
25419,8468,133,3,46.80
25420,8469,110,3,431.78
25421,8469,105,4,27.39
25422,8469,114,3,386.72
25423,8470,136,4,16.82
25424,8470,110,4,431.78
25425,8470,197,2,63.01
25426,8471,200,2,21.95
25427,8471,142,4,36.11
25428,8471,118,2,259.42
25429,8471,63,4,293.35
25430,8471,200,4,21.95
25431,8472,140,1,13.39
25432,8472,18,3,293.07
25433,8472,155,3,24.51
25434,8473,146,4,27.35
25435,8474,142,2,36.11
25436,8474,176,4,24.47
25437,8474,110,2,431.78
25438,8474,105,1,27.39
25439,8474,50,3,237.25
25440,8475,5,1,294.97
25441,8475,130,3,40.37
25442,8475,186,2,118.92
25443,8475,179,1,29.88
25444,8475,139,4,26.08
25445,8476,112,2,307.14
25446,8476,136,1,16.82
25447,8476,184,3,93.38
25448,8477,11,3,691.54
25449,8477,178,3,39.29
25450,8477,8,4,743.01
25451,8477,15,4,875.17
25452,8477,67,2,39.92
25453,8478,43,4,30.78
25454,8478,181,2,13.99
25455,8478,71,3,271.85
25456,8479,196,2,66.42
25457,8480,134,2,19.36
25458,8480,155,2,24.51
25459,8480,172,4,66.83
25460,8481,140,2,13.39
25461,8482,52,4,47.09
25462,8482,139,2,26.08
25463,8482,177,3,103.55
25464,8482,189,3,57.74
25465,8482,57,1,51.30
25466,8483,47,4,66.78
25467,8483,170,2,16.89
25468,8483,153,3,53.97
25469,8483,137,4,16.72
25470,8483,198,3,49.14
25471,8484,37,3,429.72
25472,8484,51,1,23.32
25473,8484,175,3,53.39
25474,8484,189,2,57.74
25475,8484,164,3,69.89
25476,8485,98,1,324.18
25477,8485,81,2,310.43
25478,8485,94,1,281.05
25479,8486,195,1,97.24
25480,8487,174,1,114.93
25481,8488,3,3,136.62
25482,8488,22,1,129.18
25483,8488,74,3,54.80
25484,8489,34,1,426.41
25485,8490,194,2,74.31
25486,8490,138,3,54.31
25487,8490,89,2,183.76
25488,8490,3,1,136.62
25489,8491,28,3,549.50
25490,8492,106,2,377.39
25491,8492,145,4,16.73
25492,8492,190,4,109.95
25493,8492,130,3,40.37
25494,8492,164,2,69.89
25495,8493,130,3,40.37
25496,8493,49,4,182.19
25497,8494,48,4,206.81
25498,8494,46,3,30.13
25499,8495,10,1,273.35
25500,8496,22,4,129.18
25501,8496,128,1,46.60
25502,8496,178,2,39.29
25503,8496,189,1,57.74
25504,8496,58,2,199.52
25505,8497,8,1,743.01
25506,8497,55,2,247.20
25507,8498,20,4,150.57
25508,8498,181,2,13.99
25509,8498,76,4,248.97
25510,8498,106,3,377.39
25511,8498,5,4,294.97
25512,8499,14,4,750.61
25513,8499,74,2,54.80
25514,8499,155,4,24.51
25515,8499,122,1,11.28
25516,8499,93,2,318.36
25517,8500,109,2,191.43
25518,8500,176,3,24.47
25519,8500,95,1,418.23
25520,8500,58,2,199.52
25521,8500,64,4,50.42
25522,8501,46,2,30.13
25523,8501,158,4,59.27
25524,8502,123,1,37.05
25525,8502,129,2,31.16
25526,8502,180,1,109.81
25527,8503,142,2,36.11
25528,8503,75,2,108.00
25529,8503,98,2,324.18
25530,8503,99,2,151.45
25531,8503,176,2,24.47
25532,8504,42,4,81.37
25533,8504,183,4,92.22
25534,8505,182,1,100.88
25535,8505,82,4,164.45
25536,8505,38,4,117.99
25537,8505,156,3,47.44
25538,8505,188,4,16.87
25539,8506,116,1,163.33
25540,8506,190,2,109.95
25541,8506,153,2,53.97
25542,8506,153,4,53.97
25543,8506,107,4,368.95
25544,8507,57,3,51.30
25545,8507,91,3,265.75
25546,8507,105,3,27.39
25547,8507,184,1,93.38
25548,8508,16,2,537.37
25549,8509,136,1,16.82
25550,8509,98,4,324.18
25551,8509,70,3,47.08
25552,8509,23,3,311.08
25553,8510,156,2,47.44
25554,8511,8,1,743.01
25555,8512,23,3,311.08
25556,8512,15,4,875.17
25557,8512,119,3,390.51
25558,8513,17,1,446.15
25559,8513,92,1,391.62
25560,8513,20,1,150.57
25561,8514,149,2,28.06
25562,8514,161,2,9.08
25563,8514,137,4,16.72
25564,8514,97,4,388.13
25565,8515,113,3,78.35
25566,8515,12,4,788.04
25567,8515,57,2,51.30
25568,8515,187,2,12.37
25569,8516,94,1,281.05
25570,8517,71,1,271.85
25571,8517,18,4,293.07
25572,8517,9,2,746.78
25573,8517,4,2,327.69
25574,8517,162,3,21.49
25575,8518,102,4,17.15
25576,8518,69,3,258.65
25577,8518,184,2,93.38
25578,8518,36,1,558.56
25579,8518,166,4,61.71
25580,8519,98,1,324.18
25581,8519,93,1,318.36
25582,8519,36,4,558.56
25583,8520,110,1,431.78
25584,8520,164,1,69.89
25585,8520,58,1,199.52
25586,8521,91,1,265.75
25587,8521,97,2,388.13
25588,8521,59,1,264.27
25589,8521,192,3,14.31
25590,8522,170,2,16.89
25591,8522,154,2,6.98
25592,8522,112,1,307.14
25593,8522,2,2,239.88
25594,8522,112,4,307.14
25595,8523,118,4,259.42
25596,8523,168,3,4.90
25597,8524,24,1,811.59
25598,8524,163,3,81.90
25599,8524,14,2,750.61
25600,8524,39,2,380.34
25601,8525,181,4,13.99
25602,8525,154,1,6.98
25603,8525,5,1,294.97
25604,8525,130,4,40.37
25605,8526,165,2,65.60
25606,8527,112,1,307.14
25607,8527,168,2,4.90
25608,8527,52,4,47.09
25609,8527,60,3,179.81
25610,8528,13,1,522.46
25611,8528,12,4,788.04
25612,8528,114,2,386.72
25613,8528,158,3,59.27
25614,8529,194,3,74.31
25615,8529,122,3,11.28
25616,8529,25,1,250.49
25617,8529,117,1,298.11
25618,8529,135,4,53.76
25619,8530,165,3,65.60
25620,8530,184,2,93.38
25621,8531,76,1,248.97
25622,8531,73,1,25.03
25623,8531,189,1,57.74
25624,8531,164,4,69.89
25625,8532,85,3,126.48
25626,8533,154,1,6.98
25627,8533,74,4,54.80
25628,8533,98,3,324.18
25629,8533,107,1,368.95
25630,8533,21,4,540.25
25631,8534,94,2,281.05
25632,8534,159,1,26.55
25633,8534,34,4,426.41
25634,8534,152,1,48.13
25635,8534,160,1,45.74
25636,8535,111,2,295.40
25637,8535,87,2,282.19
25638,8535,193,1,94.03
25639,8536,45,2,150.59
25640,8536,105,2,27.39
25641,8536,60,4,179.81
25642,8537,97,4,388.13
25643,8537,18,2,293.07
25644,8537,43,2,30.78
25645,8538,73,1,25.03
25646,8538,102,2,17.15
25647,8538,16,2,537.37
25648,8538,108,3,231.27
25649,8538,78,3,92.26
25650,8539,108,2,231.27
25651,8539,87,1,282.19
25652,8539,82,4,164.45
25653,8539,65,3,153.24
25654,8540,125,2,32.57
25655,8541,152,1,48.13
25656,8542,10,1,273.35
25657,8542,143,2,59.98
25658,8542,11,2,691.54
25659,8542,18,4,293.07
25660,8542,99,2,151.45
25661,8543,79,2,233.68
25662,8543,155,2,24.51
25663,8543,83,3,88.66
25664,8543,6,1,871.62
25665,8544,108,3,231.27
25666,8544,15,1,875.17
25667,8544,102,3,17.15
25668,8545,59,3,264.27
25669,8545,143,3,59.98
25670,8546,84,1,198.78
25671,8546,169,3,96.92
25672,8546,108,1,231.27
25673,8547,43,4,30.78
25674,8548,37,3,429.72
25675,8548,4,2,327.69
25676,8548,117,3,298.11
25677,8548,156,2,47.44
25678,8549,128,2,46.60
25679,8549,6,2,871.62
25680,8549,18,2,293.07
25681,8550,95,4,418.23
25682,8551,140,4,13.39
25683,8551,161,2,9.08
25684,8551,2,3,239.88
25685,8552,22,3,129.18
25686,8552,11,3,691.54
25687,8552,118,2,259.42
25688,8552,140,2,13.39
25689,8552,65,3,153.24
25690,8553,95,3,418.23
25691,8553,184,1,93.38
25692,8553,200,3,21.95
25693,8553,46,3,30.13
25694,8554,72,1,207.50
25695,8554,3,3,136.62
25696,8554,3,2,136.62
25697,8554,36,2,558.56
25698,8554,24,4,811.59
25699,8555,64,4,50.42
25700,8555,8,2,743.01
25701,8555,170,3,16.89
25702,8556,80,4,253.61
25703,8556,183,4,92.22
25704,8556,130,4,40.37
25705,8556,127,1,45.09
25706,8557,145,4,16.73
25707,8557,128,3,46.60
25708,8557,58,2,199.52
25709,8558,10,4,273.35
25710,8558,41,3,224.09
25711,8558,152,2,48.13
25712,8559,149,4,28.06
25713,8559,48,4,206.81
25714,8559,22,1,129.18
25715,8560,179,4,29.88
25716,8560,195,2,97.24
25717,8560,71,4,271.85
25718,8560,107,2,368.95
25719,8560,57,3,51.30
25720,8561,68,2,104.26
25721,8561,43,4,30.78
25722,8561,126,1,25.37
25723,8561,86,1,333.64
25724,8561,97,1,388.13
25725,8562,14,2,750.61
25726,8562,62,4,205.44
25727,8563,6,3,871.62
25728,8563,31,1,609.25
25729,8563,156,4,47.44
25730,8563,59,3,264.27
25731,8564,17,2,446.15
25732,8564,55,2,247.20
25733,8564,151,1,53.45
25734,8564,146,4,27.35
25735,8564,133,1,46.80
25736,8565,142,4,36.11
25737,8565,166,2,61.71
25738,8566,35,4,291.27
25739,8566,152,3,48.13
25740,8566,182,4,100.88
25741,8567,12,4,788.04
25742,8568,141,2,44.68
25743,8568,85,3,126.48
25744,8568,190,2,109.95
25745,8569,117,3,298.11
25746,8569,145,2,16.73
25747,8570,101,3,329.79
25748,8571,159,3,26.55
25749,8571,172,3,66.83
25750,8572,38,2,117.99
25751,8572,195,1,97.24
25752,8572,18,2,293.07
25753,8573,57,3,51.30
25754,8573,64,4,50.42
25755,8573,54,3,52.55
25756,8574,24,3,811.59
25757,8574,63,3,293.35
25758,8574,58,3,199.52
25759,8574,94,3,281.05
25760,8574,63,2,293.35
25761,8575,36,3,558.56
25762,8575,176,1,24.47
25763,8575,169,4,96.92
25764,8575,60,2,179.81
25765,8576,168,1,4.90
25766,8577,134,2,19.36
25767,8578,96,2,48.32
25768,8579,137,2,16.72
25769,8579,83,3,88.66
25770,8580,136,3,16.82
25771,8580,124,3,44.55
25772,8580,159,2,26.55
25773,8580,122,2,11.28
25774,8581,187,1,12.37
25775,8581,148,4,42.76
25776,8581,188,3,16.87
25777,8581,105,4,27.39
25778,8581,132,2,33.38
25779,8582,25,2,250.49
25780,8582,167,2,106.22
25781,8583,84,1,198.78
25782,8583,18,3,293.07
25783,8583,200,4,21.95
25784,8583,139,4,26.08
25785,8584,51,4,23.32
25786,8584,146,4,27.35
25787,8584,22,3,129.18
25788,8584,153,1,53.97
25789,8585,113,2,78.35
25790,8585,5,2,294.97
25791,8585,2,4,239.88
25792,8586,177,1,103.55
25793,8586,131,3,51.37
25794,8586,108,4,231.27
25795,8586,162,1,21.49
25796,8587,84,3,198.78
25797,8587,9,2,746.78
25798,8587,133,3,46.80
25799,8587,188,1,16.87
25800,8588,182,1,100.88
25801,8588,102,1,17.15
25802,8588,48,3,206.81
25803,8589,146,2,27.35
25804,8589,93,3,318.36
25805,8589,165,4,65.60
25806,8590,138,3,54.31
25807,8591,188,4,16.87
25808,8591,107,2,368.95
25809,8592,9,4,746.78
25810,8592,187,3,12.37
25811,8592,111,1,295.40
25812,8592,189,2,57.74
25813,8593,1,3,500.72
25814,8593,112,4,307.14
25815,8593,73,4,25.03
25816,8593,130,4,40.37
25817,8593,162,4,21.49
25818,8594,83,1,88.66
25819,8595,183,3,92.22
25820,8595,91,1,265.75
25821,8596,11,4,691.54
25822,8596,81,2,310.43
25823,8596,102,3,17.15
25824,8596,98,3,324.18
25825,8597,49,2,182.19
25826,8598,134,4,19.36
25827,8598,109,4,191.43
25828,8598,111,4,295.40
25829,8599,145,4,16.73
25830,8599,113,4,78.35
25831,8599,154,3,6.98
25832,8600,149,3,28.06
25833,8600,15,3,875.17
25834,8601,41,4,224.09
25835,8601,65,1,153.24
25836,8601,182,3,100.88
25837,8601,128,4,46.60
25838,8602,166,2,61.71
25839,8602,53,3,108.74
25840,8602,54,4,52.55
25841,8603,105,3,27.39
25842,8603,62,1,205.44
25843,8603,105,3,27.39
25844,8603,4,1,327.69
25845,8603,136,3,16.82
25846,8604,15,2,875.17
25847,8604,141,2,44.68
25848,8604,125,3,32.57
25849,8604,63,1,293.35
25850,8605,53,1,108.74
25851,8605,129,2,31.16
25852,8605,75,4,108.00
25853,8605,164,4,69.89
25854,8606,159,3,26.55
25855,8606,172,2,66.83
25856,8606,71,4,271.85
25857,8606,41,3,224.09
25858,8607,36,4,558.56
25859,8607,14,1,750.61
25860,8607,187,3,12.37
25861,8607,5,4,294.97
25862,8608,184,2,93.38
25863,8608,182,1,100.88
25864,8608,69,2,258.65
25865,8609,3,4,136.62
25866,8610,62,1,205.44
25867,8610,41,3,224.09
25868,8610,178,3,39.29
25869,8610,86,3,333.64
25870,8610,194,4,74.31
25871,8611,114,4,386.72
25872,8611,123,1,37.05
25873,8611,16,2,537.37
25874,8611,185,1,4.70
25875,8611,159,2,26.55
25876,8612,86,1,333.64
25877,8613,119,2,390.51
25878,8614,43,4,30.78
25879,8614,90,2,370.03
25880,8615,108,2,231.27
25881,8615,165,3,65.60
25882,8615,166,1,61.71
25883,8615,92,1,391.62
25884,8616,15,2,875.17
25885,8616,126,4,25.37
25886,8616,70,3,47.08
25887,8617,134,2,19.36
25888,8617,70,4,47.08
25889,8617,101,1,329.79
25890,8617,121,3,40.24
25891,8617,142,3,36.11
25892,8618,169,4,96.92
25893,8618,127,3,45.09
25894,8618,3,4,136.62
25895,8618,188,3,16.87
25896,8619,5,2,294.97
25897,8619,94,2,281.05
25898,8619,128,4,46.60
25899,8619,193,2,94.03
25900,8620,28,1,549.50
25901,8620,99,3,151.45
25902,8620,170,4,16.89
25903,8620,106,2,377.39
25904,8620,81,4,310.43
25905,8621,3,4,136.62
25906,8621,23,2,311.08
25907,8621,103,3,258.65
25908,8622,104,4,42.38
25909,8623,72,4,207.50
25910,8624,158,1,59.27
25911,8624,83,4,88.66
25912,8624,175,2,53.39
25913,8624,176,2,24.47
25914,8624,50,3,237.25
25915,8625,116,1,163.33
25916,8626,200,2,21.95
25917,8626,126,2,25.37
25918,8626,198,1,49.14
25919,8626,127,1,45.09
25920,8626,197,4,63.01
25921,8627,44,4,168.63
25922,8627,41,4,224.09
25923,8627,148,2,42.76
25924,8628,19,2,816.54
25925,8628,165,1,65.60
25926,8628,45,2,150.59
25927,8628,64,1,50.42
25928,8628,106,1,377.39
25929,8629,19,1,816.54
25930,8630,28,2,549.50
25931,8630,81,3,310.43
25932,8630,137,3,16.72
25933,8631,56,3,174.98
25934,8631,93,3,318.36
25935,8631,115,4,308.68
25936,8632,111,4,295.40
25937,8632,46,1,30.13
25938,8632,70,2,47.08
25939,8633,69,2,258.65
25940,8633,19,3,816.54
25941,8633,31,4,609.25
25942,8634,18,4,293.07
25943,8634,91,4,265.75
25944,8635,154,3,6.98
25945,8635,59,2,264.27
25946,8635,77,3,28.30
25947,8635,59,4,264.27
25948,8635,153,1,53.97
25949,8636,47,2,66.78
25950,8636,185,2,4.70
25951,8636,41,1,224.09
25952,8636,198,1,49.14
25953,8636,74,4,54.80
25954,8637,40,1,633.55
25955,8637,97,2,388.13
25956,8637,122,4,11.28
25957,8637,17,3,446.15
25958,8638,74,2,54.80
25959,8638,200,3,21.95
25960,8638,86,1,333.64
25961,8639,101,3,329.79
25962,8639,98,4,324.18
25963,8639,164,2,69.89
25964,8640,200,1,21.95
25965,8640,63,2,293.35
25966,8640,30,4,281.92
25967,8640,121,1,40.24
25968,8640,81,3,310.43
25969,8641,110,3,431.78
25970,8641,184,3,93.38
25971,8641,37,1,429.72
25972,8641,107,4,368.95
25973,8642,167,2,106.22
25974,8642,112,3,307.14
25975,8642,64,2,50.42
25976,8642,80,3,253.61
25977,8642,200,1,21.95
25978,8643,43,3,30.78
25979,8643,69,3,258.65
25980,8643,152,4,48.13
25981,8643,40,1,633.55
25982,8644,3,4,136.62
25983,8645,110,3,431.78
25984,8645,130,1,40.37
25985,8645,30,2,281.92
25986,8646,35,3,291.27
25987,8647,56,2,174.98
25988,8648,113,4,78.35
25989,8649,27,3,225.51
25990,8650,81,2,310.43
25991,8650,142,4,36.11
25992,8651,159,4,26.55
25993,8651,178,3,39.29
25994,8651,158,1,59.27
25995,8651,185,2,4.70
25996,8651,185,4,4.70
25997,8652,15,3,875.17
25998,8652,132,1,33.38
25999,8652,156,3,47.44
26000,8652,17,2,446.15
26001,8653,189,3,57.74
26002,8654,92,4,391.62
26003,8654,87,4,282.19
26004,8654,190,4,109.95
26005,8655,103,2,258.65
26006,8655,112,1,307.14
26007,8655,186,2,118.92
26008,8655,137,3,16.72
26009,8656,161,1,9.08
26010,8657,75,4,108.00
26011,8657,66,4,60.34
26012,8657,180,3,109.81
26013,8657,96,3,48.32
26014,8658,170,2,16.89
26015,8659,160,3,45.74
26016,8659,121,1,40.24
26017,8660,83,1,88.66
26018,8660,126,4,25.37
26019,8660,41,4,224.09
26020,8660,190,1,109.95
26021,8660,28,3,549.50
26022,8661,110,3,431.78
26023,8661,137,1,16.72
26024,8662,193,3,94.03
26025,8662,72,4,207.50
26026,8663,74,4,54.80
26027,8663,57,1,51.30
26028,8663,53,3,108.74
26029,8663,65,4,153.24
26030,8664,36,2,558.56
26031,8664,142,3,36.11
26032,8664,4,1,327.69
26033,8665,180,3,109.81
26034,8665,10,2,273.35
26035,8665,140,2,13.39
26036,8665,121,2,40.24
26037,8665,101,2,329.79
26038,8666,17,3,446.15
26039,8666,166,2,61.71
26040,8666,138,4,54.31
26041,8666,91,1,265.75
26042,8667,56,2,174.98
26043,8667,128,2,46.60
26044,8667,92,4,391.62
26045,8668,155,4,24.51
26046,8668,167,2,106.22
26047,8668,158,1,59.27
26048,8669,59,4,264.27
26049,8669,69,2,258.65
26050,8669,15,1,875.17
26051,8669,162,3,21.49
26052,8669,101,2,329.79
26053,8670,157,2,19.33
26054,8670,198,1,49.14
26055,8670,79,3,233.68
26056,8671,36,4,558.56
26057,8672,172,2,66.83
26058,8672,29,2,665.28
26059,8672,35,1,291.27
26060,8672,164,1,69.89
26061,8673,63,3,293.35
26062,8673,30,1,281.92
26063,8673,128,2,46.60
26064,8673,52,2,47.09
26065,8674,40,2,633.55
26066,8674,45,2,150.59
26067,8675,84,2,198.78
26068,8675,189,3,57.74
26069,8675,73,2,25.03
26070,8675,137,2,16.72
26071,8675,67,1,39.92
26072,8676,150,2,45.00
26073,8677,160,1,45.74
26074,8677,136,2,16.82
26075,8677,174,2,114.93
26076,8677,103,4,258.65
26077,8678,140,3,13.39
26078,8678,32,1,574.26
26079,8678,185,1,4.70
26080,8678,102,1,17.15
26081,8679,103,2,258.65
26082,8679,83,4,88.66
26083,8679,181,2,13.99
26084,8680,41,2,224.09
26085,8680,20,4,150.57
26086,8680,34,2,426.41
26087,8680,112,3,307.14
26088,8680,140,4,13.39
26089,8681,165,2,65.60
26090,8681,140,3,13.39
26091,8681,130,2,40.37
26092,8682,104,4,42.38
26093,8682,53,1,108.74
26094,8683,10,3,273.35
26095,8683,124,2,44.55
26096,8683,66,2,60.34
26097,8684,11,3,691.54
26098,8684,41,1,224.09
26099,8684,107,2,368.95
26100,8684,69,2,258.65
26101,8685,146,2,27.35
26102,8686,175,3,53.39
26103,8687,52,3,47.09
26104,8688,55,1,247.20
26105,8688,8,2,743.01
26106,8688,119,4,390.51
26107,8688,187,3,12.37
26108,8689,68,2,104.26
26109,8689,18,3,293.07
26110,8690,40,1,633.55
26111,8690,50,2,237.25
26112,8691,126,2,25.37
26113,8692,45,1,150.59
26114,8692,185,1,4.70
26115,8693,186,2,118.92
26116,8693,92,1,391.62
26117,8693,129,2,31.16
26118,8693,93,4,318.36
26119,8694,34,1,426.41
26120,8695,191,1,103.44
26121,8695,70,3,47.08
26122,8695,185,3,4.70
26123,8696,155,3,24.51
26124,8697,74,2,54.80
26125,8698,21,4,540.25
26126,8698,25,1,250.49
26127,8699,186,3,118.92
26128,8699,95,2,418.23
26129,8700,39,3,380.34
26130,8701,158,3,59.27
26131,8701,94,1,281.05
26132,8701,187,1,12.37
26133,8701,79,4,233.68
26134,8702,28,3,549.50
26135,8702,156,4,47.44
26136,8702,65,2,153.24
26137,8702,130,1,40.37
26138,8703,138,2,54.31
26139,8703,47,4,66.78
26140,8703,5,4,294.97
26141,8703,23,4,311.08
26142,8703,179,3,29.88
26143,8704,197,1,63.01
26144,8704,193,3,94.03
26145,8704,24,1,811.59
26146,8705,82,4,164.45
26147,8706,42,4,81.37
26148,8706,68,3,104.26
26149,8706,133,2,46.80
26150,8706,84,2,198.78
26151,8707,129,1,31.16
26152,8707,188,1,16.87
26153,8707,144,2,46.06
26154,8708,174,1,114.93
26155,8708,152,4,48.13
26156,8708,18,2,293.07
26157,8708,191,1,103.44
26158,8708,141,2,44.68
26159,8709,24,1,811.59
26160,8710,54,1,52.55
26161,8710,173,2,93.51
26162,8710,17,4,446.15
26163,8710,82,1,164.45
26164,8711,93,4,318.36
26165,8711,118,3,259.42
26166,8711,132,1,33.38
26167,8711,158,2,59.27
26168,8711,185,2,4.70
26169,8712,200,1,21.95
26170,8712,124,4,44.55
26171,8712,54,4,52.55
26172,8713,192,3,14.31
26173,8713,73,4,25.03
26174,8713,136,4,16.82
26175,8713,140,1,13.39
26176,8713,115,3,308.68
26177,8714,9,3,746.78
26178,8714,5,4,294.97
26179,8714,14,1,750.61
26180,8714,2,2,239.88
26181,8714,39,2,380.34
26182,8715,76,1,248.97
26183,8715,118,4,259.42
26184,8715,16,3,537.37
26185,8715,45,4,150.59
26186,8715,174,1,114.93
26187,8716,198,3,49.14
26188,8717,59,3,264.27
26189,8717,79,4,233.68
26190,8718,69,2,258.65
26191,8718,55,3,247.20
26192,8718,113,3,78.35
26193,8718,97,4,388.13
26194,8719,31,3,609.25
26195,8719,79,2,233.68
26196,8719,126,2,25.37
26197,8720,127,2,45.09
26198,8720,81,3,310.43
26199,8720,76,1,248.97
26200,8721,36,3,558.56
26201,8721,161,2,9.08
26202,8721,155,4,24.51
26203,8722,151,4,53.45
26204,8722,99,2,151.45
26205,8722,98,3,324.18
26206,8722,99,2,151.45
26207,8723,111,4,295.40
26208,8724,179,1,29.88
26209,8724,177,4,103.55
26210,8724,143,2,59.98
26211,8724,105,1,27.39
26212,8725,93,2,318.36
26213,8725,96,4,48.32
26214,8725,197,3,63.01
26215,8726,133,1,46.80
26216,8726,79,4,233.68
26217,8726,115,4,308.68
26218,8727,125,2,32.57
26219,8727,3,4,136.62
26220,8728,55,4,247.20
26221,8728,11,3,691.54
26222,8728,99,2,151.45
26223,8729,8,3,743.01
26224,8729,66,2,60.34
26225,8729,155,2,24.51
26226,8730,3,1,136.62
26227,8731,57,2,51.30
26228,8732,58,3,199.52
26229,8732,148,3,42.76
26230,8732,123,2,37.05
26231,8733,18,4,293.07
26232,8734,51,1,23.32
26233,8735,195,2,97.24
26234,8735,156,2,47.44
26235,8735,24,2,811.59
26236,8736,150,2,45.00
26237,8736,119,1,390.51
26238,8736,19,2,816.54
26239,8737,2,2,239.88
26240,8737,58,4,199.52
26241,8737,141,3,44.68
26242,8737,71,2,271.85
26243,8738,152,1,48.13
26244,8738,57,4,51.30
26245,8738,46,1,30.13
26246,8739,190,2,109.95
26247,8740,15,3,875.17
26248,8740,189,2,57.74
26249,8741,122,4,11.28
26250,8742,82,1,164.45
26251,8742,163,1,81.90
26252,8742,193,4,94.03
26253,8742,86,1,333.64
26254,8743,77,4,28.30
26255,8743,71,4,271.85
26256,8743,59,1,264.27
26257,8743,157,4,19.33
26258,8743,93,3,318.36
26259,8744,182,1,100.88
26260,8744,45,3,150.59
26261,8744,172,4,66.83
26262,8744,47,3,66.78
26263,8744,141,2,44.68
26264,8745,23,3,311.08
26265,8745,128,1,46.60
26266,8745,21,1,540.25
26267,8745,23,2,311.08
26268,8746,148,2,42.76
26269,8746,118,3,259.42
26270,8746,28,4,549.50
26271,8746,146,1,27.35
26272,8747,132,4,33.38
26273,8747,13,2,522.46
26274,8747,161,3,9.08
26275,8748,47,4,66.78
26276,8748,116,3,163.33
26277,8749,186,4,118.92
26278,8749,140,1,13.39
26279,8749,26,2,43.63
26280,8750,37,1,429.72
26281,8751,154,4,6.98
26282,8751,192,3,14.31
26283,8751,167,4,106.22
26284,8752,104,2,42.38
26285,8752,44,1,168.63
26286,8753,117,2,298.11
26287,8753,45,1,150.59
26288,8753,44,3,168.63
26289,8753,103,4,258.65
26290,8753,34,2,426.41
26291,8754,185,4,4.70
26292,8755,42,1,81.37
26293,8755,186,2,118.92
26294,8756,66,4,60.34
26295,8756,127,1,45.09
26296,8756,108,2,231.27
26297,8756,19,3,816.54
26298,8757,62,2,205.44
26299,8757,112,2,307.14
26300,8757,102,3,17.15
26301,8758,95,3,418.23
26302,8758,74,1,54.80
26303,8759,75,3,108.00
26304,8759,166,1,61.71
26305,8759,138,1,54.31
26306,8759,195,3,97.24
26307,8760,37,1,429.72
26308,8760,34,1,426.41
26309,8760,177,4,103.55
26310,8761,75,3,108.00
26311,8762,153,1,53.97
26312,8762,57,1,51.30
26313,8762,10,3,273.35
26314,8762,170,3,16.89
26315,8762,176,2,24.47
26316,8763,14,3,750.61
26317,8763,64,1,50.42
26318,8763,22,1,129.18
26319,8763,121,4,40.24
26320,8763,148,3,42.76
26321,8764,177,4,103.55
26322,8764,146,3,27.35
26323,8764,94,4,281.05
26324,8764,183,4,92.22
26325,8764,188,4,16.87
26326,8765,102,4,17.15
26327,8765,75,1,108.00
26328,8765,74,2,54.80
26329,8765,23,1,311.08
26330,8766,200,4,21.95
26331,8767,179,2,29.88
26332,8767,102,1,17.15
26333,8768,66,1,60.34
26334,8768,143,3,59.98
26335,8768,53,2,108.74
26336,8768,181,3,13.99
26337,8768,59,3,264.27
26338,8769,185,3,4.70
26339,8770,26,3,43.63
26340,8770,126,2,25.37
26341,8771,75,2,108.00
26342,8771,79,2,233.68
26343,8771,115,1,308.68
26344,8771,164,3,69.89
26345,8772,32,3,574.26
26346,8772,31,3,609.25
26347,8772,6,1,871.62
26348,8773,155,4,24.51
26349,8773,126,3,25.37
26350,8774,164,2,69.89
26351,8774,185,1,4.70
26352,8774,74,3,54.80
26353,8774,58,1,199.52
26354,8775,18,1,293.07
26355,8775,185,2,4.70
26356,8775,16,3,537.37
26357,8776,178,3,39.29
26358,8776,191,4,103.44
26359,8776,197,2,63.01
26360,8776,98,3,324.18
26361,8777,155,2,24.51
26362,8777,105,2,27.39
26363,8777,68,3,104.26
26364,8777,195,1,97.24
26365,8777,98,3,324.18
26366,8778,113,4,78.35
26367,8778,148,4,42.76
26368,8778,198,1,49.14
26369,8778,73,4,25.03
26370,8778,28,1,549.50
26371,8779,111,3,295.40
26372,8779,53,4,108.74
26373,8780,112,4,307.14
26374,8780,140,3,13.39
26375,8781,95,1,418.23
26376,8781,152,2,48.13
26377,8781,4,2,327.69
26378,8782,112,2,307.14
26379,8782,166,3,61.71
26380,8782,155,4,24.51
26381,8783,170,1,16.89
26382,8783,52,2,47.09
26383,8784,97,4,388.13
26384,8784,178,2,39.29
26385,8784,23,1,311.08
26386,8784,106,4,377.39
26387,8784,67,1,39.92
26388,8785,177,3,103.55
26389,8785,38,4,117.99
26390,8785,24,2,811.59
26391,8785,117,3,298.11
26392,8785,135,4,53.76
26393,8786,15,3,875.17
26394,8786,57,4,51.30
26395,8786,51,4,23.32
26396,8786,157,2,19.33
26397,8787,117,2,298.11
26398,8787,58,2,199.52
26399,8787,111,2,295.40
26400,8787,63,4,293.35
26401,8787,40,4,633.55
26402,8788,150,2,45.00
26403,8788,197,3,63.01
26404,8788,55,3,247.20
26405,8788,189,1,57.74
26406,8788,107,2,368.95
26407,8789,53,2,108.74
26408,8789,139,2,26.08
26409,8790,102,1,17.15
26410,8790,192,2,14.31
26411,8790,24,2,811.59
26412,8790,3,4,136.62
26413,8791,6,4,871.62
26414,8791,172,2,66.83
26415,8791,131,3,51.37
26416,8791,60,4,179.81
26417,8792,31,2,609.25
26418,8792,140,2,13.39
26419,8792,55,3,247.20
26420,8792,142,3,36.11
26421,8792,148,1,42.76
26422,8793,49,1,182.19
26423,8793,114,2,386.72
26424,8793,134,1,19.36
26425,8794,116,2,163.33
26426,8794,82,3,164.45
26427,8794,48,1,206.81
26428,8795,192,1,14.31
26429,8795,137,4,16.72
26430,8795,184,2,93.38
26431,8796,172,3,66.83
26432,8796,16,4,537.37
26433,8796,112,1,307.14
26434,8796,39,3,380.34
26435,8796,11,4,691.54
26436,8797,54,2,52.55
26437,8797,106,3,377.39
26438,8797,104,3,42.38
26439,8797,68,1,104.26
26440,8798,18,3,293.07
26441,8798,91,2,265.75
26442,8798,13,3,522.46
26443,8798,121,1,40.24
26444,8799,35,1,291.27
26445,8799,131,3,51.37
26446,8799,179,1,29.88
26447,8799,20,2,150.57
26448,8799,152,3,48.13
26449,8800,183,1,92.22
26450,8800,133,1,46.80
26451,8800,153,2,53.97
26452,8801,39,4,380.34
26453,8801,113,1,78.35
26454,8801,23,1,311.08
26455,8801,22,2,129.18
26456,8801,30,3,281.92
26457,8802,59,2,264.27
26458,8802,53,3,108.74
26459,8802,142,4,36.11
26460,8803,4,3,327.69
26461,8803,37,3,429.72
26462,8804,57,2,51.30
26463,8804,53,3,108.74
26464,8805,200,3,21.95
26465,8805,34,3,426.41
26466,8805,67,2,39.92
26467,8806,24,2,811.59
26468,8806,189,2,57.74
26469,8806,99,4,151.45
26470,8807,6,4,871.62
26471,8808,142,3,36.11
26472,8808,94,3,281.05
26473,8809,106,4,377.39
26474,8810,3,3,136.62
26475,8810,28,1,549.50
26476,8810,86,3,333.64
26477,8810,118,2,259.42
26478,8811,196,2,66.42
26479,8811,200,2,21.95
26480,8812,5,4,294.97
26481,8812,141,1,44.68
26482,8813,98,2,324.18
26483,8813,150,1,45.00
26484,8814,156,2,47.44
26485,8814,48,4,206.81
26486,8815,180,2,109.81
26487,8815,121,4,40.24
26488,8815,43,4,30.78
26489,8816,149,2,28.06
26490,8817,143,3,59.98
26491,8817,2,3,239.88
26492,8818,12,1,788.04
26493,8818,79,1,233.68
26494,8818,8,3,743.01
26495,8818,169,3,96.92
26496,8819,159,4,26.55
26497,8820,154,4,6.98
26498,8820,31,4,609.25
26499,8820,32,4,574.26
26500,8820,152,2,48.13
26501,8820,135,4,53.76
26502,8821,92,2,391.62
26503,8821,197,1,63.01
26504,8821,183,1,92.22
26505,8821,146,4,27.35
26506,8822,60,1,179.81
26507,8822,124,1,44.55
26508,8822,67,4,39.92
26509,8822,132,1,33.38
26510,8823,86,3,333.64
26511,8824,111,3,295.40
26512,8824,70,4,47.08
26513,8824,129,3,31.16
26514,8824,167,4,106.22
26515,8824,154,1,6.98
26516,8825,45,2,150.59
26517,8825,68,4,104.26
26518,8825,191,1,103.44
26519,8825,40,2,633.55
26520,8825,200,4,21.95
26521,8826,186,2,118.92
26522,8826,14,1,750.61
26523,8826,153,1,53.97
26524,8826,21,4,540.25
26525,8827,8,3,743.01
26526,8827,72,4,207.50
26527,8827,15,2,875.17
26528,8827,108,1,231.27
26529,8827,39,2,380.34
26530,8828,85,3,126.48
26531,8828,158,3,59.27
26532,8829,8,3,743.01
26533,8829,186,3,118.92
26534,8829,197,4,63.01
26535,8829,145,4,16.73
26536,8830,64,4,50.42
26537,8830,128,4,46.60
26538,8831,58,2,199.52
26539,8831,102,3,17.15
26540,8831,148,3,42.76
26541,8831,137,3,16.72
26542,8832,66,4,60.34
26543,8832,39,2,380.34
26544,8832,8,4,743.01
26545,8832,140,2,13.39
26546,8833,2,3,239.88
26547,8833,119,4,390.51
26548,8833,149,2,28.06
26549,8834,106,2,377.39
26550,8834,6,1,871.62
26551,8834,62,1,205.44
26552,8835,103,2,258.65
26553,8835,187,3,12.37
26554,8835,77,4,28.30
26555,8836,174,2,114.93
26556,8837,170,3,16.89
26557,8837,5,3,294.97
26558,8837,176,3,24.47
26559,8837,143,2,59.98
26560,8838,87,1,282.19
26561,8838,42,1,81.37
26562,8838,141,3,44.68
26563,8838,84,2,198.78
26564,8838,65,3,153.24
26565,8839,118,2,259.42
26566,8839,94,4,281.05
26567,8840,34,1,426.41
26568,8840,42,3,81.37
26569,8840,183,1,92.22
26570,8841,28,2,549.50
26571,8842,19,3,816.54
26572,8842,122,2,11.28
26573,8843,58,4,199.52
26574,8843,59,3,264.27
26575,8843,13,2,522.46
26576,8843,182,1,100.88
26577,8843,36,1,558.56
26578,8844,130,2,40.37
26579,8844,137,2,16.72
26580,8845,180,1,109.81
26581,8845,149,4,28.06
26582,8846,4,2,327.69
26583,8846,85,1,126.48
26584,8846,22,2,129.18
26585,8846,148,1,42.76
26586,8847,20,1,150.57
26587,8847,155,4,24.51
26588,8848,178,1,39.29
26589,8849,70,3,47.08
26590,8849,126,4,25.37
26591,8849,63,1,293.35
26592,8850,82,2,164.45
26593,8850,121,1,40.24
26594,8850,118,3,259.42
26595,8850,179,3,29.88
26596,8850,141,3,44.68
26597,8851,49,2,182.19
26598,8851,6,2,871.62
26599,8851,1,2,500.72
26600,8851,188,3,16.87
26601,8852,172,2,66.83
26602,8852,32,2,574.26
26603,8852,19,3,816.54
26604,8852,134,4,19.36
26605,8853,84,2,198.78
26606,8853,112,1,307.14
26607,8854,32,3,574.26
26608,8854,11,2,691.54
26609,8855,112,3,307.14
26610,8856,44,3,168.63
26611,8857,98,4,324.18
26612,8857,18,2,293.07
26613,8857,10,2,273.35
26614,8858,161,2,9.08
26615,8858,70,3,47.08
26616,8858,185,4,4.70
26617,8858,85,4,126.48
26618,8859,136,3,16.82
26619,8859,85,1,126.48
26620,8859,109,2,191.43
26621,8859,68,1,104.26
26622,8860,184,3,93.38
26623,8860,184,1,93.38
26624,8860,1,4,500.72
26625,8861,53,4,108.74
26626,8861,140,3,13.39
26627,8861,57,3,51.30
26628,8861,101,3,329.79
26629,8861,152,2,48.13
26630,8862,164,2,69.89
26631,8862,183,3,92.22
26632,8862,72,2,207.50
26633,8863,126,4,25.37
26634,8864,20,2,150.57
26635,8864,72,1,207.50
26636,8864,154,2,6.98
26637,8864,8,1,743.01
26638,8865,84,4,198.78
26639,8865,149,2,28.06
26640,8865,40,1,633.55
26641,8865,20,3,150.57
26642,8866,150,1,45.00
26643,8866,91,3,265.75
26644,8866,83,3,88.66
26645,8866,26,2,43.63
26646,8867,172,2,66.83
26647,8867,154,4,6.98
26648,8868,6,1,871.62
26649,8868,92,1,391.62
26650,8868,162,3,21.49
26651,8868,42,4,81.37
26652,8868,13,2,522.46
26653,8869,101,4,329.79
26654,8869,110,2,431.78
26655,8869,140,2,13.39
26656,8870,146,3,27.35
26657,8870,118,1,259.42
26658,8870,144,2,46.06
26659,8870,133,1,46.80
26660,8871,48,4,206.81
26661,8871,5,2,294.97
26662,8872,76,4,248.97
26663,8872,193,2,94.03
26664,8872,70,1,47.08
26665,8873,129,3,31.16
26666,8873,185,3,4.70
26667,8873,24,4,811.59
26668,8873,127,3,45.09
26669,8873,183,4,92.22
26670,8874,103,4,258.65
26671,8874,77,1,28.30
26672,8874,84,1,198.78
26673,8874,191,4,103.44
26674,8874,67,1,39.92
26675,8875,145,2,16.73
26676,8875,32,3,574.26
26677,8875,105,2,27.39
26678,8876,165,3,65.60
26679,8876,126,1,25.37
26680,8876,157,1,19.33
26681,8876,38,2,117.99
26682,8876,56,3,174.98
26683,8877,38,4,117.99
26684,8878,80,3,253.61
26685,8878,192,1,14.31
26686,8878,197,3,63.01
26687,8878,79,3,233.68
26688,8879,18,1,293.07
26689,8880,101,2,329.79
26690,8880,187,2,12.37
26691,8881,9,3,746.78
26692,8881,65,3,153.24
26693,8882,104,2,42.38
26694,8882,71,2,271.85
26695,8882,188,1,16.87
26696,8883,133,2,46.80
26697,8883,167,1,106.22
26698,8883,81,4,310.43
26699,8884,65,4,153.24
26700,8884,105,4,27.39
26701,8884,29,1,665.28
26702,8884,143,1,59.98
26703,8884,179,4,29.88
26704,8885,41,4,224.09
26705,8885,35,2,291.27
26706,8885,200,4,21.95
26707,8885,156,1,47.44
26708,8885,100,2,86.91
26709,8886,169,2,96.92
26710,8886,192,4,14.31
26711,8887,2,1,239.88
26712,8887,56,4,174.98
26713,8887,152,4,48.13
26714,8888,98,2,324.18
26715,8888,16,2,537.37
26716,8889,180,4,109.81
26717,8889,119,4,390.51
26718,8889,81,4,310.43
26719,8890,187,3,12.37
26720,8890,63,3,293.35
26721,8891,172,2,66.83
26722,8891,180,4,109.81
26723,8891,152,2,48.13
26724,8891,89,4,183.76
26725,8891,167,1,106.22
26726,8892,15,4,875.17
26727,8892,167,1,106.22
26728,8892,36,4,558.56
26729,8892,192,1,14.31
26730,8892,92,1,391.62
26731,8893,108,4,231.27
26732,8893,146,2,27.35
26733,8894,65,3,153.24
26734,8894,67,2,39.92
26735,8894,130,3,40.37
26736,8894,103,1,258.65
26737,8895,135,2,53.76
26738,8895,167,2,106.22
26739,8895,196,4,66.42
26740,8896,164,4,69.89
26741,8896,108,1,231.27
26742,8896,193,2,94.03
26743,8896,161,2,9.08
26744,8897,59,4,264.27
26745,8897,148,3,42.76
26746,8897,130,2,40.37
26747,8897,87,1,282.19
26748,8897,2,4,239.88
26749,8898,57,3,51.30
26750,8898,44,1,168.63
26751,8899,52,4,47.09
26752,8900,186,4,118.92
26753,8901,49,3,182.19
26754,8901,95,1,418.23
26755,8901,166,2,61.71
26756,8902,144,3,46.06
26757,8902,79,3,233.68
26758,8902,2,1,239.88
26759,8902,129,1,31.16
26760,8902,83,1,88.66
26761,8903,93,3,318.36
26762,8903,159,3,26.55
26763,8903,11,4,691.54
26764,8903,190,3,109.95
26765,8903,169,2,96.92
26766,8904,187,1,12.37
26767,8904,152,1,48.13
26768,8905,189,3,57.74
26769,8905,129,4,31.16
26770,8905,82,4,164.45
26771,8905,51,1,23.32
26772,8905,41,4,224.09
26773,8906,116,2,163.33
26774,8906,167,4,106.22
26775,8906,9,2,746.78
26776,8907,145,2,16.73
26777,8907,133,3,46.80
26778,8908,63,1,293.35
26779,8908,156,3,47.44
26780,8908,117,1,298.11
26781,8908,40,4,633.55
26782,8908,85,3,126.48
26783,8909,200,1,21.95
26784,8909,74,1,54.80
26785,8909,135,1,53.76
26786,8909,170,2,16.89
26787,8910,192,3,14.31
26788,8910,137,1,16.72
26789,8910,140,1,13.39
26790,8910,73,1,25.03
26791,8911,119,4,390.51
26792,8911,177,2,103.55
26793,8911,155,3,24.51
26794,8912,130,1,40.37
26795,8912,56,2,174.98
26796,8912,62,1,205.44
26797,8912,159,4,26.55
26798,8913,80,1,253.61
26799,8914,110,3,431.78
26800,8915,89,1,183.76
26801,8915,46,2,30.13
26802,8915,166,3,61.71
26803,8915,180,2,109.81
26804,8915,59,1,264.27
26805,8916,50,4,237.25
26806,8917,6,1,871.62
26807,8917,99,3,151.45
26808,8917,27,2,225.51
26809,8917,49,4,182.19
26810,8918,132,2,33.38
26811,8918,148,4,42.76
26812,8918,11,4,691.54
26813,8919,194,2,74.31
26814,8919,19,2,816.54
26815,8920,95,1,418.23
26816,8920,146,3,27.35
26817,8920,11,3,691.54
26818,8920,104,2,42.38
26819,8920,186,3,118.92
26820,8921,110,1,431.78
26821,8921,67,3,39.92
26822,8921,79,3,233.68
26823,8922,21,1,540.25
26824,8922,100,4,86.91
26825,8922,169,2,96.92
26826,8923,133,2,46.80
26827,8923,133,3,46.80
26828,8924,124,4,44.55
26829,8924,26,2,43.63
26830,8924,75,3,108.00
26831,8925,73,3,25.03
26832,8925,13,3,522.46
26833,8926,155,3,24.51
26834,8926,190,1,109.95
26835,8927,186,1,118.92
26836,8928,20,1,150.57
26837,8928,117,4,298.11
26838,8929,31,4,609.25
26839,8929,77,3,28.30
26840,8929,97,2,388.13
26841,8930,76,1,248.97
26842,8930,98,3,324.18
26843,8931,195,2,97.24
26844,8931,122,4,11.28
26845,8931,91,2,265.75
26846,8931,121,1,40.24
26847,8931,45,1,150.59
26848,8932,136,2,16.82
26849,8932,64,4,50.42
26850,8932,174,3,114.93
26851,8932,152,2,48.13
26852,8933,126,3,25.37
26853,8933,186,3,118.92
26854,8933,39,1,380.34
26855,8934,82,1,164.45
26856,8934,54,3,52.55
26857,8934,41,4,224.09
26858,8935,176,3,24.47
26859,8935,186,2,118.92
26860,8936,180,3,109.81
26861,8936,21,4,540.25
26862,8936,184,2,93.38
26863,8937,178,3,39.29
26864,8937,81,1,310.43
26865,8938,66,1,60.34
26866,8938,10,3,273.35
26867,8938,40,1,633.55
26868,8938,115,1,308.68
26869,8938,31,3,609.25
26870,8939,34,4,426.41
26871,8939,13,3,522.46
26872,8940,191,3,103.44
26873,8940,48,2,206.81
26874,8941,21,3,540.25
26875,8941,59,4,264.27
26876,8941,178,4,39.29
26877,8941,39,4,380.34
26878,8942,160,1,45.74
26879,8942,106,3,377.39
26880,8942,176,3,24.47
26881,8943,107,1,368.95
26882,8943,28,3,549.50
26883,8943,190,4,109.95
26884,8943,31,2,609.25
26885,8943,16,3,537.37
26886,8944,28,3,549.50
26887,8944,167,2,106.22
26888,8944,76,1,248.97
26889,8944,99,2,151.45
26890,8945,74,1,54.80
26891,8945,26,4,43.63
26892,8945,144,4,46.06
26893,8945,66,1,60.34
26894,8945,173,2,93.51
26895,8946,168,1,4.90
26896,8946,80,4,253.61
26897,8947,64,4,50.42
26898,8947,15,1,875.17
26899,8947,117,2,298.11
26900,8947,121,1,40.24
26901,8948,198,3,49.14
26902,8948,50,1,237.25
26903,8948,102,2,17.15
26904,8948,115,2,308.68
26905,8948,84,1,198.78
26906,8949,179,3,29.88
26907,8949,161,3,9.08
26908,8949,100,1,86.91
26909,8949,102,2,17.15
26910,8949,69,2,258.65
26911,8950,84,3,198.78
26912,8950,146,4,27.35
26913,8950,177,4,103.55
26914,8951,81,2,310.43
26915,8951,143,4,59.98
26916,8951,86,3,333.64
26917,8951,94,1,281.05
26918,8951,176,1,24.47
26919,8952,48,4,206.81
26920,8952,186,2,118.92
26921,8953,192,3,14.31
26922,8953,3,3,136.62
26923,8953,55,2,247.20
26924,8954,111,3,295.40
26925,8954,28,1,549.50
26926,8954,181,4,13.99
26927,8954,70,1,47.08
26928,8955,58,3,199.52
26929,8955,9,4,746.78
26930,8956,25,2,250.49
26931,8956,69,2,258.65
26932,8956,104,1,42.38
26933,8956,24,2,811.59
26934,8956,194,2,74.31
26935,8957,12,1,788.04
26936,8957,97,4,388.13
26937,8957,126,2,25.37
26938,8957,141,4,44.68
26939,8958,41,3,224.09
26940,8959,12,3,788.04
26941,8959,142,1,36.11
26942,8959,73,4,25.03
26943,8959,13,1,522.46
26944,8960,109,1,191.43
26945,8960,44,3,168.63
26946,8960,44,1,168.63
26947,8960,146,1,27.35
26948,8960,25,2,250.49
26949,8961,78,3,92.26
26950,8961,158,1,59.27
26951,8962,142,2,36.11
26952,8962,149,2,28.06
26953,8962,195,1,97.24
26954,8962,118,4,259.42
26955,8962,126,3,25.37
26956,8963,29,3,665.28
26957,8963,159,3,26.55
26958,8964,77,4,28.30
26959,8964,48,3,206.81
26960,8965,91,3,265.75
26961,8966,39,2,380.34
26962,8966,128,2,46.60
26963,8966,92,1,391.62
26964,8967,17,3,446.15
26965,8968,77,3,28.30
26966,8968,23,3,311.08
26967,8968,97,4,388.13
26968,8968,35,3,291.27
26969,8969,100,2,86.91
26970,8970,183,1,92.22
26971,8970,155,3,24.51
26972,8970,41,2,224.09
26973,8971,46,1,30.13
26974,8971,100,1,86.91
26975,8971,27,4,225.51
26976,8972,98,4,324.18
26977,8973,5,3,294.97
26978,8973,132,4,33.38
26979,8973,140,1,13.39
26980,8973,71,1,271.85
26981,8973,153,3,53.97
26982,8974,70,3,47.08
26983,8974,26,4,43.63
26984,8974,5,1,294.97
26985,8974,5,1,294.97
26986,8975,49,2,182.19
26987,8975,55,4,247.20
26988,8975,166,3,61.71
26989,8975,49,4,182.19
26990,8975,106,4,377.39
26991,8976,4,4,327.69
26992,8976,24,1,811.59
26993,8976,45,3,150.59
26994,8976,134,3,19.36
26995,8977,63,1,293.35
26996,8977,84,2,198.78
26997,8977,44,3,168.63
26998,8977,34,3,426.41
26999,8977,117,1,298.11
27000,8978,162,4,21.49
27001,8978,176,2,24.47
27002,8978,169,3,96.92
27003,8978,28,4,549.50
27004,8979,133,4,46.80
27005,8979,172,1,66.83
27006,8979,174,4,114.93
27007,8979,42,3,81.37
27008,8979,183,2,92.22
27009,8980,85,2,126.48
27010,8980,188,1,16.87
27011,8980,104,3,42.38
27012,8981,68,4,104.26
27013,8981,159,3,26.55
27014,8981,123,3,37.05
27015,8981,40,3,633.55
27016,8981,125,2,32.57
27017,8982,91,1,265.75
27018,8982,46,2,30.13
27019,8982,197,1,63.01
27020,8982,152,1,48.13
27021,8982,140,3,13.39
27022,8983,91,1,265.75
27023,8983,11,4,691.54
27024,8984,125,1,32.57
27025,8984,180,1,109.81
27026,8984,143,4,59.98
27027,8985,16,3,537.37
27028,8985,169,3,96.92
27029,8985,12,4,788.04
27030,8986,108,4,231.27
27031,8986,22,2,129.18
27032,8986,118,3,259.42
27033,8986,99,4,151.45
27034,8986,161,2,9.08
27035,8987,13,2,522.46
27036,8987,74,2,54.80
27037,8987,103,2,258.65
27038,8987,31,2,609.25
27039,8988,84,2,198.78
27040,8989,115,3,308.68
27041,8990,152,2,48.13
27042,8990,24,4,811.59
27043,8991,172,2,66.83
27044,8991,132,4,33.38
27045,8991,142,2,36.11
27046,8991,78,2,92.26
27047,8992,188,3,16.87
27048,8992,91,4,265.75
27049,8992,46,4,30.13
27050,8992,67,2,39.92
27051,8992,154,1,6.98
27052,8993,195,3,97.24
27053,8993,178,3,39.29
27054,8993,46,4,30.13
27055,8993,44,3,168.63
27056,8993,162,4,21.49
27057,8994,106,3,377.39
27058,8994,8,3,743.01
27059,8994,184,2,93.38
27060,8995,64,4,50.42
27061,8995,109,1,191.43
27062,8995,128,4,46.60
27063,8995,189,2,57.74
27064,8996,52,1,47.09
27065,8997,160,1,45.74
27066,8997,6,1,871.62
27067,8998,9,1,746.78
27068,8998,29,3,665.28
27069,8999,125,2,32.57
27070,9000,127,1,45.09
27071,9001,132,3,33.38
27072,9001,78,1,92.26
27073,9001,81,3,310.43
27074,9002,156,2,47.44
27075,9002,47,1,66.78
27076,9002,142,3,36.11
27077,9002,30,3,281.92
27078,9003,132,4,33.38
27079,9003,198,3,49.14
27080,9004,62,4,205.44
27081,9004,143,2,59.98
27082,9004,108,3,231.27
27083,9004,41,1,224.09
27084,9004,190,1,109.95
27085,9005,30,4,281.92
27086,9005,135,3,53.76
27087,9005,192,2,14.31
27088,9005,94,2,281.05
27089,9006,134,2,19.36
27090,9006,139,3,26.08
27091,9007,20,2,150.57
27092,9007,44,3,168.63
27093,9007,22,3,129.18
27094,9008,17,4,446.15
27095,9009,194,1,74.31
27096,9009,200,4,21.95
27097,9009,180,1,109.81
27098,9010,57,3,51.30
27099,9010,3,1,136.62
27100,9010,106,1,377.39
27101,9010,114,1,386.72
27102,9010,137,1,16.72
27103,9011,26,2,43.63
27104,9011,1,2,500.72
27105,9011,71,2,271.85
27106,9011,150,1,45.00
27107,9012,89,3,183.76
27108,9012,91,4,265.75
27109,9012,107,1,368.95
27110,9012,197,3,63.01
27111,9013,113,4,78.35
27112,9013,177,2,103.55
27113,9013,5,1,294.97
27114,9014,73,4,25.03
27115,9015,2,2,239.88
27116,9015,138,2,54.31
27117,9015,134,1,19.36
27118,9016,90,3,370.03
27119,9016,173,1,93.51
27120,9016,189,4,57.74
27121,9016,43,1,30.78
27122,9017,124,4,44.55
27123,9017,115,1,308.68
27124,9017,117,3,298.11
27125,9017,186,1,118.92
27126,9018,85,3,126.48
27127,9018,102,1,17.15
27128,9018,45,3,150.59
27129,9019,187,4,12.37
27130,9020,126,4,25.37
27131,9020,6,3,871.62
27132,9020,127,3,45.09
27133,9021,188,1,16.87
27134,9021,59,3,264.27
27135,9021,113,4,78.35
27136,9021,157,4,19.33
27137,9022,166,2,61.71
27138,9023,56,2,174.98
27139,9023,180,4,109.81
27140,9023,128,3,46.60
27141,9023,51,1,23.32
27142,9024,178,1,39.29
27143,9024,106,2,377.39
27144,9024,79,3,233.68
27145,9024,98,4,324.18
27146,9024,8,3,743.01
27147,9025,149,4,28.06
27148,9026,153,2,53.97
27149,9026,91,2,265.75
27150,9026,157,2,19.33
27151,9026,134,1,19.36
27152,9026,172,4,66.83
27153,9027,11,3,691.54
27154,9027,82,2,164.45
27155,9028,85,2,126.48
27156,9028,70,1,47.08
27157,9028,18,4,293.07
27158,9028,90,3,370.03
27159,9028,187,2,12.37
27160,9029,20,3,150.57
27161,9029,63,4,293.35
27162,9029,94,2,281.05
27163,9030,67,1,39.92
27164,9030,2,3,239.88
27165,9030,81,1,310.43
27166,9030,1,4,500.72
27167,9031,97,3,388.13
27168,9032,97,2,388.13
27169,9032,184,3,93.38
27170,9032,20,4,150.57
27171,9032,40,2,633.55
27172,9032,89,2,183.76
27173,9033,63,4,293.35
27174,9033,71,1,271.85
27175,9034,105,2,27.39
27176,9035,194,1,74.31
27177,9035,127,3,45.09
27178,9036,152,2,48.13
27179,9036,25,4,250.49
27180,9036,57,3,51.30
27181,9036,58,4,199.52
27182,9036,50,3,237.25
27183,9037,131,4,51.37
27184,9038,51,2,23.32
27185,9038,46,1,30.13
27186,9038,80,2,253.61
27187,9039,13,4,522.46
27188,9039,183,1,92.22
27189,9039,183,1,92.22
27190,9039,179,4,29.88
27191,9039,47,2,66.78
27192,9040,32,3,574.26
27193,9040,180,2,109.81
27194,9040,3,4,136.62
27195,9040,5,2,294.97
27196,9041,31,4,609.25
27197,9041,68,2,104.26
27198,9041,86,1,333.64
27199,9041,133,4,46.80
27200,9041,73,3,25.03
27201,9042,5,4,294.97
27202,9042,48,4,206.81
27203,9042,103,1,258.65
27204,9042,191,1,103.44
27205,9043,18,1,293.07
27206,9044,64,1,50.42
27207,9044,160,2,45.74
27208,9044,146,1,27.35
27209,9045,139,1,26.08
27210,9046,149,3,28.06
27211,9046,99,3,151.45
27212,9046,99,4,151.45
27213,9046,191,4,103.44
27214,9046,110,4,431.78
27215,9047,93,3,318.36
27216,9047,63,1,293.35
27217,9048,127,4,45.09
27218,9048,37,3,429.72
27219,9048,34,2,426.41
27220,9049,194,1,74.31
27221,9049,20,1,150.57
27222,9049,63,1,293.35
27223,9049,124,3,44.55
27224,9050,165,3,65.60
27225,9050,11,4,691.54
27226,9051,29,3,665.28
27227,9051,193,3,94.03
27228,9051,198,3,49.14
27229,9052,44,2,168.63
27230,9052,170,4,16.89
27231,9053,31,4,609.25
27232,9053,126,3,25.37
27233,9053,151,3,53.45
27234,9053,28,4,549.50
27235,9053,11,3,691.54
27236,9054,32,3,574.26
27237,9054,198,1,49.14
27238,9055,175,4,53.39
27239,9055,122,4,11.28
27240,9055,76,2,248.97
27241,9056,29,4,665.28
27242,9056,104,4,42.38
27243,9056,51,1,23.32
27244,9056,123,3,37.05
27245,9056,194,1,74.31
27246,9057,25,1,250.49
27247,9058,47,3,66.78
27248,9058,48,2,206.81
27249,9058,58,4,199.52
27250,9058,77,2,28.30
27251,9059,64,4,50.42
27252,9059,180,2,109.81
27253,9060,53,1,108.74
27254,9060,57,2,51.30
27255,9060,23,3,311.08
27256,9060,179,3,29.88
27257,9061,151,3,53.45
27258,9061,9,2,746.78
27259,9061,190,2,109.95
27260,9062,29,3,665.28
27261,9062,124,2,44.55
27262,9062,156,2,47.44
27263,9062,70,3,47.08
27264,9063,78,3,92.26
27265,9064,17,4,446.15
27266,9065,191,4,103.44
27267,9065,144,1,46.06
27268,9065,197,3,63.01
27269,9066,198,3,49.14
27270,9066,23,2,311.08
27271,9066,176,1,24.47
27272,9067,193,3,94.03
27273,9067,170,3,16.89
27274,9067,22,1,129.18
27275,9067,49,2,182.19
27276,9068,115,4,308.68
27277,9068,14,1,750.61
27278,9069,178,1,39.29
27279,9069,39,4,380.34
27280,9069,127,1,45.09
27281,9070,75,1,108.00
27282,9070,38,1,117.99
27283,9070,192,4,14.31
27284,9070,170,2,16.89
27285,9070,94,2,281.05
27286,9071,113,3,78.35
27287,9071,141,3,44.68
27288,9071,53,2,108.74
27289,9071,200,2,21.95
27290,9072,55,3,247.20
27291,9072,183,3,92.22
27292,9072,131,2,51.37
27293,9072,80,4,253.61
27294,9072,160,3,45.74
27295,9073,3,1,136.62
27296,9074,178,1,39.29
27297,9074,35,4,291.27
27298,9074,200,1,21.95
27299,9074,178,2,39.29
27300,9075,197,4,63.01
27301,9075,86,2,333.64
27302,9075,18,1,293.07
27303,9075,25,1,250.49
27304,9076,128,1,46.60
27305,9076,10,1,273.35
27306,9076,108,2,231.27
27307,9076,180,3,109.81
27308,9077,1,4,500.72
27309,9077,162,2,21.49
27310,9077,42,3,81.37
27311,9078,44,2,168.63
27312,9078,133,2,46.80
27313,9078,80,2,253.61
27314,9078,106,1,377.39
27315,9078,103,1,258.65
27316,9079,98,2,324.18
27317,9080,83,3,88.66
27318,9080,57,2,51.30
27319,9080,182,3,100.88
27320,9081,81,4,310.43
27321,9081,44,4,168.63
27322,9082,83,1,88.66
27323,9082,128,3,46.60
27324,9083,42,4,81.37
27325,9083,189,3,57.74
27326,9083,23,2,311.08
27327,9084,87,4,282.19
27328,9084,136,4,16.82
27329,9085,180,4,109.81
27330,9086,99,3,151.45
27331,9086,110,1,431.78
27332,9086,51,4,23.32
27333,9087,121,3,40.24
27334,9088,179,1,29.88
27335,9088,182,3,100.88
27336,9088,91,4,265.75
27337,9088,152,1,48.13
27338,9088,103,3,258.65
27339,9089,85,4,126.48
27340,9089,67,4,39.92
27341,9089,196,4,66.42
27342,9089,74,1,54.80
27343,9089,189,1,57.74
27344,9090,178,2,39.29
27345,9090,83,2,88.66
27346,9090,191,1,103.44
27347,9091,20,3,150.57
27348,9091,74,2,54.80
27349,9091,57,3,51.30
27350,9091,112,4,307.14
27351,9092,30,3,281.92
27352,9093,92,4,391.62
27353,9093,10,4,273.35
27354,9093,40,3,633.55
27355,9093,13,3,522.46
27356,9093,109,2,191.43
27357,9094,82,1,164.45
27358,9094,47,2,66.78
27359,9094,73,1,25.03
27360,9094,30,1,281.92
27361,9095,119,2,390.51
27362,9095,164,4,69.89
27363,9095,100,4,86.91
27364,9095,82,3,164.45
27365,9095,76,2,248.97
27366,9096,35,2,291.27
27367,9096,2,4,239.88
27368,9097,125,2,32.57
27369,9098,192,2,14.31
27370,9098,34,2,426.41
27371,9098,119,2,390.51
27372,9098,59,1,264.27
27373,9099,168,3,4.90
27374,9099,135,3,53.76
27375,9099,130,4,40.37
27376,9099,48,3,206.81
27377,9099,128,3,46.60
27378,9100,40,1,633.55
27379,9100,148,3,42.76
27380,9100,118,2,259.42
27381,9100,4,1,327.69
27382,9101,96,1,48.32
27383,9101,179,4,29.88
27384,9102,30,3,281.92
27385,9102,5,3,294.97
27386,9102,63,4,293.35
27387,9103,182,2,100.88
27388,9103,67,2,39.92
27389,9103,66,2,60.34
27390,9103,94,1,281.05
27391,9103,92,4,391.62
27392,9104,107,3,368.95
27393,9105,75,2,108.00
27394,9105,75,1,108.00
27395,9105,129,1,31.16
27396,9105,194,2,74.31
27397,9105,52,1,47.09
27398,9106,63,2,293.35
27399,9106,82,2,164.45
27400,9106,1,4,500.72
27401,9107,128,4,46.60
27402,9107,70,3,47.08
27403,9107,160,1,45.74
27404,9107,68,1,104.26
27405,9108,96,4,48.32
27406,9108,133,2,46.80
27407,9108,13,1,522.46
27408,9108,12,1,788.04
27409,9108,31,1,609.25
27410,9109,132,1,33.38
27411,9109,90,1,370.03
27412,9109,192,1,14.31
27413,9109,37,4,429.72
27414,9110,138,2,54.31
27415,9110,117,2,298.11
27416,9111,68,4,104.26
27417,9111,177,2,103.55
27418,9112,155,4,24.51
27419,9112,51,1,23.32
27420,9112,78,2,92.26
27421,9112,83,4,88.66
27422,9112,195,2,97.24
27423,9113,134,3,19.36
27424,9113,25,1,250.49
27425,9113,4,2,327.69
27426,9114,180,4,109.81
27427,9114,109,1,191.43
27428,9115,28,2,549.50
27429,9116,48,2,206.81
27430,9116,108,2,231.27
27431,9116,188,2,16.87
27432,9116,159,2,26.55
27433,9116,34,4,426.41
27434,9117,150,3,45.00
27435,9117,109,4,191.43
27436,9117,192,3,14.31
27437,9117,25,4,250.49
27438,9117,76,4,248.97
27439,9118,176,2,24.47
27440,9118,66,2,60.34
27441,9119,11,2,691.54
27442,9119,138,4,54.31
27443,9119,77,1,28.30
27444,9119,141,2,44.68
27445,9119,173,1,93.51
27446,9120,49,3,182.19
27447,9120,107,1,368.95
27448,9120,101,3,329.79
27449,9121,186,1,118.92
27450,9122,173,1,93.51
27451,9122,151,3,53.45
27452,9122,164,2,69.89
27453,9123,179,2,29.88
27454,9123,75,1,108.00
27455,9123,71,4,271.85
27456,9123,100,4,86.91
27457,9124,46,1,30.13
27458,9125,168,3,4.90
27459,9125,36,3,558.56
27460,9125,70,3,47.08
27461,9125,122,2,11.28
27462,9126,43,1,30.78
27463,9126,67,2,39.92
27464,9126,85,3,126.48
27465,9126,133,4,46.80
27466,9126,124,2,44.55
27467,9127,74,1,54.80
27468,9127,82,2,164.45
27469,9127,107,1,368.95
27470,9128,24,4,811.59
27471,9128,37,3,429.72
27472,9129,184,3,93.38
27473,9129,160,4,45.74
27474,9130,124,1,44.55
27475,9130,8,2,743.01
27476,9130,115,3,308.68
27477,9131,114,4,386.72
27478,9131,154,2,6.98
27479,9132,158,2,59.27
27480,9132,169,2,96.92
27481,9132,188,2,16.87
27482,9133,76,1,248.97
27483,9133,14,4,750.61
27484,9134,19,3,816.54
27485,9134,75,3,108.00
27486,9135,94,1,281.05
27487,9135,137,3,16.72
27488,9135,160,4,45.74
27489,9135,69,2,258.65
27490,9135,179,4,29.88
27491,9136,99,1,151.45
27492,9136,90,4,370.03
27493,9136,102,1,17.15
27494,9136,134,4,19.36
27495,9136,165,2,65.60
27496,9137,168,2,4.90
27497,9137,18,3,293.07
27498,9137,129,2,31.16
27499,9137,195,2,97.24
27500,9138,183,4,92.22
27501,9138,184,4,93.38
27502,9139,140,4,13.39
27503,9140,128,4,46.60
27504,9140,20,2,150.57
27505,9140,150,4,45.00
27506,9140,24,4,811.59
27507,9140,80,1,253.61
27508,9141,2,2,239.88
27509,9141,119,4,390.51
27510,9141,110,2,431.78
27511,9142,121,2,40.24
27512,9142,122,2,11.28
27513,9143,45,3,150.59
27514,9143,54,3,52.55
27515,9143,104,4,42.38
27516,9143,75,1,108.00
27517,9144,36,3,558.56
27518,9144,145,1,16.73
27519,9144,164,1,69.89
27520,9144,154,1,6.98
27521,9144,12,2,788.04
27522,9145,145,3,16.73
27523,9145,22,2,129.18
27524,9146,57,1,51.30
27525,9146,42,3,81.37
27526,9146,197,1,63.01
27527,9147,58,2,199.52
27528,9147,65,4,153.24
27529,9147,27,3,225.51
27530,9148,67,1,39.92
27531,9148,29,1,665.28
27532,9148,91,2,265.75
27533,9149,73,3,25.03
27534,9149,59,1,264.27
27535,9149,32,1,574.26
27536,9150,79,3,233.68
27537,9150,128,4,46.60
27538,9150,85,4,126.48
27539,9150,94,1,281.05
27540,9150,15,1,875.17
27541,9151,146,1,27.35
27542,9151,133,2,46.80
27543,9152,102,1,17.15
27544,9152,130,1,40.37
27545,9153,182,4,100.88
27546,9153,190,3,109.95
27547,9153,76,4,248.97
27548,9153,140,3,13.39
27549,9153,67,4,39.92
27550,9154,104,3,42.38
27551,9155,146,1,27.35
27552,9155,152,4,48.13
27553,9155,127,2,45.09
27554,9156,187,3,12.37
27555,9157,60,2,179.81
27556,9158,123,2,37.05
27557,9158,52,3,47.09
27558,9159,161,2,9.08
27559,9160,66,3,60.34
27560,9160,188,4,16.87
27561,9161,4,3,327.69
27562,9161,47,2,66.78
27563,9161,73,4,25.03
27564,9161,164,3,69.89
27565,9162,51,4,23.32
27566,9162,99,2,151.45
27567,9163,81,1,310.43
27568,9163,44,4,168.63
27569,9163,59,2,264.27
27570,9163,122,2,11.28
27571,9163,25,2,250.49
27572,9164,97,2,388.13
27573,9165,148,3,42.76
27574,9165,23,1,311.08
27575,9165,83,1,88.66
27576,9165,34,4,426.41
27577,9165,76,3,248.97
27578,9166,36,2,558.56
27579,9166,115,2,308.68
27580,9166,80,4,253.61
27581,9167,186,2,118.92
27582,9167,55,1,247.20
27583,9167,192,4,14.31
27584,9167,169,2,96.92
27585,9168,89,4,183.76
27586,9168,95,3,418.23
27587,9169,24,4,811.59
27588,9169,94,1,281.05
27589,9169,34,2,426.41
27590,9169,80,1,253.61
27591,9170,193,2,94.03
27592,9170,144,4,46.06
27593,9170,47,3,66.78
27594,9170,117,4,298.11
27595,9170,4,2,327.69
27596,9171,112,2,307.14
27597,9171,156,1,47.44
27598,9171,102,2,17.15
27599,9171,190,1,109.95
27600,9171,26,1,43.63
27601,9172,131,2,51.37
27602,9172,54,4,52.55
27603,9172,118,3,259.42
27604,9173,5,4,294.97
27605,9173,84,3,198.78
27606,9173,103,3,258.65
27607,9174,29,1,665.28
27608,9174,108,2,231.27
27609,9174,93,2,318.36
27610,9174,132,1,33.38
27611,9174,168,1,4.90
27612,9175,124,3,44.55
27613,9175,56,3,174.98
27614,9176,100,2,86.91
27615,9176,23,3,311.08
27616,9176,184,2,93.38
27617,9177,191,2,103.44
27618,9177,169,3,96.92
27619,9177,139,3,26.08
27620,9178,167,2,106.22
27621,9178,150,2,45.00
27622,9178,144,3,46.06
27623,9179,188,2,16.87
27624,9179,109,4,191.43
27625,9179,178,3,39.29
27626,9180,132,4,33.38
27627,9180,109,3,191.43
27628,9180,9,1,746.78
27629,9180,18,2,293.07
27630,9180,39,4,380.34
27631,9181,145,2,16.73
27632,9181,17,1,446.15
27633,9181,11,2,691.54
27634,9181,106,4,377.39
27635,9182,5,2,294.97
27636,9182,42,3,81.37
27637,9182,91,1,265.75
27638,9182,180,3,109.81
27639,9183,79,1,233.68
27640,9184,125,1,32.57
27641,9184,135,3,53.76
27642,9185,37,2,429.72
27643,9186,105,2,27.39
27644,9186,73,3,25.03
27645,9186,81,2,310.43
27646,9186,159,3,26.55
27647,9186,137,2,16.72
27648,9187,70,3,47.08
27649,9187,69,1,258.65
27650,9188,128,3,46.60
27651,9188,103,1,258.65
27652,9188,133,4,46.80
27653,9189,17,4,446.15
27654,9189,142,2,36.11
27655,9189,73,4,25.03
27656,9189,97,4,388.13
27657,9189,194,1,74.31
27658,9190,114,3,386.72
27659,9190,178,1,39.29
27660,9190,9,4,746.78
27661,9191,70,1,47.08
27662,9191,64,4,50.42
27663,9191,116,4,163.33
27664,9191,197,2,63.01
27665,9192,19,1,816.54
27666,9192,51,4,23.32
27667,9192,106,1,377.39
27668,9192,197,1,63.01
27669,9193,153,4,53.97
27670,9193,43,1,30.78
27671,9193,67,3,39.92
27672,9194,51,4,23.32
27673,9194,55,3,247.20
27674,9194,48,4,206.81
27675,9194,74,2,54.80
27676,9194,25,3,250.49
27677,9195,55,3,247.20
27678,9195,189,3,57.74
27679,9196,154,4,6.98
27680,9196,169,1,96.92
27681,9197,187,1,12.37
27682,9197,99,2,151.45
27683,9197,42,4,81.37
27684,9197,34,1,426.41
27685,9197,182,2,100.88
27686,9198,163,1,81.90
27687,9198,149,4,28.06
27688,9199,52,1,47.09
27689,9199,166,2,61.71
27690,9199,16,3,537.37
27691,9199,148,1,42.76
27692,9200,34,2,426.41
27693,9200,125,2,32.57
27694,9200,176,1,24.47
27695,9200,152,2,48.13
27696,9201,14,3,750.61
27697,9201,21,3,540.25
27698,9201,190,3,109.95
27699,9201,140,4,13.39
27700,9202,186,1,118.92
27701,9202,154,1,6.98
27702,9202,137,3,16.72
27703,9203,72,3,207.50
27704,9203,99,3,151.45
27705,9203,159,2,26.55
27706,9203,135,1,53.76
27707,9203,127,2,45.09
27708,9204,190,1,109.95
27709,9204,96,4,48.32
27710,9204,14,1,750.61
27711,9204,12,2,788.04
27712,9205,148,3,42.76
27713,9205,197,4,63.01
27714,9205,158,4,59.27
27715,9205,26,3,43.63
27716,9206,179,4,29.88
27717,9207,193,3,94.03
27718,9207,83,3,88.66
27719,9207,8,3,743.01
27720,9207,183,2,92.22
27721,9207,60,2,179.81
27722,9208,40,2,633.55
27723,9208,109,2,191.43
27724,9208,161,4,9.08
27725,9209,193,4,94.03
27726,9209,133,4,46.80
27727,9209,98,2,324.18
27728,9209,157,3,19.33
27729,9209,145,3,16.73
27730,9210,51,3,23.32
27731,9211,53,3,108.74
27732,9212,84,3,198.78
27733,9212,126,2,25.37
27734,9213,99,4,151.45
27735,9213,18,4,293.07
27736,9213,119,1,390.51
27737,9213,133,2,46.80
27738,9214,169,4,96.92
27739,9214,63,3,293.35
27740,9214,36,3,558.56
27741,9214,161,1,9.08
27742,9214,182,3,100.88
27743,9215,93,4,318.36
27744,9215,194,3,74.31
27745,9215,57,1,51.30
27746,9215,30,4,281.92
27747,9216,19,2,816.54
27748,9216,172,3,66.83
27749,9216,37,4,429.72
27750,9217,156,1,47.44
27751,9218,51,3,23.32
27752,9218,79,1,233.68
27753,9218,46,2,30.13
27754,9219,127,1,45.09
27755,9219,53,3,108.74
27756,9220,196,3,66.42
27757,9220,146,4,27.35
27758,9220,179,2,29.88
27759,9220,103,2,258.65
27760,9221,34,4,426.41
27761,9221,12,1,788.04
27762,9221,74,1,54.80
27763,9221,146,3,27.35
27764,9222,46,2,30.13
27765,9223,34,1,426.41
27766,9223,185,1,4.70
27767,9223,99,3,151.45
27768,9224,190,1,109.95
27769,9224,103,3,258.65
27770,9225,60,1,179.81
27771,9225,193,2,94.03
27772,9225,23,2,311.08
27773,9225,161,4,9.08
27774,9226,189,1,57.74
27775,9226,65,4,153.24
27776,9226,164,3,69.89
27777,9226,200,3,21.95
27778,9226,62,3,205.44
27779,9227,83,2,88.66
27780,9227,54,1,52.55
27781,9228,2,3,239.88
27782,9228,165,4,65.60
27783,9228,71,3,271.85
27784,9228,44,2,168.63
27785,9228,194,2,74.31
27786,9229,44,3,168.63
27787,9229,145,1,16.73
27788,9229,103,3,258.65
27789,9230,155,3,24.51
27790,9230,25,4,250.49
27791,9231,184,2,93.38
27792,9231,87,2,282.19
27793,9231,169,1,96.92
27794,9231,36,2,558.56
27795,9232,109,3,191.43
27796,9232,5,2,294.97
27797,9232,128,4,46.60
27798,9232,87,3,282.19
27799,9233,9,1,746.78
27800,9234,85,1,126.48
27801,9235,177,2,103.55
27802,9235,127,2,45.09
27803,9235,67,4,39.92
27804,9235,28,3,549.50
27805,9235,114,2,386.72
27806,9236,92,1,391.62
27807,9236,157,4,19.33
27808,9236,75,2,108.00
27809,9237,40,4,633.55
27810,9238,63,4,293.35
27811,9238,34,2,426.41
27812,9238,189,4,57.74
27813,9239,19,4,816.54
27814,9239,149,4,28.06
27815,9239,157,2,19.33
27816,9239,183,2,92.22
27817,9239,180,2,109.81
27818,9240,101,4,329.79
27819,9240,162,1,21.49
27820,9240,135,3,53.76
27821,9240,76,3,248.97
27822,9241,190,4,109.95
27823,9241,58,1,199.52
27824,9241,112,2,307.14
27825,9242,152,3,48.13
27826,9242,152,2,48.13
27827,9242,2,1,239.88
27828,9242,142,1,36.11
27829,9242,103,1,258.65
27830,9243,122,2,11.28
27831,9243,11,3,691.54
27832,9243,149,4,28.06
27833,9243,64,4,50.42
27834,9243,133,1,46.80
27835,9244,141,1,44.68
27836,9244,122,4,11.28
27837,9244,38,4,117.99
27838,9244,70,2,47.08
27839,9245,194,3,74.31
27840,9246,62,4,205.44
27841,9246,130,4,40.37
27842,9246,122,1,11.28
27843,9246,181,1,13.99
27844,9247,117,3,298.11
27845,9247,154,3,6.98
27846,9247,128,4,46.60
27847,9248,121,3,40.24
27848,9248,23,2,311.08
27849,9248,178,2,39.29
27850,9248,182,4,100.88
27851,9248,37,1,429.72
27852,9249,145,1,16.73
27853,9249,60,3,179.81
27854,9249,162,1,21.49
27855,9249,169,3,96.92
27856,9249,60,2,179.81
27857,9250,79,2,233.68
27858,9250,143,2,59.98
27859,9251,98,2,324.18
27860,9251,84,3,198.78
27861,9251,2,4,239.88
27862,9252,136,4,16.82
27863,9252,168,2,4.90
27864,9252,178,1,39.29
27865,9252,145,2,16.73
27866,9253,30,1,281.92
27867,9253,151,1,53.45
27868,9253,15,2,875.17
27869,9253,43,2,30.78
27870,9253,97,4,388.13
27871,9254,191,3,103.44
27872,9255,138,1,54.31
27873,9255,112,4,307.14
27874,9255,10,2,273.35
27875,9255,193,3,94.03
27876,9256,188,2,16.87
27877,9257,194,3,74.31
27878,9257,194,3,74.31
27879,9257,128,4,46.60
27880,9257,91,3,265.75
27881,9258,54,1,52.55
27882,9258,45,4,150.59
27883,9258,42,4,81.37
27884,9259,162,3,21.49
27885,9259,125,2,32.57
27886,9259,50,4,237.25
27887,9260,185,1,4.70
27888,9260,109,2,191.43
27889,9261,178,2,39.29
27890,9262,104,3,42.38
27891,9262,151,2,53.45
27892,9263,40,2,633.55
27893,9263,98,3,324.18
27894,9264,31,1,609.25
27895,9264,183,4,92.22
27896,9264,143,1,59.98
27897,9264,69,3,258.65
27898,9264,115,4,308.68
27899,9265,54,1,52.55
27900,9265,137,4,16.72
27901,9265,139,2,26.08
27902,9266,20,2,150.57
27903,9266,196,1,66.42
27904,9267,151,4,53.45
27905,9267,105,3,27.39
27906,9267,183,1,92.22
27907,9267,152,3,48.13
27908,9267,108,2,231.27
27909,9268,158,4,59.27
27910,9268,56,1,174.98
27911,9268,180,1,109.81
27912,9269,51,4,23.32
27913,9269,39,1,380.34
27914,9269,27,4,225.51
27915,9269,156,1,47.44
27916,9269,149,3,28.06
27917,9270,184,2,93.38
27918,9270,79,2,233.68
27919,9270,57,2,51.30
27920,9270,176,1,24.47
27921,9270,144,3,46.06
27922,9271,6,1,871.62
27923,9271,169,3,96.92
27924,9271,73,4,25.03
27925,9271,74,3,54.80
27926,9271,192,4,14.31
27927,9272,15,4,875.17
27928,9272,10,3,273.35
27929,9273,153,2,53.97
27930,9273,52,3,47.09
27931,9273,102,2,17.15
27932,9274,96,1,48.32
27933,9275,98,3,324.18
27934,9276,47,1,66.78
27935,9276,138,2,54.31
27936,9277,148,2,42.76
27937,9278,36,3,558.56
27938,9278,112,3,307.14
27939,9279,75,4,108.00
27940,9280,189,2,57.74
27941,9280,195,4,97.24
27942,9280,78,3,92.26
27943,9280,190,2,109.95
27944,9280,55,1,247.20
27945,9281,5,4,294.97
27946,9281,12,2,788.04
27947,9281,71,4,271.85
27948,9281,189,4,57.74
27949,9282,78,1,92.26
27950,9282,101,4,329.79
27951,9282,23,2,311.08
27952,9282,174,2,114.93
27953,9282,127,4,45.09
27954,9283,11,3,691.54
27955,9283,146,2,27.35
27956,9283,194,2,74.31
27957,9283,3,3,136.62
27958,9283,87,4,282.19
27959,9284,191,3,103.44
27960,9284,5,2,294.97
27961,9284,85,1,126.48
27962,9284,16,1,537.37
27963,9284,81,1,310.43
27964,9285,155,4,24.51
27965,9286,177,4,103.55
27966,9286,162,2,21.49
27967,9286,140,3,13.39
27968,9286,22,1,129.18
27969,9286,23,3,311.08
27970,9287,9,2,746.78
27971,9287,96,4,48.32
27972,9287,2,2,239.88
27973,9288,135,1,53.76
27974,9288,41,2,224.09
27975,9288,60,4,179.81
27976,9288,116,3,163.33
27977,9288,37,4,429.72
27978,9289,104,4,42.38
27979,9289,157,2,19.33
27980,9289,119,2,390.51
27981,9289,181,2,13.99
27982,9290,57,2,51.30
27983,9290,152,3,48.13
27984,9290,175,1,53.39
27985,9291,91,3,265.75
27986,9291,66,4,60.34
27987,9291,158,4,59.27
27988,9292,92,1,391.62
27989,9293,104,4,42.38
27990,9293,50,1,237.25
27991,9293,42,1,81.37
27992,9294,21,4,540.25
27993,9294,159,1,26.55
27994,9295,184,2,93.38
27995,9295,163,4,81.90
27996,9295,108,2,231.27
27997,9295,177,1,103.55
27998,9296,25,3,250.49
27999,9296,98,3,324.18
28000,9296,62,4,205.44
28001,9296,8,1,743.01
28002,9297,152,1,48.13
28003,9297,87,1,282.19
28004,9297,87,3,282.19
28005,9297,92,3,391.62
28006,9297,17,2,446.15
28007,9298,94,2,281.05
28008,9298,143,2,59.98
28009,9298,94,2,281.05
28010,9299,71,1,271.85
28011,9300,123,1,37.05
28012,9300,59,3,264.27
28013,9301,167,2,106.22
28014,9301,31,1,609.25
28015,9301,108,3,231.27
28016,9302,14,4,750.61
28017,9302,49,2,182.19
28018,9302,77,4,28.30
28019,9302,13,4,522.46
28020,9302,16,2,537.37
28021,9303,140,3,13.39
28022,9304,103,1,258.65
28023,9304,117,1,298.11
28024,9304,160,2,45.74
28025,9304,40,2,633.55
28026,9304,74,1,54.80
28027,9305,76,3,248.97
28028,9305,65,2,153.24
28029,9305,37,4,429.72
28030,9306,140,4,13.39
28031,9306,18,4,293.07
28032,9306,182,2,100.88
28033,9307,115,2,308.68
28034,9307,67,1,39.92
28035,9307,164,3,69.89
28036,9308,161,1,9.08
28037,9308,12,1,788.04
28038,9308,41,4,224.09
28039,9308,20,2,150.57
28040,9309,27,1,225.51
28041,9309,93,1,318.36
28042,9309,100,3,86.91
28043,9309,191,4,103.44
28044,9309,167,4,106.22
28045,9310,8,3,743.01
28046,9310,37,1,429.72
28047,9310,173,3,93.51
28048,9310,55,1,247.20
28049,9311,59,1,264.27
28050,9311,10,1,273.35
28051,9311,150,3,45.00
28052,9312,26,2,43.63
28053,9312,136,1,16.82
28054,9312,56,4,174.98
28055,9313,21,4,540.25
28056,9314,40,3,633.55
28057,9315,124,1,44.55
28058,9315,64,1,50.42
28059,9315,164,3,69.89
28060,9316,100,3,86.91
28061,9316,8,3,743.01
28062,9316,58,3,199.52
28063,9317,172,1,66.83
28064,9317,178,3,39.29
28065,9317,160,2,45.74
28066,9318,22,2,129.18
28067,9319,54,3,52.55
28068,9319,16,4,537.37
28069,9319,58,4,199.52
28070,9319,38,1,117.99
28071,9319,194,2,74.31
28072,9320,85,2,126.48
28073,9320,196,2,66.42
28074,9320,66,4,60.34
28075,9321,136,3,16.82
28076,9321,57,1,51.30
28077,9321,69,3,258.65
28078,9321,16,2,537.37
28079,9321,2,4,239.88
28080,9322,156,1,47.44
28081,9322,5,3,294.97
28082,9322,18,3,293.07
28083,9322,79,3,233.68
28084,9323,134,4,19.36
28085,9323,80,2,253.61
28086,9324,108,4,231.27
28087,9324,131,3,51.37
28088,9324,150,2,45.00
28089,9325,28,2,549.50
28090,9325,58,2,199.52
28091,9325,18,3,293.07
28092,9326,152,1,48.13
28093,9326,174,1,114.93
28094,9327,44,3,168.63
28095,9328,154,3,6.98
28096,9328,78,3,92.26
28097,9328,193,4,94.03
28098,9329,67,4,39.92
28099,9329,45,4,150.59
28100,9330,58,2,199.52
28101,9330,106,2,377.39
28102,9330,79,2,233.68
28103,9330,72,3,207.50
28104,9331,67,2,39.92
28105,9331,87,1,282.19
28106,9331,193,3,94.03
28107,9331,167,4,106.22
28108,9332,5,3,294.97
28109,9332,27,1,225.51
28110,9333,62,2,205.44
28111,9333,164,1,69.89
28112,9333,149,1,28.06
28113,9333,198,3,49.14
28114,9333,166,3,61.71
28115,9334,158,2,59.27
28116,9334,18,4,293.07
28117,9335,141,2,44.68
28118,9335,90,1,370.03
28119,9335,135,3,53.76
28120,9336,66,4,60.34
28121,9336,162,3,21.49
28122,9336,15,3,875.17
28123,9336,64,2,50.42
28124,9336,107,4,368.95
28125,9337,150,2,45.00
28126,9337,89,3,183.76
28127,9338,161,3,9.08
28128,9338,10,1,273.35
28129,9338,17,2,446.15
28130,9338,168,2,4.90
28131,9339,152,1,48.13
28132,9339,136,2,16.82
28133,9339,167,3,106.22
28134,9339,127,1,45.09
28135,9339,125,4,32.57
28136,9340,174,3,114.93
28137,9340,36,3,558.56
28138,9340,153,3,53.97
28139,9341,135,3,53.76
28140,9341,192,4,14.31
28141,9341,144,3,46.06
28142,9341,135,4,53.76
28143,9342,125,4,32.57
28144,9343,64,4,50.42
28145,9343,156,1,47.44
28146,9344,55,4,247.20
28147,9344,13,4,522.46
28148,9344,12,1,788.04
28149,9345,4,4,327.69
28150,9345,121,2,40.24
28151,9345,103,1,258.65
28152,9345,105,3,27.39
28153,9345,3,3,136.62
28154,9346,104,1,42.38
28155,9346,99,3,151.45
28156,9346,25,3,250.49
28157,9346,59,4,264.27
28158,9346,1,3,500.72
28159,9347,87,2,282.19
28160,9347,153,1,53.97
28161,9347,182,4,100.88
28162,9347,161,2,9.08
28163,9348,80,1,253.61
28164,9349,15,2,875.17
28165,9349,39,2,380.34
28166,9349,39,3,380.34
28167,9350,127,2,45.09
28168,9350,194,4,74.31
28169,9350,66,1,60.34
28170,9351,127,3,45.09
28171,9351,73,2,25.03
28172,9351,63,1,293.35
28173,9351,93,3,318.36
28174,9352,87,4,282.19
28175,9352,26,3,43.63
28176,9352,132,1,33.38
28177,9352,148,2,42.76
28178,9353,159,4,26.55
28179,9353,137,3,16.72
28180,9353,172,4,66.83
28181,9353,124,3,44.55
28182,9354,92,1,391.62
28183,9354,185,4,4.70
28184,9354,21,2,540.25
28185,9355,137,2,16.72
28186,9355,124,4,44.55
28187,9355,155,1,24.51
28188,9356,22,3,129.18
28189,9357,23,2,311.08
28190,9358,46,2,30.13
28191,9358,86,4,333.64
28192,9358,31,1,609.25
28193,9359,184,3,93.38
28194,9360,58,3,199.52
28195,9360,146,1,27.35
28196,9361,60,2,179.81
28197,9361,44,3,168.63
28198,9361,92,3,391.62
28199,9361,139,2,26.08
28200,9362,180,3,109.81
28201,9363,176,3,24.47
28202,9363,10,2,273.35
28203,9364,4,1,327.69
28204,9364,23,3,311.08
28205,9365,92,1,391.62
28206,9365,187,1,12.37
28207,9365,49,3,182.19
28208,9366,36,1,558.56
28209,9366,57,2,51.30
28210,9367,148,2,42.76
28211,9368,54,2,52.55
28212,9369,34,2,426.41
28213,9370,36,3,558.56
28214,9370,150,1,45.00
28215,9370,155,4,24.51
28216,9370,70,3,47.08
28217,9371,134,2,19.36
28218,9371,98,2,324.18
28219,9371,94,1,281.05
28220,9371,184,1,93.38
28221,9372,76,2,248.97
28222,9372,112,1,307.14
28223,9372,100,3,86.91
28224,9372,144,1,46.06
28225,9373,66,1,60.34
28226,9373,43,4,30.78
28227,9373,74,2,54.80
28228,9373,22,3,129.18
28229,9373,163,1,81.90
28230,9374,52,1,47.09
28231,9374,92,2,391.62
28232,9374,150,3,45.00
28233,9374,83,1,88.66
28234,9375,117,2,298.11
28235,9375,93,1,318.36
28236,9375,23,4,311.08
28237,9375,32,4,574.26
28238,9376,200,1,21.95
28239,9376,52,2,47.09
28240,9377,52,2,47.09
28241,9377,99,3,151.45
28242,9378,10,1,273.35
28243,9378,43,2,30.78
28244,9378,3,3,136.62
28245,9379,53,1,108.74
28246,9379,76,4,248.97
28247,9379,154,3,6.98
28248,9380,191,4,103.44
28249,9380,36,4,558.56
28250,9380,71,1,271.85
28251,9380,50,4,237.25
28252,9381,31,1,609.25
28253,9381,104,3,42.38
28254,9381,152,3,48.13
28255,9382,84,4,198.78
28256,9383,42,4,81.37
28257,9383,122,2,11.28
28258,9383,79,1,233.68
28259,9383,83,4,88.66
28260,9383,86,1,333.64
28261,9384,137,4,16.72
28262,9385,62,3,205.44
28263,9385,177,4,103.55
28264,9385,70,3,47.08
28265,9386,37,3,429.72
28266,9386,130,4,40.37
28267,9386,59,2,264.27
28268,9386,95,3,418.23
28269,9386,41,3,224.09
28270,9387,150,4,45.00
28271,9387,104,1,42.38
28272,9387,118,3,259.42
28273,9388,32,2,574.26
28274,9389,154,3,6.98
28275,9389,115,3,308.68
28276,9389,64,2,50.42
28277,9389,105,4,27.39
28278,9389,16,1,537.37
28279,9390,104,4,42.38
28280,9390,59,2,264.27
28281,9390,185,3,4.70
28282,9390,28,4,549.50
28283,9391,86,4,333.64
28284,9392,15,2,875.17
28285,9392,68,3,104.26
28286,9392,121,3,40.24
28287,9392,67,1,39.92
28288,9393,104,4,42.38
28289,9393,163,4,81.90
28290,9394,138,3,54.31
28291,9394,6,1,871.62
28292,9394,121,3,40.24
28293,9395,25,4,250.49
28294,9395,157,4,19.33
28295,9395,114,1,386.72
28296,9395,159,2,26.55
28297,9396,46,3,30.13
28298,9397,195,1,97.24
28299,9397,71,2,271.85
28300,9398,127,3,45.09
28301,9398,19,1,816.54
28302,9398,93,1,318.36
28303,9399,150,2,45.00
28304,9399,123,2,37.05
28305,9399,127,4,45.09
28306,9399,96,1,48.32
28307,9400,104,4,42.38
28308,9400,135,3,53.76
28309,9400,110,4,431.78
28310,9400,163,3,81.90
28311,9401,127,4,45.09
28312,9401,56,1,174.98
28313,9401,49,2,182.19
28314,9402,67,2,39.92
28315,9402,119,3,390.51
28316,9403,166,2,61.71
28317,9404,148,2,42.76
28318,9404,114,1,386.72
28319,9404,90,1,370.03
28320,9405,159,2,26.55
28321,9405,28,2,549.50
28322,9406,69,4,258.65
28323,9406,18,1,293.07
28324,9407,111,1,295.40
28325,9407,64,4,50.42
28326,9407,108,2,231.27
28327,9407,185,1,4.70
28328,9408,82,4,164.45
28329,9408,81,3,310.43
28330,9409,85,1,126.48
28331,9409,175,3,53.39
28332,9409,172,2,66.83
28333,9409,174,3,114.93
28334,9410,39,4,380.34
28335,9411,40,4,633.55
28336,9411,167,2,106.22
28337,9412,76,3,248.97
28338,9412,109,3,191.43
28339,9412,66,3,60.34
28340,9412,182,3,100.88
28341,9413,158,4,59.27
28342,9413,35,4,291.27
28343,9413,40,1,633.55
28344,9413,189,1,57.74
28345,9413,54,1,52.55
28346,9414,158,3,59.27
28347,9414,163,1,81.90
28348,9414,71,3,271.85
28349,9414,146,3,27.35
28350,9415,29,3,665.28
28351,9415,75,3,108.00
28352,9415,68,4,104.26
28353,9416,137,1,16.72
28354,9416,200,1,21.95
28355,9417,40,4,633.55
28356,9417,43,1,30.78
28357,9417,102,2,17.15
28358,9417,104,3,42.38
28359,9417,48,2,206.81
28360,9418,43,2,30.78
28361,9418,187,1,12.37
28362,9419,177,1,103.55
28363,9419,42,3,81.37
28364,9419,162,3,21.49
28365,9420,81,1,310.43
28366,9420,163,4,81.90
28367,9420,81,2,310.43
28368,9420,80,1,253.61
28369,9421,138,1,54.31
28370,9421,4,4,327.69
28371,9422,19,3,816.54
28372,9422,35,2,291.27
28373,9422,173,4,93.51
28374,9423,111,1,295.40
28375,9423,177,3,103.55
28376,9423,198,3,49.14
28377,9424,150,4,45.00
28378,9424,132,2,33.38
28379,9425,76,4,248.97
28380,9425,188,4,16.87
28381,9425,74,3,54.80
28382,9426,151,1,53.45
28383,9426,188,4,16.87
28384,9426,83,1,88.66
28385,9426,59,1,264.27
28386,9426,16,3,537.37
28387,9427,11,2,691.54
28388,9427,23,4,311.08
28389,9427,142,1,36.11
28390,9427,3,2,136.62
28391,9427,64,2,50.42
28392,9428,77,2,28.30
28393,9429,198,4,49.14
28394,9429,137,3,16.72
28395,9429,122,1,11.28
28396,9430,82,2,164.45
28397,9430,111,3,295.40
28398,9430,70,3,47.08
28399,9430,31,1,609.25
28400,9431,83,1,88.66
28401,9431,59,2,264.27
28402,9431,21,2,540.25
28403,9431,44,2,168.63
28404,9432,5,4,294.97
28405,9433,117,4,298.11
28406,9433,146,3,27.35
28407,9433,18,3,293.07
28408,9433,80,1,253.61
28409,9434,84,4,198.78
28410,9434,98,2,324.18
28411,9434,119,1,390.51
28412,9435,123,4,37.05
28413,9435,9,4,746.78
28414,9435,69,1,258.65
28415,9435,112,4,307.14
28416,9435,164,2,69.89
28417,9436,161,3,9.08
28418,9436,41,2,224.09
28419,9436,169,1,96.92
28420,9437,195,2,97.24
28421,9437,86,3,333.64
28422,9437,49,4,182.19
28423,9438,156,3,47.44
28424,9439,69,4,258.65
28425,9439,77,4,28.30
28426,9439,164,3,69.89
28427,9439,175,3,53.39
28428,9439,109,4,191.43
28429,9440,31,4,609.25
28430,9440,156,4,47.44
28431,9440,72,4,207.50
28432,9441,14,4,750.61
28433,9442,153,1,53.97
28434,9442,101,1,329.79
28435,9443,111,3,295.40
28436,9443,137,1,16.72
28437,9443,29,2,665.28
28438,9444,36,2,558.56
28439,9444,163,2,81.90
28440,9444,150,4,45.00
28441,9445,73,3,25.03
28442,9446,141,3,44.68
28443,9446,28,1,549.50
28444,9446,18,1,293.07
28445,9447,200,4,21.95
28446,9447,168,3,4.90
28447,9447,54,2,52.55
28448,9447,91,4,265.75
28449,9448,84,2,198.78
28450,9448,184,1,93.38
28451,9448,180,3,109.81
28452,9449,107,2,368.95
28453,9449,9,3,746.78
28454,9449,198,2,49.14
28455,9450,67,4,39.92
28456,9450,150,4,45.00
28457,9451,70,4,47.08
28458,9451,145,4,16.73
28459,9452,102,4,17.15
28460,9452,110,2,431.78
28461,9452,64,4,50.42
28462,9452,192,2,14.31
28463,9453,2,3,239.88
28464,9454,68,1,104.26
28465,9454,185,4,4.70
28466,9454,31,3,609.25
28467,9454,189,2,57.74
28468,9455,166,4,61.71
28469,9455,66,4,60.34
28470,9455,165,3,65.60
28471,9455,110,1,431.78
28472,9456,100,4,86.91
28473,9456,114,3,386.72
28474,9456,177,3,103.55
28475,9456,121,3,40.24
28476,9456,145,1,16.73
28477,9457,9,4,746.78
28478,9457,74,2,54.80
28479,9457,200,1,21.95
28480,9458,51,2,23.32
28481,9458,121,1,40.24
28482,9459,149,2,28.06
28483,9460,36,3,558.56
28484,9461,66,1,60.34
28485,9462,75,1,108.00
28486,9462,132,4,33.38
28487,9463,75,1,108.00
28488,9463,200,1,21.95
28489,9464,131,2,51.37
28490,9464,161,4,9.08
28491,9464,102,3,17.15
28492,9465,105,2,27.39
28493,9465,30,2,281.92
28494,9465,182,1,100.88
28495,9466,166,1,61.71
28496,9466,150,2,45.00
28497,9466,31,4,609.25
28498,9467,73,2,25.03
28499,9468,26,4,43.63
28500,9468,173,2,93.51
28501,9468,156,3,47.44
28502,9468,18,1,293.07
28503,9468,36,2,558.56
28504,9469,44,4,168.63
28505,9469,49,3,182.19
28506,9470,184,1,93.38
28507,9471,125,1,32.57
28508,9471,165,1,65.60
28509,9471,122,1,11.28
28510,9471,112,1,307.14
28511,9472,113,1,78.35
28512,9472,190,3,109.95
28513,9473,188,4,16.87
28514,9474,195,1,97.24
28515,9475,9,3,746.78
28516,9475,106,4,377.39
28517,9475,93,1,318.36
28518,9475,140,3,13.39
28519,9476,75,1,108.00
28520,9476,80,1,253.61
28521,9476,151,3,53.45
28522,9476,39,2,380.34
28523,9476,58,3,199.52
28524,9477,11,4,691.54
28525,9478,90,1,370.03
28526,9478,83,3,88.66
28527,9478,75,4,108.00
28528,9478,39,3,380.34
28529,9479,172,3,66.83
28530,9479,81,2,310.43
28531,9479,54,4,52.55
28532,9479,177,4,103.55
28533,9480,178,1,39.29
28534,9480,150,1,45.00
28535,9480,5,1,294.97
28536,9480,76,4,248.97
28537,9481,137,1,16.72
28538,9481,183,4,92.22
28539,9481,57,3,51.30
28540,9481,6,3,871.62
28541,9482,166,3,61.71
28542,9482,8,3,743.01
28543,9482,63,3,293.35
28544,9482,121,3,40.24
28545,9482,184,1,93.38
28546,9483,114,1,386.72
28547,9483,72,3,207.50
28548,9484,108,1,231.27
28549,9484,30,3,281.92
28550,9484,112,3,307.14
28551,9484,38,3,117.99
28552,9484,32,4,574.26
28553,9485,138,3,54.31
28554,9485,28,1,549.50
28555,9485,4,3,327.69
28556,9486,86,1,333.64
28557,9486,149,4,28.06
28558,9486,26,3,43.63
28559,9487,131,4,51.37
28560,9487,64,1,50.42
28561,9487,115,3,308.68
28562,9487,140,4,13.39
28563,9488,89,1,183.76
28564,9488,46,1,30.13
28565,9488,99,2,151.45
28566,9488,161,4,9.08
28567,9489,50,3,237.25
28568,9489,98,2,324.18
28569,9489,174,1,114.93
28570,9490,17,1,446.15
28571,9491,165,2,65.60
28572,9491,23,1,311.08
28573,9492,190,1,109.95
28574,9492,73,3,25.03
28575,9492,125,1,32.57
28576,9493,150,4,45.00
28577,9493,64,3,50.42
28578,9494,98,4,324.18
28579,9494,146,2,27.35
28580,9494,130,1,40.37
28581,9494,146,4,27.35
28582,9495,123,4,37.05
28583,9495,113,3,78.35
28584,9495,142,1,36.11
28585,9496,180,2,109.81
28586,9496,110,4,431.78
28587,9497,148,4,42.76
28588,9498,12,3,788.04
28589,9498,161,3,9.08
28590,9498,168,4,4.90
28591,9499,125,2,32.57
28592,9499,98,4,324.18
28593,9500,134,2,19.36
28594,9500,99,4,151.45
28595,9501,42,3,81.37
28596,9501,136,1,16.82
28597,9502,60,3,179.81
28598,9502,63,2,293.35
28599,9502,109,3,191.43
28600,9503,195,1,97.24
28601,9503,116,4,163.33
28602,9503,44,3,168.63
28603,9504,74,4,54.80
28604,9504,148,4,42.76
28605,9504,149,4,28.06
28606,9504,41,2,224.09
28607,9504,95,4,418.23
28608,9505,145,2,16.73
28609,9505,81,3,310.43
28610,9505,94,4,281.05
28611,9506,198,1,49.14
28612,9506,58,4,199.52
28613,9507,190,3,109.95
28614,9507,44,2,168.63
28615,9508,43,4,30.78
28616,9508,158,1,59.27
28617,9509,102,4,17.15
28618,9509,172,3,66.83
28619,9509,163,1,81.90
28620,9509,10,1,273.35
28621,9509,85,2,126.48
28622,9510,193,4,94.03
28623,9510,66,2,60.34
28624,9511,23,1,311.08
28625,9511,67,3,39.92
28626,9512,15,2,875.17
28627,9512,116,4,163.33
28628,9513,123,1,37.05
28629,9514,151,2,53.45
28630,9514,193,3,94.03
28631,9515,101,2,329.79
28632,9515,189,3,57.74
28633,9515,128,1,46.60
28634,9516,106,1,377.39
28635,9516,64,1,50.42
28636,9516,19,4,816.54
28637,9516,38,4,117.99
28638,9517,51,1,23.32
28639,9517,78,1,92.26
28640,9517,63,2,293.35
28641,9518,8,1,743.01
28642,9518,167,2,106.22
28643,9518,81,3,310.43
28644,9519,134,2,19.36
28645,9519,189,2,57.74
28646,9519,145,1,16.73
28647,9519,39,4,380.34
28648,9520,1,3,500.72
28649,9520,34,1,426.41
28650,9521,150,2,45.00
28651,9521,195,2,97.24
28652,9521,15,3,875.17
28653,9522,92,1,391.62
28654,9522,96,1,48.32
28655,9522,18,3,293.07
28656,9522,58,1,199.52
28657,9523,119,3,390.51
28658,9523,184,4,93.38
28659,9523,134,4,19.36
28660,9523,21,3,540.25
28661,9524,178,3,39.29
28662,9525,58,2,199.52
28663,9525,148,1,42.76
28664,9525,136,4,16.82
28665,9525,19,3,816.54
28666,9525,111,2,295.40
28667,9526,56,3,174.98
28668,9526,116,3,163.33
28669,9526,100,2,86.91
28670,9527,55,4,247.20
28671,9527,84,4,198.78
28672,9527,155,4,24.51
28673,9527,77,4,28.30
28674,9527,102,2,17.15
28675,9528,2,2,239.88
28676,9529,29,2,665.28
28677,9530,77,3,28.30
28678,9530,142,2,36.11
28679,9530,35,4,291.27
28680,9530,154,2,6.98
28681,9530,99,1,151.45
28682,9531,97,2,388.13
28683,9531,65,3,153.24
28684,9531,63,2,293.35
28685,9532,45,2,150.59
28686,9533,34,1,426.41
28687,9533,185,3,4.70
28688,9533,13,4,522.46
28689,9534,104,4,42.38
28690,9534,107,3,368.95
28691,9534,46,2,30.13
28692,9534,18,2,293.07
28693,9535,70,4,47.08
28694,9536,134,4,19.36
28695,9537,169,4,96.92
28696,9537,108,1,231.27
28697,9537,167,2,106.22
28698,9537,77,3,28.30
28699,9538,12,2,788.04
28700,9538,43,4,30.78
28701,9538,57,4,51.30
28702,9539,150,3,45.00
28703,9539,44,1,168.63
28704,9539,87,1,282.19
28705,9539,45,2,150.59
28706,9540,12,2,788.04
28707,9540,19,1,816.54
28708,9541,83,4,88.66
28709,9542,190,4,109.95
28710,9542,85,2,126.48
28711,9542,162,4,21.49
28712,9542,82,1,164.45
28713,9542,46,4,30.13
28714,9543,89,3,183.76
28715,9543,102,4,17.15
28716,9543,186,4,118.92
28717,9544,160,4,45.74
28718,9544,111,1,295.40
28719,9544,144,1,46.06
28720,9544,194,3,74.31
28721,9545,148,1,42.76
28722,9545,192,3,14.31
28723,9546,25,1,250.49
28724,9546,106,2,377.39
28725,9546,134,2,19.36
28726,9547,133,4,46.80
28727,9547,71,4,271.85
28728,9547,53,4,108.74
28729,9547,200,1,21.95
28730,9547,95,4,418.23
28731,9548,181,1,13.99
28732,9548,58,3,199.52
28733,9548,130,1,40.37
28734,9549,178,3,39.29
28735,9549,57,3,51.30
28736,9549,6,4,871.62
28737,9550,151,3,53.45
28738,9550,177,2,103.55
28739,9550,192,1,14.31
28740,9550,101,1,329.79
28741,9550,122,2,11.28
28742,9551,179,1,29.88
28743,9551,185,2,4.70
28744,9551,132,4,33.38
28745,9551,89,1,183.76
28746,9552,169,3,96.92
28747,9553,20,2,150.57
28748,9553,84,1,198.78
28749,9553,20,2,150.57
28750,9554,140,1,13.39
28751,9555,84,4,198.78
28752,9555,74,3,54.80
28753,9555,169,1,96.92
28754,9556,84,1,198.78
28755,9556,31,4,609.25
28756,9556,62,3,205.44
28757,9557,108,1,231.27
28758,9557,155,3,24.51
28759,9557,24,2,811.59
28760,9558,71,2,271.85
28761,9559,177,1,103.55
28762,9559,102,3,17.15
28763,9559,126,3,25.37
28764,9559,49,4,182.19
28765,9560,27,2,225.51
28766,9560,97,4,388.13
28767,9560,66,2,60.34
28768,9560,49,2,182.19
28769,9561,184,1,93.38
28770,9561,164,1,69.89
28771,9561,187,4,12.37
28772,9562,170,2,16.89
28773,9562,187,1,12.37
28774,9563,2,2,239.88
28775,9563,185,3,4.70
28776,9563,10,1,273.35
28777,9564,1,3,500.72
28778,9564,29,1,665.28
28779,9565,129,2,31.16
28780,9565,127,1,45.09
28781,9566,64,4,50.42
28782,9567,135,4,53.76
28783,9567,123,3,37.05
28784,9567,31,2,609.25
28785,9567,100,4,86.91
28786,9568,12,2,788.04
28787,9568,17,2,446.15
28788,9568,173,3,93.51
28789,9568,170,4,16.89
28790,9568,17,3,446.15
28791,9569,21,2,540.25
28792,9569,24,4,811.59
28793,9569,99,2,151.45
28794,9569,179,2,29.88
28795,9569,68,2,104.26
28796,9570,162,3,21.49
28797,9570,68,2,104.26
28798,9571,166,2,61.71
28799,9571,152,3,48.13
28800,9571,191,2,103.44
28801,9571,124,3,44.55
28802,9571,67,3,39.92
28803,9572,112,3,307.14
28804,9572,98,3,324.18
28805,9573,67,4,39.92
28806,9574,46,4,30.13
28807,9574,150,3,45.00
28808,9575,45,4,150.59
28809,9576,105,1,27.39
28810,9576,135,4,53.76
28811,9576,180,2,109.81
28812,9576,23,2,311.08
28813,9577,91,1,265.75
28814,9577,99,3,151.45
28815,9578,77,1,28.30
28816,9578,113,1,78.35
28817,9578,45,4,150.59
28818,9579,50,1,237.25
28819,9579,172,1,66.83
28820,9579,119,1,390.51
28821,9579,24,1,811.59
28822,9580,3,2,136.62
28823,9580,137,2,16.72
28824,9580,193,2,94.03
28825,9580,169,1,96.92
28826,9580,148,1,42.76
28827,9581,60,1,179.81
28828,9581,87,3,282.19
28829,9581,38,2,117.99
28830,9582,56,2,174.98
28831,9582,59,2,264.27
28832,9582,167,1,106.22
28833,9583,168,2,4.90
28834,9583,87,4,282.19
28835,9583,179,1,29.88
28836,9584,136,4,16.82
28837,9584,47,4,66.78
28838,9584,161,3,9.08
28839,9584,81,3,310.43
28840,9584,134,1,19.36
28841,9585,95,1,418.23
28842,9585,42,1,81.37
28843,9585,177,3,103.55
28844,9586,148,2,42.76
28845,9587,153,2,53.97
28846,9587,21,1,540.25
28847,9587,42,4,81.37
28848,9587,121,1,40.24
28849,9588,73,2,25.03
28850,9589,18,4,293.07
28851,9589,10,3,273.35
28852,9589,104,1,42.38
28853,9589,175,1,53.39
28854,9589,1,1,500.72
28855,9590,59,4,264.27
28856,9590,17,1,446.15
28857,9591,183,3,92.22
28858,9591,28,3,549.50
28859,9591,167,4,106.22
28860,9592,1,4,500.72
28861,9593,154,4,6.98
28862,9593,131,4,51.37
28863,9593,16,3,537.37
28864,9593,76,1,248.97
28865,9593,96,1,48.32
28866,9594,68,4,104.26
28867,9595,158,4,59.27
28868,9595,100,1,86.91
28869,9595,185,4,4.70
28870,9595,40,3,633.55
28871,9595,43,3,30.78
28872,9596,52,2,47.09
28873,9596,60,4,179.81
28874,9597,21,2,540.25
28875,9598,146,2,27.35
28876,9598,173,3,93.51
28877,9598,20,2,150.57
28878,9599,112,2,307.14
28879,9599,35,1,291.27
28880,9599,113,3,78.35
28881,9600,150,2,45.00
28882,9600,123,3,37.05
28883,9600,95,4,418.23
28884,9601,58,2,199.52
28885,9602,78,3,92.26
28886,9602,24,3,811.59
28887,9602,22,4,129.18
28888,9602,145,3,16.73
28889,9603,117,2,298.11
28890,9603,46,3,30.13
28891,9603,41,2,224.09
28892,9603,79,4,233.68
28893,9603,52,4,47.09
28894,9604,63,4,293.35
28895,9604,136,1,16.82
28896,9604,142,3,36.11
28897,9604,153,1,53.97
28898,9604,28,3,549.50
28899,9605,50,3,237.25
28900,9605,57,2,51.30
28901,9605,56,1,174.98
28902,9606,115,4,308.68
28903,9606,143,4,59.98
28904,9607,108,2,231.27
28905,9607,40,2,633.55
28906,9608,52,4,47.09
28907,9608,119,1,390.51
28908,9608,2,4,239.88
28909,9608,173,4,93.51
28910,9609,133,2,46.80
28911,9610,91,3,265.75
28912,9610,18,4,293.07
28913,9610,23,4,311.08
28914,9611,17,3,446.15
28915,9611,31,2,609.25
28916,9612,80,2,253.61
28917,9612,35,4,291.27
28918,9612,53,2,108.74
28919,9612,187,3,12.37
28920,9612,146,3,27.35
28921,9613,9,2,746.78
28922,9613,167,2,106.22
28923,9613,104,4,42.38
28924,9613,67,4,39.92
28925,9613,174,3,114.93
28926,9614,90,1,370.03
28927,9614,55,1,247.20
28928,9614,45,4,150.59
28929,9615,125,3,32.57
28930,9615,130,3,40.37
28931,9615,170,4,16.89
28932,9615,186,1,118.92
28933,9615,129,1,31.16
28934,9616,121,2,40.24
28935,9616,74,4,54.80
28936,9616,116,2,163.33
28937,9617,148,3,42.76
28938,9618,43,2,30.78
28939,9618,149,3,28.06
28940,9618,45,1,150.59
28941,9618,150,1,45.00
28942,9619,103,4,258.65
28943,9619,164,4,69.89
28944,9619,130,4,40.37
28945,9620,16,1,537.37
28946,9620,11,3,691.54
28947,9620,188,4,16.87
28948,9620,4,3,327.69
28949,9620,2,1,239.88
28950,9621,42,4,81.37
28951,9621,192,4,14.31
28952,9621,60,1,179.81
28953,9621,194,3,74.31
28954,9621,66,1,60.34
28955,9622,59,3,264.27
28956,9622,79,3,233.68
28957,9622,143,2,59.98
28958,9623,101,1,329.79
28959,9623,179,1,29.88
28960,9623,137,1,16.72
28961,9623,12,3,788.04
28962,9623,115,3,308.68
28963,9624,70,1,47.08
28964,9625,59,3,264.27
28965,9625,164,2,69.89
28966,9626,154,1,6.98
28967,9626,114,3,386.72
28968,9626,10,3,273.35
28969,9626,112,4,307.14
28970,9626,136,4,16.82
28971,9627,117,3,298.11
28972,9627,96,1,48.32
28973,9627,154,4,6.98
28974,9627,159,4,26.55
28975,9627,106,1,377.39
28976,9628,19,1,816.54
28977,9629,148,3,42.76
28978,9629,53,2,108.74
28979,9629,108,2,231.27
28980,9629,41,2,224.09
28981,9630,182,2,100.88
28982,9630,6,1,871.62
28983,9630,160,1,45.74
28984,9630,85,4,126.48
28985,9630,42,2,81.37
28986,9631,16,3,537.37
28987,9631,89,1,183.76
28988,9631,48,1,206.81
28989,9632,72,3,207.50
28990,9632,111,2,295.40
28991,9632,124,4,44.55
28992,9632,167,4,106.22
28993,9632,141,1,44.68
28994,9633,117,2,298.11
28995,9633,90,4,370.03
28996,9633,90,2,370.03
28997,9633,191,3,103.44
28998,9634,134,2,19.36
28999,9634,10,4,273.35
29000,9635,124,2,44.55
29001,9635,192,3,14.31
29002,9635,123,1,37.05
29003,9635,194,4,74.31
29004,9635,152,4,48.13
29005,9636,170,3,16.89
29006,9636,194,1,74.31
29007,9636,159,4,26.55
29008,9636,100,2,86.91
29009,9637,139,1,26.08
29010,9637,37,2,429.72
29011,9637,14,3,750.61
29012,9638,15,2,875.17
29013,9639,134,3,19.36
29014,9640,38,3,117.99
29015,9640,187,3,12.37
29016,9640,143,2,59.98
29017,9641,172,1,66.83
29018,9641,198,4,49.14
29019,9641,89,1,183.76
29020,9641,43,3,30.78
29021,9642,8,1,743.01
29022,9642,38,4,117.99
29023,9642,143,1,59.98
29024,9642,176,2,24.47
29025,9642,188,4,16.87
29026,9643,169,2,96.92
29027,9643,14,4,750.61
29028,9644,4,4,327.69
29029,9644,187,2,12.37
29030,9644,95,4,418.23
29031,9644,158,2,59.27
29032,9644,51,2,23.32
29033,9645,46,4,30.13
29034,9646,48,1,206.81
29035,9646,40,3,633.55
29036,9646,161,3,9.08
29037,9646,9,1,746.78
29038,9646,135,3,53.76
29039,9647,108,3,231.27
29040,9647,167,2,106.22
29041,9647,15,1,875.17
29042,9647,166,1,61.71
29043,9647,85,1,126.48
29044,9648,102,1,17.15
29045,9648,27,3,225.51
29046,9649,99,1,151.45
29047,9649,27,4,225.51
29048,9650,149,2,28.06
29049,9650,154,4,6.98
29050,9650,70,3,47.08
29051,9651,137,4,16.72
29052,9651,95,3,418.23
29053,9651,155,1,24.51
29054,9651,3,4,136.62
29055,9651,37,2,429.72
29056,9652,139,1,26.08
29057,9653,66,1,60.34
29058,9653,22,2,129.18
29059,9653,123,2,37.05
29060,9653,44,1,168.63
29061,9654,83,2,88.66
29062,9654,187,2,12.37
29063,9654,111,3,295.40
29064,9654,58,1,199.52
29065,9655,47,3,66.78
29066,9655,129,1,31.16
29067,9656,193,2,94.03
29068,9656,111,4,295.40
29069,9656,179,3,29.88
29070,9656,77,1,28.30
29071,9657,106,3,377.39
29072,9657,75,2,108.00
29073,9658,8,2,743.01
29074,9658,140,2,13.39
29075,9658,10,1,273.35
29076,9658,155,4,24.51
29077,9658,3,1,136.62
29078,9659,66,4,60.34
29079,9659,148,3,42.76
29080,9660,64,2,50.42
29081,9660,192,1,14.31
29082,9660,55,2,247.20
29083,9660,157,3,19.33
29084,9661,14,1,750.61
29085,9661,71,4,271.85
29086,9662,125,2,32.57
29087,9662,191,1,103.44
29088,9662,159,4,26.55
29089,9662,191,1,103.44
29090,9663,127,3,45.09
29091,9663,182,2,100.88
29092,9663,132,3,33.38
29093,9663,37,2,429.72
29094,9663,31,3,609.25
29095,9664,62,4,205.44
29096,9664,97,2,388.13
29097,9665,161,1,9.08
29098,9665,111,3,295.40
29099,9665,132,4,33.38
29100,9666,67,1,39.92
29101,9667,105,1,27.39
29102,9667,101,3,329.79
29103,9667,4,3,327.69
29104,9667,98,1,324.18
29105,9668,115,2,308.68
29106,9668,93,4,318.36
29107,9669,135,1,53.76
29108,9669,69,2,258.65
29109,9670,138,3,54.31
29110,9670,91,4,265.75
29111,9671,196,1,66.42
29112,9672,115,2,308.68
29113,9672,107,3,368.95
29114,9672,44,1,168.63
29115,9672,184,2,93.38
29116,9673,55,1,247.20
29117,9673,108,2,231.27
29118,9673,165,1,65.60
29119,9674,19,2,816.54
29120,9674,169,1,96.92
29121,9675,105,2,27.39
29122,9675,10,1,273.35
29123,9675,133,1,46.80
29124,9675,113,2,78.35
29125,9676,59,1,264.27
29126,9676,192,4,14.31
29127,9676,112,4,307.14
29128,9676,24,1,811.59
29129,9677,128,2,46.60
29130,9677,87,4,282.19
29131,9677,18,1,293.07
29132,9677,115,1,308.68
29133,9677,183,2,92.22
29134,9678,189,3,57.74
29135,9678,169,4,96.92
29136,9679,154,3,6.98
29137,9680,168,3,4.90
29138,9680,164,4,69.89
29139,9681,24,1,811.59
29140,9681,32,3,574.26
29141,9681,159,4,26.55
29142,9681,124,4,44.55
29143,9681,150,2,45.00
29144,9682,8,2,743.01
29145,9682,42,3,81.37
29146,9682,173,1,93.51
29147,9683,113,2,78.35
29148,9683,105,4,27.39
29149,9683,174,4,114.93
29150,9683,158,2,59.27
29151,9683,113,4,78.35
29152,9684,46,3,30.13
29153,9685,185,1,4.70
29154,9685,175,3,53.39
29155,9685,106,2,377.39
29156,9686,32,4,574.26
29157,9686,37,2,429.72
29158,9687,8,4,743.01
29159,9687,6,3,871.62
29160,9687,139,4,26.08
29161,9688,178,3,39.29
29162,9688,6,1,871.62
29163,9688,99,1,151.45
29164,9689,130,4,40.37
29165,9689,149,3,28.06
29166,9689,117,3,298.11
29167,9689,116,1,163.33
29168,9689,38,2,117.99
29169,9690,29,1,665.28
29170,9690,91,3,265.75
29171,9690,127,4,45.09
29172,9690,39,3,380.34
29173,9690,66,2,60.34
29174,9691,133,1,46.80
29175,9691,97,2,388.13
29176,9691,117,2,298.11
29177,9691,45,2,150.59
29178,9691,106,4,377.39
29179,9692,42,4,81.37
29180,9692,29,4,665.28
29181,9692,173,1,93.51
29182,9693,131,4,51.37
29183,9693,20,3,150.57
29184,9693,138,4,54.31
29185,9694,9,2,746.78
29186,9694,5,2,294.97
29187,9694,186,3,118.92
29188,9694,71,3,271.85
29189,9694,114,3,386.72
29190,9695,84,4,198.78
29191,9695,40,3,633.55
29192,9696,189,2,57.74
29193,9697,34,1,426.41
29194,9698,126,4,25.37
29195,9699,127,2,45.09
29196,9700,137,4,16.72
29197,9700,133,4,46.80
29198,9700,150,1,45.00
29199,9701,156,4,47.44
29200,9701,50,4,237.25
29201,9701,21,4,540.25
29202,9701,25,3,250.49
29203,9702,105,3,27.39
29204,9703,154,2,6.98
29205,9704,118,3,259.42
29206,9704,184,4,93.38
29207,9705,173,3,93.51
29208,9705,161,4,9.08
29209,9705,4,4,327.69
29210,9705,41,1,224.09
29211,9706,175,2,53.39
29212,9707,72,2,207.50
29213,9707,2,4,239.88
29214,9707,76,2,248.97
29215,9707,123,2,37.05
29216,9707,161,2,9.08
29217,9708,177,4,103.55
29218,9708,192,4,14.31
29219,9708,19,1,816.54
29220,9708,180,2,109.81
29221,9708,155,4,24.51
29222,9709,183,3,92.22
29223,9709,192,3,14.31
29224,9709,182,3,100.88
29225,9709,103,3,258.65
29226,9710,14,2,750.61
29227,9710,12,1,788.04
29228,9710,118,1,259.42
29229,9711,69,2,258.65
29230,9711,188,2,16.87
29231,9711,124,2,44.55
29232,9712,122,3,11.28
29233,9712,155,2,24.51
29234,9712,141,3,44.68
29235,9712,173,4,93.51
29236,9712,124,4,44.55
29237,9713,81,2,310.43
29238,9713,15,4,875.17
29239,9713,18,4,293.07
29240,9714,111,3,295.40
29241,9715,160,1,45.74
29242,9716,17,2,446.15
29243,9716,14,3,750.61
29244,9717,72,2,207.50
29245,9718,47,3,66.78
29246,9718,151,1,53.45
29247,9719,136,3,16.82
29248,9720,29,4,665.28
29249,9720,142,4,36.11
29250,9720,159,1,26.55
29251,9720,75,2,108.00
29252,9721,125,4,32.57
29253,9721,90,3,370.03
29254,9721,74,2,54.80
29255,9721,191,4,103.44
29256,9722,63,3,293.35
29257,9722,53,4,108.74
29258,9722,86,1,333.64
29259,9723,63,3,293.35
29260,9724,44,1,168.63
29261,9724,112,1,307.14
29262,9725,90,1,370.03
29263,9725,14,3,750.61
29264,9725,137,4,16.72
29265,9726,126,3,25.37
29266,9726,41,4,224.09
29267,9726,111,2,295.40
29268,9727,52,1,47.09
29269,9727,125,2,32.57
29270,9727,43,1,30.78
29271,9727,138,1,54.31
29272,9728,114,4,386.72
29273,9728,96,1,48.32
29274,9728,164,1,69.89
29275,9729,51,4,23.32
29276,9729,128,4,46.60
29277,9729,105,4,27.39
29278,9729,146,1,27.35
29279,9729,26,4,43.63
29280,9730,128,4,46.60
29281,9730,141,3,44.68
29282,9730,133,3,46.80
29283,9730,98,4,324.18
29284,9731,112,4,307.14
29285,9731,177,2,103.55
29286,9731,70,1,47.08
29287,9732,142,1,36.11
29288,9732,185,3,4.70
29289,9732,104,1,42.38
29290,9732,131,1,51.37
29291,9733,156,1,47.44
29292,9734,188,1,16.87
29293,9734,60,2,179.81
29294,9734,80,3,253.61
29295,9734,90,4,370.03
29296,9735,150,1,45.00
29297,9735,132,2,33.38
29298,9735,101,1,329.79
29299,9736,136,1,16.82
29300,9736,123,2,37.05
29301,9736,126,3,25.37
29302,9736,191,1,103.44
29303,9736,16,2,537.37
29304,9737,153,2,53.97
29305,9738,176,2,24.47
29306,9739,162,1,21.49
29307,9739,28,3,549.50
29308,9739,123,3,37.05
29309,9739,28,2,549.50
29310,9740,117,2,298.11
29311,9740,192,2,14.31
29312,9740,95,3,418.23
29313,9741,37,4,429.72
29314,9741,42,3,81.37
29315,9741,197,3,63.01
29316,9742,186,2,118.92
29317,9742,52,3,47.09
29318,9742,73,2,25.03
29319,9743,143,3,59.98
29320,9743,18,4,293.07
29321,9743,178,4,39.29
29322,9743,47,1,66.78
29323,9743,50,1,237.25
29324,9744,132,3,33.38
29325,9744,162,1,21.49
29326,9744,140,3,13.39
29327,9744,75,2,108.00
29328,9745,133,1,46.80
29329,9745,13,2,522.46
29330,9745,169,4,96.92
29331,9746,1,4,500.72
29332,9746,74,3,54.80
29333,9746,24,3,811.59
29334,9746,46,2,30.13
29335,9747,11,4,691.54
29336,9747,151,1,53.45
29337,9747,170,2,16.89
29338,9748,79,3,233.68
29339,9748,157,1,19.33
29340,9748,108,3,231.27
29341,9748,176,3,24.47
29342,9748,136,3,16.82
29343,9749,20,2,150.57
29344,9749,45,2,150.59
29345,9749,188,2,16.87
29346,9750,31,3,609.25
29347,9750,131,2,51.37
29348,9750,200,2,21.95
29349,9751,34,1,426.41
29350,9752,2,4,239.88
29351,9752,18,2,293.07
29352,9753,198,2,49.14
29353,9753,27,1,225.51
29354,9753,181,2,13.99
29355,9753,31,1,609.25
29356,9754,109,4,191.43
29357,9754,29,3,665.28
29358,9755,72,4,207.50
29359,9755,154,2,6.98
29360,9755,65,2,153.24
29361,9756,117,4,298.11
29362,9757,180,4,109.81
29363,9757,102,1,17.15
29364,9758,125,2,32.57
29365,9758,30,3,281.92
29366,9758,65,4,153.24
29367,9759,96,4,48.32
29368,9759,121,4,40.24
29369,9760,91,3,265.75
29370,9760,189,3,57.74
29371,9760,20,2,150.57
29372,9760,74,4,54.80
29373,9761,152,3,48.13
29374,9761,143,2,59.98
29375,9761,11,3,691.54
29376,9761,102,1,17.15
29377,9762,121,4,40.24
29378,9763,39,4,380.34
29379,9764,11,1,691.54
29380,9765,178,4,39.29
29381,9766,15,3,875.17
29382,9766,16,2,537.37
29383,9766,187,1,12.37
29384,9766,76,2,248.97
29385,9766,110,1,431.78
29386,9767,195,4,97.24
29387,9767,137,4,16.72
29388,9767,113,2,78.35
29389,9767,48,4,206.81
29390,9768,112,4,307.14
29391,9768,155,1,24.51
29392,9769,48,3,206.81
29393,9769,52,3,47.09
29394,9769,91,1,265.75
29395,9770,45,3,150.59
29396,9770,110,3,431.78
29397,9770,71,2,271.85
29398,9770,51,2,23.32
29399,9771,153,2,53.97
29400,9771,89,4,183.76
29401,9771,15,1,875.17
29402,9772,192,2,14.31
29403,9773,67,2,39.92
29404,9774,191,2,103.44
29405,9774,79,4,233.68
29406,9774,188,1,16.87
29407,9775,48,3,206.81
29408,9775,129,2,31.16
29409,9775,39,2,380.34
29410,9775,82,3,164.45
29411,9776,115,4,308.68
29412,9776,82,3,164.45
29413,9776,83,1,88.66
29414,9776,144,1,46.06
29415,9777,65,2,153.24
29416,9778,178,2,39.29
29417,9778,48,4,206.81
29418,9778,144,1,46.06
29419,9778,77,2,28.30
29420,9778,99,2,151.45
29421,9779,58,3,199.52
29422,9779,121,1,40.24
29423,9779,135,1,53.76
29424,9779,26,4,43.63
29425,9779,2,4,239.88
29426,9780,159,4,26.55
29427,9780,192,2,14.31
29428,9780,127,4,45.09
29429,9780,112,3,307.14
29430,9780,174,2,114.93
29431,9781,107,3,368.95
29432,9781,146,3,27.35
29433,9781,149,1,28.06
29434,9781,197,3,63.01
29435,9781,76,4,248.97
29436,9782,22,3,129.18
29437,9782,197,4,63.01
29438,9783,182,3,100.88
29439,9783,39,2,380.34
29440,9784,138,1,54.31
29441,9784,38,1,117.99
29442,9784,180,3,109.81
29443,9784,14,2,750.61
29444,9785,109,2,191.43
29445,9786,45,1,150.59
29446,9786,18,1,293.07
29447,9786,124,3,44.55
29448,9786,19,2,816.54
29449,9786,76,1,248.97
29450,9787,105,2,27.39
29451,9788,31,3,609.25
29452,9788,173,2,93.51
29453,9788,159,2,26.55
29454,9788,52,2,47.09
29455,9788,37,3,429.72
29456,9789,3,3,136.62
29457,9789,25,4,250.49
29458,9789,93,1,318.36
29459,9789,169,1,96.92
29460,9790,112,3,307.14
29461,9791,29,4,665.28
29462,9791,69,1,258.65
29463,9791,194,2,74.31
29464,9791,87,4,282.19
29465,9792,143,2,59.98
29466,9792,102,1,17.15
29467,9792,140,1,13.39
29468,9793,28,1,549.50
29469,9793,170,1,16.89
29470,9793,64,3,50.42
29471,9793,39,3,380.34
29472,9794,21,3,540.25
29473,9794,41,3,224.09
29474,9794,193,4,94.03
29475,9794,65,2,153.24
29476,9795,60,1,179.81
29477,9795,23,2,311.08
29478,9795,93,1,318.36
29479,9795,87,4,282.19
29480,9796,161,2,9.08
29481,9797,57,3,51.30
29482,9798,126,2,25.37
29483,9798,186,1,118.92
29484,9798,146,4,27.35
29485,9799,96,2,48.32
29486,9799,198,4,49.14
29487,9799,182,1,100.88
29488,9799,80,3,253.61
29489,9799,192,1,14.31
29490,9800,84,2,198.78
29491,9800,87,1,282.19
29492,9800,112,2,307.14
29493,9800,107,3,368.95
29494,9800,21,4,540.25
29495,9801,117,1,298.11
29496,9801,31,2,609.25
29497,9802,65,2,153.24
29498,9802,91,3,265.75
29499,9802,144,1,46.06
29500,9802,9,1,746.78
29501,9803,44,3,168.63
29502,9803,32,2,574.26
29503,9803,23,1,311.08
29504,9804,195,3,97.24
29505,9805,176,1,24.47
29506,9805,81,4,310.43
29507,9805,59,3,264.27
29508,9805,97,2,388.13
29509,9805,64,2,50.42
29510,9806,34,2,426.41
29511,9806,3,2,136.62
29512,9807,193,1,94.03
29513,9807,19,3,816.54
29514,9807,44,3,168.63
29515,9808,163,4,81.90
29516,9808,2,2,239.88
29517,9808,161,3,9.08
29518,9809,173,2,93.51
29519,9809,155,1,24.51
29520,9810,41,4,224.09
29521,9811,40,4,633.55
29522,9811,59,3,264.27
29523,9811,112,1,307.14
29524,9812,57,1,51.30
29525,9812,6,1,871.62
29526,9813,161,3,9.08
29527,9813,30,4,281.92
29528,9813,113,2,78.35
29529,9813,123,4,37.05
29530,9813,71,2,271.85
29531,9814,119,1,390.51
29532,9815,152,4,48.13
29533,9816,101,1,329.79
29534,9816,81,4,310.43
29535,9817,29,2,665.28
29536,9817,101,4,329.79
29537,9818,117,1,298.11
29538,9818,89,2,183.76
29539,9818,77,2,28.30
29540,9818,95,4,418.23
29541,9819,106,2,377.39
29542,9819,173,1,93.51
29543,9819,31,4,609.25
29544,9819,192,3,14.31
29545,9820,83,1,88.66
29546,9820,102,2,17.15
29547,9820,103,4,258.65
29548,9821,157,4,19.33
29549,9822,31,4,609.25
29550,9822,66,3,60.34
29551,9823,82,3,164.45
29552,9823,79,2,233.68
29553,9823,91,4,265.75
29554,9824,167,2,106.22
29555,9824,49,2,182.19
29556,9824,19,1,816.54
29557,9824,34,1,426.41
29558,9824,36,3,558.56
29559,9825,21,3,540.25
29560,9825,101,4,329.79
29561,9825,79,3,233.68
29562,9825,163,4,81.90
29563,9825,176,3,24.47
29564,9826,67,4,39.92
29565,9826,101,1,329.79
29566,9827,109,2,191.43
29567,9827,34,2,426.41
29568,9827,42,3,81.37
29569,9828,22,2,129.18
29570,9829,67,3,39.92
29571,9830,169,4,96.92
29572,9830,103,3,258.65
29573,9830,25,1,250.49
29574,9830,158,3,59.27
29575,9830,195,3,97.24
29576,9831,190,4,109.95
29577,9832,83,3,88.66
29578,9832,198,2,49.14
29579,9832,167,1,106.22
29580,9833,169,1,96.92
29581,9833,118,2,259.42
29582,9833,115,2,308.68
29583,9833,63,3,293.35
29584,9834,21,3,540.25
29585,9834,149,3,28.06
29586,9834,85,4,126.48
29587,9834,94,2,281.05
29588,9835,9,1,746.78
29589,9835,132,2,33.38
29590,9835,112,3,307.14
29591,9836,161,2,9.08
29592,9836,92,4,391.62
29593,9837,76,1,248.97
29594,9838,116,1,163.33
29595,9839,198,2,49.14
29596,9840,48,4,206.81
29597,9841,92,4,391.62
29598,9841,8,2,743.01
29599,9842,177,1,103.55
29600,9842,40,3,633.55
29601,9842,193,1,94.03
29602,9843,59,1,264.27
29603,9843,134,1,19.36
29604,9844,24,1,811.59
29605,9844,25,4,250.49
29606,9844,84,1,198.78
29607,9844,71,4,271.85
29608,9845,138,4,54.31
29609,9845,105,1,27.39
29610,9845,3,4,136.62
29611,9845,13,2,522.46
29612,9846,110,3,431.78
29613,9846,3,4,136.62
29614,9846,107,2,368.95
29615,9846,82,3,164.45
29616,9846,9,2,746.78
29617,9847,46,1,30.13
29618,9847,150,2,45.00
29619,9847,70,2,47.08
29620,9847,166,3,61.71
29621,9848,107,4,368.95
29622,9848,143,3,59.98
29623,9848,144,1,46.06
29624,9849,92,3,391.62
29625,9849,66,3,60.34
29626,9850,121,4,40.24
29627,9850,140,3,13.39
29628,9850,34,4,426.41
29629,9850,184,2,93.38
29630,9850,17,2,446.15
29631,9851,3,1,136.62
29632,9851,177,1,103.55
29633,9851,176,3,24.47
29634,9852,196,3,66.42
29635,9852,131,2,51.37
29636,9852,40,4,633.55
29637,9853,188,1,16.87
29638,9853,79,2,233.68
29639,9853,184,4,93.38
29640,9853,66,3,60.34
29641,9854,190,4,109.95
29642,9854,11,4,691.54
29643,9854,46,4,30.13
29644,9855,64,2,50.42
29645,9856,13,1,522.46
29646,9856,188,2,16.87
29647,9857,124,3,44.55
29648,9857,174,4,114.93
29649,9857,125,4,32.57
29650,9857,105,1,27.39
29651,9857,26,4,43.63
29652,9858,43,2,30.78
29653,9858,106,3,377.39
29654,9858,5,3,294.97
29655,9858,164,2,69.89
29656,9859,167,2,106.22
29657,9860,94,1,281.05
29658,9860,136,4,16.82
29659,9861,91,4,265.75
29660,9861,122,3,11.28
29661,9861,83,1,88.66
29662,9862,154,1,6.98
29663,9862,170,4,16.89
29664,9862,27,3,225.51
29665,9863,164,3,69.89
29666,9863,77,1,28.30
29667,9863,194,2,74.31
29668,9864,92,3,391.62
29669,9864,95,1,418.23
29670,9864,167,3,106.22
29671,9864,11,4,691.54
29672,9865,4,4,327.69
29673,9866,198,4,49.14
29674,9866,79,2,233.68
29675,9866,185,4,4.70
29676,9866,156,1,47.44
29677,9866,29,1,665.28
29678,9867,135,3,53.76
29679,9867,125,3,32.57
29680,9867,162,4,21.49
29681,9867,75,3,108.00
29682,9868,162,1,21.49
29683,9868,194,2,74.31
29684,9868,96,3,48.32
29685,9869,35,3,291.27
29686,9869,187,3,12.37
29687,9870,154,2,6.98
29688,9870,134,1,19.36
29689,9870,139,4,26.08
29690,9871,70,3,47.08
29691,9871,160,2,45.74
29692,9871,168,2,4.90
29693,9872,183,3,92.22
29694,9872,64,2,50.42
29695,9872,132,2,33.38
29696,9872,125,1,32.57
29697,9872,34,3,426.41
29698,9873,9,1,746.78
29699,9873,36,1,558.56
29700,9874,10,2,273.35
29701,9875,60,4,179.81
29702,9875,189,4,57.74
29703,9875,152,1,48.13
29704,9875,128,3,46.60
29705,9875,32,2,574.26
29706,9876,188,4,16.87
29707,9877,149,4,28.06
29708,9877,146,1,27.35
29709,9877,146,2,27.35
29710,9877,20,4,150.57
29711,9877,98,2,324.18
29712,9878,183,3,92.22
29713,9878,195,3,97.24
29714,9878,155,4,24.51
29715,9878,114,3,386.72
29716,9879,8,2,743.01
29717,9879,98,4,324.18
29718,9879,45,3,150.59
29719,9880,113,2,78.35
29720,9880,117,1,298.11
29721,9880,77,3,28.30
29722,9881,78,1,92.26
29723,9882,102,4,17.15
29724,9882,134,3,19.36
29725,9882,97,2,388.13
29726,9883,138,3,54.31
29727,9884,118,2,259.42
29728,9884,37,1,429.72
29729,9885,2,1,239.88
29730,9886,19,4,816.54
29731,9886,181,1,13.99
29732,9887,5,1,294.97
29733,9887,175,3,53.39
29734,9887,85,4,126.48
29735,9888,151,1,53.45
29736,9888,27,3,225.51
29737,9888,57,2,51.30
29738,9889,84,4,198.78
29739,9889,6,1,871.62
29740,9889,166,4,61.71
29741,9890,75,1,108.00
29742,9890,121,4,40.24
29743,9890,2,2,239.88
29744,9890,143,1,59.98
29745,9890,10,2,273.35
29746,9891,101,1,329.79
29747,9891,62,3,205.44
29748,9892,62,1,205.44
29749,9892,99,3,151.45
29750,9893,39,3,380.34
29751,9893,27,3,225.51
29752,9893,9,2,746.78
29753,9894,146,2,27.35
29754,9895,65,4,153.24
29755,9895,41,4,224.09
29756,9895,155,1,24.51
29757,9896,73,3,25.03
29758,9896,109,2,191.43
29759,9896,181,4,13.99
29760,9896,65,2,153.24
29761,9897,30,2,281.92
29762,9897,111,2,295.40
29763,9897,65,2,153.24
29764,9897,62,1,205.44
29765,9897,193,3,94.03
29766,9898,161,3,9.08
29767,9898,74,3,54.80
29768,9899,5,3,294.97
29769,9899,60,4,179.81
29770,9899,58,2,199.52
29771,9899,186,1,118.92
29772,9900,67,3,39.92
29773,9900,9,1,746.78
29774,9900,94,1,281.05
29775,9901,127,4,45.09
29776,9901,83,2,88.66
29777,9901,153,4,53.97
29778,9902,44,3,168.63
29779,9903,25,3,250.49
29780,9903,29,4,665.28
29781,9903,131,2,51.37
29782,9903,150,3,45.00
29783,9903,169,1,96.92
29784,9904,75,3,108.00
29785,9904,130,3,40.37
29786,9905,18,4,293.07
29787,9906,28,3,549.50
29788,9906,136,4,16.82
29789,9906,20,1,150.57
29790,9906,181,4,13.99
29791,9907,193,1,94.03
29792,9907,45,4,150.59
29793,9908,48,4,206.81
29794,9908,128,3,46.60
29795,9909,152,1,48.13
29796,9909,154,3,6.98
29797,9909,192,2,14.31
29798,9909,108,3,231.27
29799,9910,54,4,52.55
29800,9910,103,1,258.65
29801,9910,197,3,63.01
29802,9910,105,3,27.39
29803,9911,46,3,30.13
29804,9911,56,1,174.98
29805,9911,104,1,42.38
29806,9912,164,2,69.89
29807,9913,36,4,558.56
29808,9913,14,2,750.61
29809,9913,66,1,60.34
29810,9913,39,3,380.34
29811,9914,44,3,168.63
29812,9914,162,3,21.49
29813,9914,117,4,298.11
29814,9915,12,3,788.04
29815,9916,123,2,37.05
29816,9916,170,3,16.89
29817,9916,25,4,250.49
29818,9916,31,2,609.25
29819,9917,113,1,78.35
29820,9917,45,3,150.59
29821,9918,8,3,743.01
29822,9918,115,4,308.68
29823,9918,48,3,206.81
29824,9918,47,4,66.78
29825,9919,175,3,53.39
29826,9919,190,4,109.95
29827,9920,118,4,259.42
29828,9920,105,4,27.39
29829,9920,115,1,308.68
29830,9921,76,2,248.97
29831,9921,164,2,69.89
29832,9921,128,4,46.60
29833,9921,182,2,100.88
29834,9921,179,1,29.88
29835,9922,106,2,377.39
29836,9922,90,4,370.03
29837,9923,109,1,191.43
29838,9924,164,1,69.89
29839,9925,83,3,88.66
29840,9925,98,4,324.18
29841,9925,29,1,665.28
29842,9925,192,3,14.31
29843,9926,38,1,117.99
29844,9926,116,3,163.33
29845,9927,53,2,108.74
29846,9927,103,4,258.65
29847,9928,115,1,308.68
29848,9928,56,1,174.98
29849,9929,98,4,324.18
29850,9930,180,4,109.81
29851,9931,135,1,53.76
29852,9931,17,3,446.15
29853,9931,158,3,59.27
29854,9931,102,4,17.15
29855,9931,95,1,418.23
29856,9932,184,3,93.38
29857,9932,31,4,609.25
29858,9933,174,4,114.93
29859,9934,179,2,29.88
29860,9934,146,1,27.35
29861,9934,73,3,25.03
29862,9935,187,1,12.37
29863,9935,71,4,271.85
29864,9935,65,3,153.24
29865,9935,16,1,537.37
29866,9935,196,2,66.42
29867,9936,21,1,540.25
29868,9937,200,1,21.95
29869,9937,15,2,875.17
29870,9937,60,3,179.81
29871,9938,71,2,271.85
29872,9938,30,2,281.92
29873,9938,94,2,281.05
29874,9939,118,2,259.42
29875,9939,67,4,39.92
29876,9939,4,3,327.69
29877,9939,182,2,100.88
29878,9939,16,2,537.37
29879,9940,3,2,136.62
29880,9941,128,1,46.60
29881,9941,83,4,88.66
29882,9941,82,4,164.45
29883,9941,152,2,48.13
29884,9942,10,1,273.35
29885,9942,37,2,429.72
29886,9942,123,4,37.05
29887,9942,2,2,239.88
29888,9943,158,2,59.27
29889,9943,39,4,380.34
29890,9944,182,1,100.88
29891,9944,107,3,368.95
29892,9944,20,3,150.57
29893,9945,46,2,30.13
29894,9945,20,3,150.57
29895,9946,178,2,39.29
29896,9946,95,3,418.23
29897,9946,104,3,42.38
29898,9946,112,3,307.14
29899,9947,39,2,380.34
29900,9948,118,2,259.42
29901,9948,165,1,65.60
29902,9948,79,3,233.68
29903,9948,81,1,310.43
29904,9948,196,1,66.42
29905,9949,56,2,174.98
29906,9949,55,4,247.20
29907,9949,128,4,46.60
29908,9950,97,1,388.13
29909,9950,87,1,282.19
29910,9950,186,3,118.92
29911,9950,142,2,36.11
29912,9950,32,1,574.26
29913,9951,111,4,295.40
29914,9951,154,2,6.98
29915,9951,55,3,247.20
29916,9951,140,2,13.39
29917,9951,146,3,27.35
29918,9952,109,3,191.43
29919,9952,169,3,96.92
29920,9952,186,1,118.92
29921,9952,44,1,168.63
29922,9953,110,3,431.78
29923,9953,71,1,271.85
29924,9954,132,2,33.38
29925,9954,78,4,92.26
29926,9954,32,2,574.26
29927,9954,200,1,21.95
29928,9955,92,2,391.62
29929,9955,159,3,26.55
29930,9955,178,4,39.29
29931,9955,46,4,30.13
29932,9956,184,1,93.38
29933,9956,96,4,48.32
29934,9956,186,2,118.92
29935,9956,27,3,225.51
29936,9957,49,1,182.19
29937,9957,145,2,16.73
29938,9957,54,2,52.55
29939,9958,52,2,47.09
29940,9959,182,2,100.88
29941,9959,9,3,746.78
29942,9959,66,2,60.34
29943,9959,14,2,750.61
29944,9959,43,3,30.78
29945,9960,100,3,86.91
29946,9960,87,2,282.19
29947,9960,29,3,665.28
29948,9961,160,2,45.74
29949,9961,127,2,45.09
29950,9961,32,3,574.26
29951,9961,44,4,168.63
29952,9962,107,4,368.95
29953,9963,132,2,33.38
29954,9964,154,1,6.98
29955,9964,5,3,294.97
29956,9964,137,2,16.72
29957,9964,67,1,39.92
29958,9964,128,1,46.60
29959,9965,104,4,42.38
29960,9966,59,1,264.27
29961,9966,192,1,14.31
29962,9967,172,4,66.83
29963,9967,132,4,33.38
29964,9967,97,3,388.13
29965,9967,91,3,265.75
29966,9968,32,3,574.26
29967,9968,132,2,33.38
29968,9969,181,4,13.99
29969,9969,146,2,27.35
29970,9970,182,2,100.88
29971,9970,99,1,151.45
29972,9971,50,4,237.25
29973,9972,156,4,47.44
29974,9973,101,3,329.79
29975,9973,21,4,540.25
29976,9974,90,3,370.03
29977,9974,193,1,94.03
29978,9974,28,1,549.50
29979,9975,116,4,163.33
29980,9975,9,1,746.78
29981,9976,71,1,271.85
29982,9977,126,2,25.37
29983,9977,31,2,609.25
29984,9977,83,4,88.66
29985,9977,188,3,16.87
29986,9978,105,1,27.39
29987,9979,43,2,30.78
29988,9979,188,4,16.87
29989,9979,162,3,21.49
29990,9980,200,1,21.95
29991,9980,44,1,168.63
29992,9980,37,2,429.72
29993,9980,156,1,47.44
29994,9980,90,2,370.03
29995,9981,85,3,126.48
29996,9981,52,3,47.09
29997,9982,92,3,391.62
29998,9982,181,4,13.99
29999,9982,74,2,54.80
30000,9982,167,1,106.22
30001,9982,139,4,26.08
30002,9983,116,1,163.33
30003,9983,39,1,380.34
30004,9983,104,4,42.38
30005,9983,123,4,37.05
30006,9983,105,3,27.39
30007,9984,152,1,48.13
30008,9984,181,1,13.99
30009,9985,130,2,40.37
30010,9985,27,3,225.51
30011,9985,143,4,59.98
30012,9985,162,1,21.49
30013,9985,44,1,168.63
30014,9986,96,4,48.32
30015,9986,43,2,30.78
30016,9986,53,1,108.74
30017,9986,54,4,52.55
30018,9986,58,1,199.52
30019,9987,31,3,609.25
30020,9987,81,3,310.43
30021,9987,158,3,59.27
30022,9987,170,1,16.89
30023,9987,184,2,93.38
30024,9988,73,3,25.03
30025,9988,38,3,117.99
30026,9988,48,1,206.81
30027,9989,115,2,308.68
30028,9989,59,2,264.27
30029,9989,152,4,48.13
30030,9990,172,3,66.83
30031,9990,28,4,549.50
30032,9990,37,1,429.72
30033,9990,72,3,207.50
30034,9991,168,3,4.90
30035,9991,188,3,16.87
30036,9991,136,1,16.82
30037,9991,40,1,633.55
30038,9991,71,2,271.85
30039,9992,173,4,93.51
30040,9992,156,1,47.44
30041,9992,164,2,69.89
30042,9992,195,1,97.24
30043,9993,118,2,259.42
30044,9993,31,2,609.25
30045,9993,136,1,16.82
30046,9993,14,3,750.61
30047,9993,146,2,27.35
30048,9994,67,4,39.92
30049,9994,162,1,21.49
30050,9994,185,2,4.70
30051,9994,181,1,13.99
30052,9995,121,3,40.24
30053,9996,167,4,106.22
30054,9996,76,4,248.97
30055,9997,95,2,418.23
30056,9997,38,3,117.99
30057,9997,67,4,39.92
30058,9997,107,2,368.95
30059,9998,130,4,40.37
30060,9998,22,4,129.18
30061,9998,46,4,30.13
30062,9998,21,2,540.25
30063,9999,65,2,153.24
30064,9999,57,1,51.30
30065,9999,78,2,92.26
30066,9999,35,2,291.27
30067,9999,130,1,40.37
30068,10000,6,3,871.62
30069,10000,149,2,28.06
