order_id,customer_id,store_id,order_date,status
1,906,12,2025-05-23,completed
2,798,9,2025-08-27,completed
3,236,16,2025-12-25,completed
4,65,15,2025-06-19,completed
5,200,3,2025-01-19,completed
6,402,5,2025-02-08,completed
7,276,10,2025-11-22,completed
8,645,5,2025-03-20,completed
9,589,6,2025-07-10,completed
10,165,6,2025-11-24,completed
11,206,14,2025-07-03,completed
12,164,9,2025-07-06,completed
13,99,4,2025-09-17,completed
14,847,4,2025-05-20,completed
15,421,18,2025-02-24,completed
16,825,9,2025-03-08,completed
17,296,14,2025-07-12,completed
18,450,12,2025-04-08,completed
19,576,1,2025-06-12,completed
20,57,20,2025-12-09,completed
21,381,14,2025-11-09,completed
22,23,8,2025-12-08,completed
23,677,4,2025-11-17,completed
24,902,6,2025-10-04,completed
25,105,9,2025-12-25,completed
26,821,2,2025-03-10,completed
27,189,14,2025-04-26,cancelled
28,622,19,2025-07-28,completed
29,557,17,2025-01-18,completed
30,42,13,2025-05-16,completed
31,596,7,2025-05-01,completed
32,489,3,2025-12-06,completed
33,715,6,2025-12-30,completed
34,832,20,2025-08-18,completed
35,970,17,2025-02-05,completed
36,914,1,2025-07-31,completed
37,111,15,2025-10-03,completed
38,194,13,2025-06-09,completed
39,888,3,2025-03-19,completed
40,651,18,2025-05-20,completed
41,221,9,2025-02-02,completed
42,952,19,2025-09-09,completed
43,402,9,2025-03-14,completed
44,996,20,2025-06-22,completed
45,196,15,2025-12-27,completed
46,892,13,2025-03-24,completed
47,555,8,2025-11-28,completed
48,793,13,2025-07-08,completed
49,691,15,2025-02-25,completed
50,10,20,2025-12-09,completed
51,186,16,2025-03-23,completed
52,582,15,2025-07-07,completed
53,335,2,2025-07-23,completed
54,526,17,2025-06-03,completed
55,413,14,2025-06-12,completed
56,203,8,2025-02-14,completed
57,251,3,2025-01-04,completed
58,35,1,2025-09-12,completed
59,989,9,2025-04-20,completed
60,742,10,2025-10-06,completed
61,927,6,2025-02-18,completed
62,861,17,2025-07-05,completed
63,599,7,2025-06-04,cancelled
64,248,9,2025-10-10,completed
65,142,1,2025-01-22,completed
66,840,14,2025-12-09,completed
67,171,8,2025-09-23,completed
68,80,17,2025-03-01,completed
69,742,9,2025-10-16,completed
70,892,20,2025-07-18,completed
71,917,17,2025-07-03,cancelled
72,424,17,2025-08-06,completed
73,551,16,2025-08-29,completed
74,410,7,2025-03-23,completed
75,435,20,2025-01-12,completed
76,156,2,2025-11-01,completed
77,619,20,2025-07-05,completed
78,702,19,2025-07-23,completed
79,117,12,2025-11-02,completed
80,235,16,2025-05-07,completed
81,855,17,2025-07-26,completed
82,64,3,2025-08-25,completed
83,922,2,2025-03-09,completed
84,908,5,2025-05-18,completed
85,849,1,2025-05-16,completed
86,373,13,2025-01-02,completed
87,37,5,2025-04-14,completed
88,774,11,2025-11-10,completed
89,382,9,2025-09-05,completed
90,997,7,2025-05-17,completed
91,610,18,2025-12-12,completed
92,878,19,2025-06-11,completed
93,396,18,2025-10-03,completed
94,171,19,2025-09-23,completed
95,464,14,2025-12-16,completed
96,225,8,2025-09-07,completed
97,275,20,2025-09-23,completed
98,347,3,2025-10-17,completed
99,261,5,2025-01-14,completed
100,821,15,2025-06-01,completed
101,613,13,2025-03-10,completed
102,625,17,2025-05-15,completed
103,28,10,2025-10-20,completed
104,958,9,2025-06-08,completed
105,442,6,2025-09-12,completed
106,444,4,2025-05-01,completed
107,614,18,2025-03-28,completed
108,356,7,2025-02-28,completed
109,416,11,2025-03-13,completed
110,786,19,2025-04-27,completed
111,470,6,2025-08-12,cancelled
112,831,18,2025-07-02,completed
113,770,7,2025-05-09,completed
114,355,12,2025-09-08,completed
115,649,19,2025-04-21,completed
116,742,2,2025-12-16,completed
117,657,9,2025-12-15,completed
118,785,10,2025-10-22,completed
119,743,9,2025-06-19,completed
120,928,2,2025-04-02,completed
121,229,6,2025-06-11,completed
122,735,3,2025-02-16,completed
123,442,17,2025-04-17,completed
124,578,3,2025-07-27,completed
125,761,14,2025-12-04,cancelled
126,105,12,2025-08-21,completed
127,325,17,2025-07-25,completed
128,321,14,2025-04-12,completed
129,163,3,2025-01-27,completed
130,798,7,2025-09-08,completed
131,383,20,2025-12-06,cancelled
132,596,4,2025-04-08,completed
133,25,4,2025-12-04,completed
134,438,20,2025-01-31,completed
135,484,10,2025-05-07,completed
136,136,1,2025-02-15,completed
137,970,12,2025-04-19,completed
138,239,9,2025-01-15,completed
139,888,20,2025-12-08,completed
140,107,2,2025-08-27,completed
141,200,10,2025-04-01,completed
142,882,12,2025-07-08,cancelled
143,68,8,2025-10-16,completed
144,58,2,2025-03-30,completed
145,184,13,2025-03-19,completed
146,586,1,2025-11-05,completed
147,139,18,2025-06-16,completed
148,58,6,2025-06-16,completed
149,361,4,2025-04-27,cancelled
150,145,15,2025-07-20,completed
151,395,8,2025-10-29,completed
152,163,10,2025-01-19,completed
153,816,6,2025-11-11,cancelled
154,747,16,2025-08-11,completed
155,586,20,2025-10-29,completed
156,950,14,2025-09-11,completed
157,409,18,2025-07-11,completed
158,848,5,2025-06-06,completed
159,245,2,2025-12-13,completed
160,587,17,2025-03-29,completed
161,873,2,2025-12-16,completed
162,468,1,2025-10-03,completed
163,331,3,2025-11-30,completed
164,438,19,2025-11-23,completed
165,994,2,2025-10-02,completed
166,81,4,2025-05-14,completed
167,821,20,2025-10-14,completed
168,563,12,2025-11-10,cancelled
169,966,16,2025-10-21,completed
170,672,8,2025-08-09,completed
171,623,19,2025-01-05,completed
172,683,18,2025-06-06,completed
173,541,1,2025-02-21,completed
174,796,4,2025-08-02,completed
175,320,2,2025-05-29,completed
176,817,5,2025-07-16,completed
177,787,19,2025-11-23,completed
178,367,9,2025-10-18,completed
179,441,7,2025-07-23,completed
180,696,1,2025-09-23,completed
181,786,7,2025-12-24,cancelled
182,982,4,2025-10-25,completed
183,51,10,2025-09-20,completed
184,300,20,2025-01-22,completed
185,327,15,2025-09-29,cancelled
186,520,19,2025-01-29,completed
187,294,1,2025-12-28,completed
188,17,17,2025-10-24,completed
189,872,16,2025-11-10,completed
190,311,20,2025-12-12,completed
191,791,16,2025-03-15,completed
192,388,19,2025-07-30,cancelled
193,666,16,2025-12-25,completed
194,983,5,2025-11-02,completed
195,206,16,2025-10-07,completed
196,920,14,2025-05-24,completed
197,528,16,2025-08-25,completed
198,26,8,2025-08-17,completed
199,489,1,2025-04-01,completed
200,680,16,2025-07-09,completed
201,145,3,2025-01-11,completed
202,170,8,2025-12-23,completed
203,130,15,2025-03-09,completed
204,361,4,2025-01-22,completed
205,584,18,2025-04-22,completed
206,936,17,2025-09-02,cancelled
207,242,6,2025-03-05,completed
208,209,19,2025-03-03,completed
209,885,8,2025-01-19,completed
210,444,14,2025-02-18,completed
211,595,17,2025-09-01,completed
212,649,10,2025-08-16,completed
213,51,20,2025-01-13,completed
214,417,2,2025-07-24,completed
215,96,11,2025-05-04,completed
216,47,6,2025-07-12,completed
217,30,9,2025-10-10,completed
218,202,10,2025-12-19,completed
219,653,13,2025-07-22,completed
220,475,1,2025-01-12,completed
221,572,10,2025-08-24,completed
222,231,5,2025-01-21,completed
223,796,20,2025-11-24,completed
224,811,3,2025-06-22,completed
225,24,17,2025-03-22,completed
226,772,16,2025-04-10,completed
227,951,4,2025-06-24,completed
228,633,7,2025-11-07,completed
229,836,14,2025-01-11,completed
230,272,14,2025-11-20,completed
231,29,4,2025-12-17,completed
232,395,13,2025-07-01,completed
233,937,13,2025-10-03,completed
234,1000,20,2025-03-03,completed
235,40,2,2025-02-10,completed
236,174,10,2025-05-06,completed
237,844,19,2025-04-08,completed
238,743,3,2025-05-31,completed
239,431,20,2025-01-16,completed
240,746,12,2025-07-15,completed
241,139,7,2025-10-05,completed
242,275,9,2025-05-20,completed
243,213,9,2025-03-23,completed
244,152,7,2025-10-09,completed
245,744,6,2025-11-01,completed
246,741,12,2025-03-19,completed
247,449,20,2025-09-16,completed
248,222,14,2025-02-20,completed
249,306,18,2025-11-12,completed
250,171,7,2025-10-14,completed
251,121,17,2025-02-01,completed
252,690,4,2025-02-17,completed
253,913,5,2025-10-25,completed
254,131,6,2025-06-10,cancelled
255,605,7,2025-08-11,completed
256,999,9,2025-12-18,completed
257,374,4,2025-07-19,completed
258,245,5,2025-01-17,completed
259,20,4,2025-07-23,completed
260,217,1,2025-08-22,completed
261,774,18,2025-10-12,completed
262,975,9,2025-03-27,completed
263,478,5,2025-06-06,completed
264,689,13,2025-12-21,completed
265,988,14,2025-04-09,completed
266,490,18,2025-03-24,completed
267,920,17,2025-07-30,completed
268,198,5,2025-07-25,completed
269,668,15,2025-08-15,completed
270,795,4,2025-09-02,completed
271,743,10,2025-05-10,completed
272,390,17,2025-08-31,completed
273,439,14,2025-08-26,completed
274,290,6,2025-07-06,completed
275,255,8,2025-12-18,completed
276,792,14,2025-08-02,completed
277,580,9,2025-08-31,completed
278,206,17,2025-05-07,completed
279,822,11,2025-01-20,completed
280,687,2,2025-07-12,completed
281,434,15,2025-10-24,completed
282,306,5,2025-05-19,completed
283,872,1,2025-01-05,completed
284,502,7,2025-02-21,completed
285,2,18,2025-06-06,completed
286,95,10,2025-05-28,completed
287,675,20,2025-09-25,completed
288,428,4,2025-06-10,completed
289,920,10,2025-12-06,completed
290,879,10,2025-02-28,completed
291,329,15,2025-03-14,completed
292,531,16,2025-07-23,completed
293,32,9,2025-09-17,completed
294,225,11,2025-05-29,completed
295,316,7,2025-05-19,completed
296,953,19,2025-07-29,completed
297,553,8,2025-09-01,completed
298,89,10,2025-12-04,completed
299,845,3,2025-07-27,completed
300,158,20,2025-06-26,completed
301,210,10,2025-11-13,completed
302,764,18,2025-08-31,completed
303,323,9,2025-12-19,completed
304,168,15,2025-12-03,completed
305,206,3,2025-09-01,completed
306,69,15,2025-05-05,cancelled
307,916,18,2025-09-30,completed
308,820,3,2025-08-01,completed
309,28,14,2025-09-29,completed
310,612,8,2025-09-03,completed
311,119,8,2025-03-07,completed
312,395,2,2025-06-09,completed
313,609,4,2025-04-18,completed
314,768,17,2025-01-30,completed
315,181,5,2025-11-27,completed
316,599,13,2025-06-08,completed
317,812,10,2025-10-16,completed
318,26,3,2025-02-19,completed
319,715,6,2025-01-07,completed
320,305,12,2025-06-28,completed
321,128,3,2025-04-10,completed
322,379,3,2025-12-20,completed
323,709,18,2025-11-06,completed
324,591,18,2025-03-27,completed
325,122,12,2025-04-26,completed
326,724,7,2025-03-15,completed
327,15,15,2025-06-09,completed
328,597,16,2025-03-25,completed
329,504,16,2025-06-18,completed
330,260,17,2025-10-27,completed
331,127,20,2025-04-06,completed
332,151,16,2025-08-15,completed
333,787,11,2025-06-27,completed
334,318,17,2025-07-05,completed
335,920,15,2025-04-08,completed
336,699,7,2025-05-04,completed
337,374,20,2025-01-14,completed
338,348,11,2025-05-29,completed
339,946,6,2025-06-10,completed
340,728,11,2025-05-21,completed
341,49,7,2025-04-07,completed
342,367,3,2025-11-29,completed
343,204,10,2025-11-10,completed
344,629,19,2025-08-22,cancelled
345,910,19,2025-03-28,completed
346,688,10,2025-10-13,completed
347,914,19,2025-01-14,completed
348,413,1,2025-04-15,completed
349,898,5,2025-09-07,completed
350,186,16,2025-08-19,completed
351,703,17,2025-05-09,completed
352,154,2,2025-03-12,completed
353,978,12,2025-08-13,cancelled
354,52,1,2025-11-29,completed
355,954,13,2025-09-23,completed
356,587,5,2025-01-23,completed
357,152,10,2025-01-27,completed
358,290,10,2025-11-06,completed
359,587,19,2025-06-02,completed
360,907,5,2025-07-06,completed
361,368,1,2025-01-20,completed
362,682,19,2025-06-28,completed
363,799,12,2025-04-07,completed
364,376,6,2025-04-09,completed
365,956,20,2025-10-28,completed
366,14,7,2025-11-02,completed
367,483,3,2025-12-08,completed
368,501,4,2025-09-24,completed
369,779,8,2025-07-19,completed
370,230,1,2025-11-26,completed
371,228,10,2025-05-27,completed
372,415,1,2025-04-05,completed
373,310,14,2025-06-05,completed
374,705,19,2025-11-30,completed
375,81,8,2025-11-20,completed
376,17,20,2025-05-06,completed
377,979,9,2025-07-02,completed
378,411,13,2025-05-25,completed
379,119,16,2025-12-03,completed
380,978,14,2025-12-04,completed
381,146,5,2025-05-27,completed
382,754,9,2025-08-02,completed
383,515,5,2025-05-13,completed
384,844,17,2025-11-29,completed
385,125,4,2025-04-28,completed
386,150,2,2025-02-07,completed
387,346,11,2025-01-28,completed
388,636,4,2025-03-28,completed
389,975,10,2025-11-28,completed
390,121,13,2025-08-13,completed
391,661,1,2025-10-29,completed
392,952,8,2025-07-14,completed
393,373,3,2025-09-24,completed
394,23,4,2025-04-25,completed
395,815,1,2025-02-14,completed
396,154,14,2025-11-16,completed
397,208,16,2025-01-28,completed
398,156,13,2025-05-06,completed
399,605,6,2025-09-24,completed
400,787,6,2025-06-25,completed
401,274,20,2025-08-10,completed
402,591,13,2025-08-25,completed
403,459,1,2025-10-04,completed
404,304,12,2025-03-28,completed
405,535,12,2025-02-27,completed
406,778,1,2025-09-05,completed
407,468,10,2025-06-07,completed
408,111,17,2025-05-21,completed
409,98,2,2025-12-04,completed
410,912,9,2025-12-24,completed
411,202,9,2025-02-09,completed
412,137,10,2025-03-10,completed
413,284,15,2025-11-03,completed
414,337,14,2025-05-03,completed
415,704,17,2025-07-31,cancelled
416,360,17,2025-06-14,completed
417,593,4,2025-09-06,cancelled
418,171,20,2025-07-29,completed
419,884,9,2025-06-18,completed
420,804,10,2025-11-14,completed
421,16,17,2025-10-31,completed
422,48,6,2025-06-11,completed
423,458,12,2025-01-22,completed
424,413,1,2025-02-18,completed
425,699,8,2025-05-20,completed
426,759,20,2025-09-12,completed
427,913,5,2025-01-30,completed
428,945,5,2025-01-11,completed
429,89,17,2025-03-17,completed
430,776,4,2025-05-06,completed
431,214,11,2025-06-14,completed
432,409,17,2025-01-23,completed
433,392,11,2025-01-11,cancelled
434,400,15,2025-06-13,completed
435,642,14,2025-12-12,completed
436,947,15,2025-02-21,completed
437,268,4,2025-07-08,completed
438,578,13,2025-05-18,completed
439,486,4,2025-05-01,completed
440,715,19,2025-07-15,completed
441,685,4,2025-05-03,completed
442,625,7,2025-03-25,completed
443,183,12,2025-09-11,completed
444,574,17,2025-10-13,completed
445,284,9,2025-04-28,completed
446,389,3,2025-10-24,completed
447,452,5,2025-01-22,completed
448,24,16,2025-01-02,completed
449,278,17,2025-10-08,completed
450,605,15,2025-04-24,completed
451,45,2,2025-06-09,completed
452,96,5,2025-03-02,completed
453,705,15,2025-09-16,completed
454,160,5,2025-09-20,completed
455,133,16,2025-02-08,completed
456,150,15,2025-02-16,completed
457,232,14,2025-08-19,completed
458,658,11,2025-09-12,completed
459,42,18,2025-06-10,completed
460,119,10,2025-12-20,completed
461,954,10,2025-06-04,completed
462,681,19,2025-09-21,completed
463,409,4,2025-05-20,completed
464,793,3,2025-05-31,completed
465,769,1,2025-11-03,completed
466,264,10,2025-06-20,completed
467,537,17,2025-10-22,completed
468,486,14,2025-11-24,completed
469,42,13,2025-03-23,completed
470,855,3,2025-12-13,completed
471,257,20,2025-08-11,completed
472,329,6,2025-10-10,completed
473,738,16,2025-11-22,completed
474,825,4,2025-09-08,completed
475,124,18,2025-01-11,completed
476,492,4,2025-05-14,completed
477,13,5,2025-12-10,completed
478,851,1,2025-12-01,completed
479,750,13,2025-04-20,completed
480,480,14,2025-02-02,completed
481,630,8,2025-12-25,completed
482,200,20,2025-08-22,completed
483,873,16,2025-11-16,completed
484,997,11,2025-01-10,completed
485,767,13,2025-12-11,completed
486,700,13,2025-12-30,completed
487,471,8,2025-11-30,completed
488,476,2,2025-01-28,completed
489,88,19,2025-12-31,completed
490,185,3,2025-10-30,completed
491,484,14,2025-05-25,cancelled
492,363,17,2025-11-05,cancelled
493,631,12,2025-04-15,completed
494,865,15,2025-08-11,cancelled
495,165,12,2025-05-31,completed
496,153,7,2025-05-15,completed
497,412,20,2025-08-24,completed
498,51,14,2025-08-26,completed
499,872,12,2025-02-10,completed
500,973,3,2025-02-21,completed
501,725,15,2025-02-10,completed
502,990,4,2025-01-23,completed
503,657,12,2025-02-17,completed
504,577,2,2025-02-01,completed
505,282,8,2025-05-22,completed
506,952,7,2025-06-21,completed
507,829,14,2025-05-12,completed
508,137,11,2025-11-13,completed
509,467,6,2025-06-19,completed
510,644,14,2025-11-01,completed
511,778,10,2025-06-29,completed
512,969,3,2025-12-08,completed
513,662,18,2025-09-29,completed
514,132,9,2025-03-19,completed
515,512,13,2025-07-15,completed
516,779,19,2025-09-05,completed
517,816,3,2025-09-27,completed
518,637,8,2025-12-28,completed
519,864,14,2025-12-31,completed
520,905,15,2025-12-18,completed
521,933,7,2025-12-19,completed
522,842,3,2025-07-31,completed
523,874,12,2025-12-27,completed
524,713,11,2025-04-27,completed
525,624,1,2025-11-07,completed
526,377,10,2025-11-10,completed
527,155,12,2025-08-14,completed
528,333,15,2025-12-26,completed
529,856,3,2025-12-25,completed
530,313,9,2025-02-06,completed
531,564,12,2025-04-27,completed
532,734,17,2025-06-19,completed
533,689,11,2025-07-22,completed
534,592,6,2025-11-10,completed
535,5,19,2025-09-03,completed
536,114,11,2025-12-12,completed
537,238,8,2025-10-03,cancelled
538,872,1,2025-04-27,completed
539,516,10,2025-11-18,completed
540,119,16,2025-12-11,completed
541,573,18,2025-04-12,completed
542,572,13,2025-08-24,completed
543,73,7,2025-05-12,completed
544,773,15,2025-02-02,completed
545,228,5,2025-07-19,completed
546,576,11,2025-05-24,completed
547,327,19,2025-01-01,completed
548,757,2,2025-08-04,completed
549,465,4,2025-12-18,completed
550,178,7,2025-09-23,completed
551,190,19,2025-03-24,completed
552,786,20,2025-04-10,completed
553,657,6,2025-03-25,completed
554,95,17,2025-02-28,cancelled
555,633,17,2025-07-07,completed
556,489,4,2025-04-23,completed
557,196,7,2025-12-29,completed
558,78,15,2025-07-26,completed
559,971,1,2025-04-22,completed
560,375,18,2025-07-24,cancelled
561,473,12,2025-11-25,completed
562,763,7,2025-03-03,completed
563,323,5,2025-02-28,completed
564,855,11,2025-09-17,completed
565,781,2,2025-12-13,completed
566,73,1,2025-04-20,completed
567,120,1,2025-10-10,completed
568,634,16,2025-02-24,completed
569,496,1,2025-05-22,completed
570,172,5,2025-11-12,completed
571,530,20,2025-03-30,completed
572,451,7,2025-08-02,completed
573,222,1,2025-02-13,completed
574,646,19,2025-04-28,completed
575,158,13,2025-06-22,completed
576,77,17,2025-01-11,completed
577,851,10,2025-04-04,completed
578,587,4,2025-08-11,completed
579,988,1,2025-01-13,completed
580,271,10,2025-04-20,completed
581,565,7,2025-07-15,completed
582,784,5,2025-01-03,completed
583,5,6,2025-03-14,cancelled
584,479,18,2025-08-20,completed
585,481,13,2025-07-18,completed
586,801,13,2025-06-16,completed
587,923,20,2025-12-03,completed
588,826,18,2025-07-13,completed
589,384,17,2025-09-20,completed
590,418,11,2025-09-07,completed
591,525,14,2025-03-26,completed
592,500,16,2025-12-07,completed
593,520,18,2025-05-01,completed
594,745,3,2025-02-08,cancelled
595,318,10,2025-11-20,completed
596,21,9,2025-06-11,completed
597,734,1,2025-04-02,completed
598,885,9,2025-12-12,completed
599,881,8,2025-03-01,completed
600,138,17,2025-08-19,completed
601,665,18,2025-07-05,completed
602,903,10,2025-01-18,completed
603,813,16,2025-10-12,completed
604,130,16,2025-01-05,completed
605,869,12,2025-03-30,completed
606,797,14,2025-01-16,completed
607,92,1,2025-12-08,completed
608,827,5,2025-03-27,completed
609,341,17,2025-08-02,completed
610,388,9,2025-10-20,completed
611,596,4,2025-04-08,completed
612,618,10,2025-10-26,completed
613,333,11,2025-01-12,completed
614,85,11,2025-04-25,completed
615,6,2,2025-07-21,completed
616,713,14,2025-10-26,completed
617,470,10,2025-01-02,completed
618,733,5,2025-10-06,completed
619,786,16,2025-06-12,completed
620,671,3,2025-03-20,completed
621,556,20,2025-03-28,completed
622,997,12,2025-01-10,completed
623,90,1,2025-03-02,completed
624,393,16,2025-05-07,completed
625,363,16,2025-05-07,completed
626,272,13,2025-02-26,completed
627,513,15,2025-10-10,completed
628,526,11,2025-10-07,completed
629,366,14,2025-04-03,completed
630,391,1,2025-01-18,completed
631,100,16,2025-07-12,completed
632,94,15,2025-08-30,completed
633,892,8,2025-03-07,completed
634,93,19,2025-02-01,completed
635,950,17,2025-10-15,completed
636,420,2,2025-12-02,completed
637,668,10,2025-01-07,completed
638,62,16,2025-12-27,completed
639,134,7,2025-06-19,completed
640,113,14,2025-01-05,completed
641,252,18,2025-03-13,completed
642,989,1,2025-02-19,completed
643,440,11,2025-02-21,completed
644,451,10,2025-06-22,completed
645,945,12,2025-05-14,completed
646,642,14,2025-01-31,completed
647,100,9,2025-10-06,completed
648,908,17,2025-06-09,completed
649,63,11,2025-05-04,completed
650,766,17,2025-06-14,completed
651,795,7,2025-10-15,cancelled
652,538,20,2025-05-22,completed
653,359,10,2025-02-05,cancelled
654,688,6,2025-04-13,completed
655,987,19,2025-09-06,completed
656,435,8,2025-09-18,completed
657,50,1,2025-06-03,completed
658,408,8,2025-05-27,completed
659,176,14,2025-03-04,completed
660,202,8,2025-09-06,completed
661,188,20,2025-08-28,completed
662,203,18,2025-04-30,completed
663,591,2,2025-03-11,completed
664,298,6,2025-12-31,completed
665,972,19,2025-01-09,completed
666,123,9,2025-11-29,completed
667,296,18,2025-08-09,completed
668,331,13,2025-07-31,completed
669,646,13,2025-08-20,completed
670,675,3,2025-08-07,completed
671,678,20,2025-05-17,completed
672,211,10,2025-11-04,completed
673,865,2,2025-08-22,completed
674,663,9,2025-06-18,completed
675,819,18,2025-06-25,completed
676,582,12,2025-05-16,completed
677,608,19,2025-08-03,completed
678,381,20,2025-05-28,completed
679,986,19,2025-06-26,completed
680,516,3,2025-01-02,completed
681,650,2,2025-04-16,completed
682,143,15,2025-02-06,completed
683,967,14,2025-06-02,completed
684,564,18,2025-08-01,completed
685,322,4,2025-07-14,completed
686,110,4,2025-09-09,completed
687,426,14,2025-06-12,completed
688,237,5,2025-05-04,completed
689,66,5,2025-10-05,completed
690,457,5,2025-11-01,completed
691,619,14,2025-09-13,completed
692,763,10,2025-11-17,completed
693,451,4,2025-09-25,completed
694,794,1,2025-06-16,completed
695,975,13,2025-04-04,completed
696,77,1,2025-01-18,completed
697,523,16,2025-08-01,completed
698,132,16,2025-08-19,completed
699,172,20,2025-08-11,completed
700,724,14,2025-12-08,completed
701,726,4,2025-09-22,completed
702,303,5,2025-07-25,completed
703,773,13,2025-02-17,completed
704,97,1,2025-11-10,completed
705,387,10,2025-03-26,completed
706,793,14,2025-10-16,completed
707,94,18,2025-10-05,completed
708,197,2,2025-04-24,completed
709,481,19,2025-03-17,completed
710,877,20,2025-02-27,completed
711,95,15,2025-06-28,completed
712,41,2,2025-11-24,completed
713,827,11,2025-11-25,completed
714,318,18,2025-01-07,completed
715,546,16,2025-04-14,completed
716,648,16,2025-04-18,completed
717,753,15,2025-02-12,completed
718,149,2,2025-11-07,completed
719,537,13,2025-02-27,completed
720,686,16,2025-02-19,completed
721,881,4,2025-04-16,completed
722,378,15,2025-08-24,completed
723,206,1,2025-06-18,completed
724,97,20,2025-11-18,completed
725,973,6,2025-12-05,completed
726,80,13,2025-07-29,cancelled
727,551,19,2025-09-06,completed
728,533,3,2025-02-19,completed
729,802,10,2025-08-28,completed
730,126,12,2025-04-20,completed
731,280,10,2025-09-12,completed
732,133,9,2025-06-11,completed
733,178,16,2025-06-02,completed
734,173,9,2025-11-23,completed
735,496,10,2025-03-27,completed
736,698,12,2025-02-22,completed
737,239,20,2025-05-26,cancelled
738,365,19,2025-10-05,completed
739,685,8,2025-01-10,completed
740,312,6,2025-07-24,completed
741,112,12,2025-11-28,completed
742,919,4,2025-04-30,completed
743,616,7,2025-07-14,completed
744,84,17,2025-03-19,completed
745,457,13,2025-03-30,cancelled
746,645,6,2025-08-23,completed
747,572,13,2025-09-04,completed
748,871,2,2025-02-04,completed
749,227,10,2025-05-18,completed
750,371,16,2025-05-13,completed
751,534,15,2025-12-09,completed
752,9,1,2025-11-20,completed
753,56,7,2025-10-11,completed
754,378,9,2025-01-06,completed
755,903,9,2025-02-21,completed
756,273,16,2025-04-11,completed
757,684,5,2025-09-19,completed
758,929,2,2025-02-16,completed
759,614,5,2025-02-23,completed
760,722,8,2025-02-15,completed
761,195,20,2025-05-02,completed
762,828,7,2025-02-18,completed
763,375,9,2025-10-04,completed
764,715,14,2025-08-20,completed
765,926,14,2025-02-15,cancelled
766,206,6,2025-02-09,completed
767,584,20,2025-10-02,completed
768,265,17,2025-08-09,cancelled
769,453,10,2025-11-07,completed
770,784,14,2025-11-10,completed
771,473,3,2025-06-21,completed
772,856,6,2025-07-03,completed
773,857,13,2025-01-02,completed
774,27,8,2025-11-08,completed
775,650,16,2025-10-09,completed
776,116,15,2025-04-21,completed
777,62,20,2025-06-25,completed
778,933,10,2025-05-19,completed
779,723,7,2025-04-11,completed
780,590,7,2025-11-26,completed
781,206,2,2025-01-07,completed
782,466,10,2025-01-11,cancelled
783,292,12,2025-10-03,completed
784,544,19,2025-07-29,completed
785,966,8,2025-03-15,completed
786,580,1,2025-06-08,completed
787,243,20,2025-08-30,completed
788,202,14,2025-06-23,cancelled
789,632,18,2025-04-29,completed
790,756,4,2025-10-01,completed
791,262,1,2025-08-23,completed
792,420,7,2025-03-29,completed
793,427,15,2025-01-23,completed
794,251,12,2025-03-22,completed
795,69,18,2025-11-09,completed
796,288,15,2025-09-18,completed
797,334,5,2025-12-26,completed
798,699,5,2025-09-06,completed
799,625,18,2025-01-09,completed
800,926,17,2025-01-03,completed
801,810,13,2025-11-28,cancelled
802,963,17,2025-07-14,completed
803,902,14,2025-08-14,completed
804,380,9,2025-09-30,cancelled
805,122,4,2025-02-20,completed
806,739,4,2025-10-25,completed
807,171,3,2025-11-20,completed
808,536,1,2025-08-28,completed
809,767,11,2025-04-17,completed
810,809,1,2025-11-01,completed
811,356,15,2025-08-14,completed
812,487,14,2025-03-20,completed
813,182,1,2025-09-29,completed
814,23,7,2025-12-11,completed
815,667,6,2025-03-07,completed
816,558,20,2025-04-16,completed
817,709,12,2025-05-12,completed
818,590,17,2025-11-08,completed
819,832,7,2025-07-13,completed
820,252,12,2025-09-12,completed
821,781,1,2025-01-27,completed
822,652,7,2025-10-25,completed
823,234,8,2025-02-28,completed
824,974,20,2025-05-12,completed
825,387,12,2025-12-13,completed
826,214,5,2025-12-30,completed
827,271,15,2025-09-23,completed
828,464,3,2025-09-11,completed
829,454,10,2025-06-20,completed
830,768,13,2025-05-03,completed
831,622,7,2025-03-14,completed
832,626,13,2025-11-08,completed
833,770,1,2025-04-24,completed
834,896,8,2025-04-04,completed
835,8,17,2025-01-22,completed
836,823,1,2025-04-29,cancelled
837,151,3,2025-01-23,completed
838,122,20,2025-05-25,completed
839,931,16,2025-10-15,completed
840,652,13,2025-09-21,completed
841,736,15,2025-11-13,completed
842,167,16,2025-12-30,cancelled
843,879,8,2025-01-29,completed
844,248,7,2025-06-01,completed
845,914,7,2025-08-08,completed
846,744,9,2025-03-07,completed
847,173,4,2025-12-07,completed
848,550,1,2025-08-15,completed
849,441,7,2025-08-03,completed
850,895,8,2025-11-21,completed
851,260,5,2025-06-15,completed
852,136,14,2025-07-04,completed
853,728,7,2025-10-03,completed
854,942,17,2025-03-08,completed
855,903,13,2025-04-07,completed
856,214,16,2025-12-25,completed
857,78,20,2025-07-14,completed
858,161,7,2025-01-16,completed
859,574,10,2025-01-11,completed
860,387,9,2025-04-22,completed
861,761,2,2025-09-28,completed
862,593,8,2025-06-02,completed
863,447,6,2025-01-30,cancelled
864,73,2,2025-05-17,completed
865,385,13,2025-01-24,completed
866,676,15,2025-10-03,completed
867,756,10,2025-11-07,completed
868,265,4,2025-01-13,completed
869,752,19,2025-12-09,completed
870,538,1,2025-06-04,completed
871,396,15,2025-03-25,completed
872,102,5,2025-05-02,completed
873,162,18,2025-10-02,cancelled
874,67,1,2025-09-04,completed
875,161,17,2025-04-28,completed
876,438,6,2025-01-22,completed
877,559,11,2025-06-14,completed
878,339,18,2025-06-01,completed
879,744,3,2025-12-04,completed
880,782,10,2025-07-13,completed
881,157,6,2025-04-09,completed
882,7,5,2025-02-27,completed
883,787,2,2025-08-08,completed
884,946,12,2025-07-06,completed
885,510,7,2025-10-31,completed
886,335,10,2025-09-11,completed
887,498,18,2025-09-19,completed
888,253,11,2025-01-22,completed
889,320,14,2025-10-06,completed
890,50,13,2025-08-19,completed
891,183,5,2025-03-31,completed
892,457,15,2025-01-04,completed
893,516,15,2025-04-21,completed
894,453,19,2025-06-30,completed
895,339,4,2025-07-13,completed
896,737,18,2025-05-30,completed
897,496,10,2025-08-31,completed
898,238,3,2025-07-19,completed
899,135,2,2025-04-09,completed
900,97,17,2025-12-10,completed
901,730,10,2025-05-29,completed
902,940,8,2025-12-28,completed
903,653,8,2025-09-25,completed
904,414,12,2025-12-22,completed
905,138,9,2025-02-15,completed
906,683,20,2025-01-11,cancelled
907,76,8,2025-01-13,completed
908,834,19,2025-07-31,completed
909,735,19,2025-08-08,completed
910,435,12,2025-07-16,completed
911,19,20,2025-05-17,completed
912,764,6,2025-07-07,completed
913,994,19,2025-07-19,completed
914,63,3,2025-10-11,completed
915,822,8,2025-12-15,completed
916,900,9,2025-12-25,completed
917,446,16,2025-09-16,completed
918,435,20,2025-05-28,completed
919,108,17,2025-04-01,completed
920,256,8,2025-11-11,completed
921,216,3,2025-12-03,completed
922,758,17,2025-04-27,completed
923,31,15,2025-05-06,completed
924,606,19,2025-10-28,completed
925,933,20,2025-05-15,completed
926,546,16,2025-04-16,completed
927,891,7,2025-08-04,completed
928,184,14,2025-04-19,completed
929,998,14,2025-02-06,completed
930,782,4,2025-01-09,completed
931,112,20,2025-09-26,completed
932,846,5,2025-02-22,completed
933,586,11,2025-03-29,completed
934,686,15,2025-06-17,completed
935,933,4,2025-07-08,completed
936,116,20,2025-11-14,completed
937,106,9,2025-04-21,completed
938,365,14,2025-02-27,completed
939,403,1,2025-03-25,completed
940,78,7,2025-09-03,completed
941,854,17,2025-10-26,completed
942,318,3,2025-10-31,completed
943,493,11,2025-02-06,completed
944,296,6,2025-11-29,completed
945,255,12,2025-11-24,completed
946,597,15,2025-01-27,completed
947,476,3,2025-09-16,completed
948,17,17,2025-02-07,completed
949,463,3,2025-03-11,completed
950,176,4,2025-05-12,completed
951,882,3,2025-05-14,completed
952,365,17,2025-09-26,completed
953,872,3,2025-04-17,completed
954,705,1,2025-06-30,completed
955,604,18,2025-03-16,completed
956,557,18,2025-08-25,completed
957,174,9,2025-05-17,completed
958,979,16,2025-08-26,completed
959,608,9,2025-03-11,completed
960,5,15,2025-08-29,completed
961,564,18,2025-03-08,completed
962,566,7,2025-04-20,completed
963,846,5,2025-01-08,completed
964,762,2,2025-11-30,completed
965,356,5,2025-01-22,completed
966,71,19,2025-10-14,completed
967,440,3,2025-01-06,completed
968,382,10,2025-11-25,completed
969,817,18,2025-12-05,completed
970,984,8,2025-10-18,completed
971,292,3,2025-05-19,completed
972,859,19,2025-02-20,completed
973,440,18,2025-04-05,completed
974,943,14,2025-01-11,completed
975,401,5,2025-06-02,completed
976,715,15,2025-02-13,completed
977,249,14,2025-09-14,completed
978,343,11,2025-03-05,completed
979,853,8,2025-10-14,cancelled
980,908,15,2025-12-07,completed
981,911,16,2025-02-25,completed
982,816,4,2025-01-30,completed
983,484,20,2025-08-31,completed
984,397,15,2025-08-15,completed
985,134,2,2025-04-15,completed
986,390,20,2025-03-17,cancelled
987,888,3,2025-05-10,completed
988,170,7,2025-06-05,completed
989,949,9,2025-06-02,completed
990,777,1,2025-09-21,completed
991,602,12,2025-01-24,completed
992,81,9,2025-12-24,cancelled
993,879,10,2025-04-18,cancelled
994,38,6,2025-09-30,completed
995,128,6,2025-09-01,completed
996,163,15,2025-02-19,completed
997,837,4,2025-11-28,completed
998,574,4,2025-10-14,completed
999,187,6,2025-12-10,completed
1000,409,5,2025-09-25,completed
1001,948,8,2025-12-01,completed
1002,742,3,2025-01-07,completed
1003,8,11,2025-07-04,completed
1004,796,18,2025-07-12,completed
1005,5,18,2025-07-22,completed
1006,167,9,2025-01-16,completed
1007,680,19,2025-01-14,completed
1008,839,18,2025-07-19,completed
1009,405,3,2025-01-07,completed
1010,889,3,2025-02-07,completed
1011,34,20,2025-05-15,completed
1012,781,4,2025-06-25,completed
1013,998,7,2025-01-29,completed
1014,444,14,2025-03-06,completed
1015,803,8,2025-02-11,completed
1016,653,13,2025-11-21,completed
1017,380,13,2025-01-18,completed
1018,764,6,2025-05-05,completed
1019,472,2,2025-10-12,completed
1020,822,20,2025-08-27,completed
1021,670,14,2025-09-02,completed
1022,445,9,2025-10-04,completed
1023,783,11,2025-09-11,completed
1024,774,15,2025-09-07,completed
1025,514,14,2025-12-31,completed
1026,598,7,2025-02-13,completed
1027,300,5,2025-11-05,completed
1028,463,6,2025-02-09,cancelled
1029,127,13,2025-04-06,completed
1030,13,13,2025-05-17,completed
1031,709,16,2025-10-15,completed
1032,775,16,2025-04-23,completed
1033,809,12,2025-11-26,completed
1034,715,3,2025-04-06,completed
1035,783,6,2025-05-29,completed
1036,59,8,2025-07-20,completed
1037,846,11,2025-03-19,completed
1038,278,6,2025-05-23,completed
1039,106,7,2025-02-22,completed
1040,459,12,2025-05-07,completed
1041,895,13,2025-05-11,cancelled
1042,85,18,2025-12-18,completed
1043,980,5,2025-10-27,completed
1044,821,15,2025-01-15,completed
1045,935,7,2025-03-16,completed
1046,184,20,2025-04-24,completed
1047,16,9,2025-11-14,completed
1048,175,1,2025-10-27,completed
1049,756,7,2025-01-01,completed
1050,390,15,2025-07-15,completed
1051,288,6,2025-09-03,completed
1052,335,11,2025-08-23,completed
1053,112,15,2025-01-02,completed
1054,721,11,2025-06-11,completed
1055,379,7,2025-02-23,completed
1056,671,14,2025-08-17,completed
1057,368,3,2025-11-17,completed
1058,522,3,2025-04-30,completed
1059,524,10,2025-01-20,completed
1060,611,13,2025-11-07,completed
1061,181,1,2025-02-24,completed
1062,674,19,2025-03-29,completed
1063,274,13,2025-06-11,completed
1064,400,4,2025-03-08,completed
1065,511,8,2025-05-15,cancelled
1066,55,13,2025-08-05,completed
1067,15,19,2025-06-12,completed
1068,552,9,2025-03-02,completed
1069,155,13,2025-11-19,completed
1070,256,17,2025-02-10,cancelled
1071,35,8,2025-10-05,completed
1072,625,11,2025-04-10,completed
1073,31,18,2025-12-05,completed
1074,462,11,2025-11-16,completed
1075,501,6,2025-04-21,completed
1076,182,1,2025-11-23,cancelled
1077,431,2,2025-09-28,completed
1078,625,18,2025-06-25,completed
1079,317,2,2025-11-09,completed
1080,18,14,2025-08-26,completed
1081,592,2,2025-10-30,completed
1082,548,2,2025-11-23,completed
1083,261,12,2025-12-27,completed
1084,896,3,2025-08-27,completed
1085,807,4,2025-07-27,completed
1086,840,14,2025-06-20,completed
1087,762,3,2025-11-29,completed
1088,108,19,2025-07-09,completed
1089,358,14,2025-11-14,completed
1090,249,7,2025-04-13,completed
1091,406,2,2025-03-29,completed
1092,132,1,2025-07-03,completed
1093,199,11,2025-02-15,completed
1094,903,8,2025-04-26,completed
1095,241,17,2025-11-30,completed
1096,178,7,2025-01-31,completed
1097,313,2,2025-04-27,completed
1098,600,7,2025-02-01,cancelled
1099,449,13,2025-02-26,completed
1100,491,17,2025-10-07,completed
1101,932,15,2025-07-18,completed
1102,843,12,2025-11-06,completed
1103,301,20,2025-11-27,completed
1104,460,16,2025-03-25,completed
1105,519,14,2025-05-09,completed
1106,818,18,2025-08-01,completed
1107,647,18,2025-05-01,completed
1108,271,16,2025-02-27,completed
1109,897,20,2025-05-20,completed
1110,577,5,2025-03-02,completed
1111,461,12,2025-05-14,completed
1112,836,6,2025-07-02,completed
1113,834,5,2025-09-17,completed
1114,615,19,2025-12-10,completed
1115,290,7,2025-10-05,completed
1116,868,12,2025-03-12,completed
1117,333,2,2025-02-02,completed
1118,154,4,2025-10-04,completed
1119,840,2,2025-09-03,completed
1120,915,11,2025-01-18,completed
1121,390,6,2025-09-16,cancelled
1122,170,9,2025-06-03,completed
1123,971,4,2025-12-03,completed
1124,606,11,2025-07-14,completed
1125,265,12,2025-05-11,cancelled
1126,364,6,2025-11-22,completed
1127,498,6,2025-06-18,completed
1128,255,3,2025-04-17,completed
1129,728,7,2025-02-15,completed
1130,852,11,2025-05-27,cancelled
1131,206,18,2025-01-20,completed
1132,41,7,2025-07-30,completed
1133,478,15,2025-07-18,completed
1134,791,9,2025-03-16,completed
1135,429,14,2025-06-26,completed
1136,702,18,2025-03-01,completed
1137,475,4,2025-03-05,completed
1138,122,19,2025-11-10,completed
1139,461,10,2025-07-30,completed
1140,329,1,2025-06-30,completed
1141,293,6,2025-07-10,completed
1142,433,18,2025-10-20,completed
1143,604,8,2025-07-26,completed
1144,468,11,2025-11-01,completed
1145,645,20,2025-01-07,completed
1146,540,7,2025-03-30,completed
1147,176,10,2025-09-03,completed
1148,438,2,2025-01-29,cancelled
1149,273,17,2025-05-04,completed
1150,462,17,2025-09-08,completed
1151,465,18,2025-09-25,completed
1152,504,15,2025-06-23,completed
1153,717,7,2025-01-05,completed
1154,449,8,2025-06-18,completed
1155,659,1,2025-12-03,completed
1156,769,10,2025-04-13,completed
1157,157,7,2025-08-01,completed
1158,228,5,2025-10-16,completed
1159,50,13,2025-10-30,completed
1160,558,15,2025-10-13,cancelled
1161,898,12,2025-12-01,completed
1162,748,19,2025-06-13,completed
1163,194,17,2025-06-02,completed
1164,573,18,2025-10-16,completed
1165,740,20,2025-09-26,completed
1166,574,4,2025-10-31,completed
1167,207,10,2025-05-26,completed
1168,421,8,2025-05-22,completed
1169,174,20,2025-11-03,completed
1170,157,6,2025-01-05,cancelled
1171,191,19,2025-10-13,completed
1172,863,15,2025-05-14,completed
1173,872,19,2025-09-11,completed
1174,197,1,2025-06-19,completed
1175,469,9,2025-12-23,completed
1176,128,18,2025-04-28,completed
1177,136,9,2025-02-26,completed
1178,626,13,2025-06-30,completed
1179,112,3,2025-12-20,completed
1180,977,14,2025-07-21,completed
1181,210,14,2025-11-30,completed
1182,632,13,2025-10-28,completed
1183,747,17,2025-10-02,completed
1184,533,1,2025-04-05,completed
1185,659,18,2025-10-02,completed
1186,752,2,2025-11-29,completed
1187,438,4,2025-03-14,completed
1188,367,11,2025-03-13,completed
1189,561,19,2025-06-07,completed
1190,557,20,2025-09-30,completed
1191,522,2,2025-02-04,completed
1192,224,14,2025-07-11,completed
1193,267,20,2025-04-11,completed
1194,544,14,2025-08-29,completed
1195,719,3,2025-01-28,completed
1196,561,14,2025-09-25,completed
1197,941,14,2025-04-11,completed
1198,236,16,2025-01-09,completed
1199,951,9,2025-04-20,completed
1200,467,5,2025-12-16,completed
1201,177,2,2025-05-29,completed
1202,216,5,2025-02-24,completed
1203,254,10,2025-10-19,completed
1204,433,3,2025-01-10,cancelled
1205,242,5,2025-12-18,completed
1206,846,13,2025-04-10,completed
1207,834,17,2025-10-19,completed
1208,787,14,2025-08-28,completed
1209,4,4,2025-06-07,completed
1210,967,19,2025-07-01,completed
1211,18,19,2025-03-09,completed
1212,129,5,2025-12-08,completed
1213,233,10,2025-06-25,completed
1214,239,20,2025-07-03,completed
1215,462,5,2025-09-23,completed
1216,774,5,2025-08-02,completed
1217,309,19,2025-10-20,completed
1218,455,18,2025-05-24,completed
1219,636,2,2025-02-18,completed
1220,350,6,2025-03-29,completed
1221,331,4,2025-04-14,completed
1222,243,19,2025-01-20,completed
1223,570,16,2025-04-03,completed
1224,55,5,2025-04-15,completed
1225,944,8,2025-02-27,completed
1226,389,8,2025-08-06,completed
1227,886,11,2025-01-12,completed
1228,696,13,2025-09-09,completed
1229,155,13,2025-03-25,completed
1230,347,18,2025-10-24,completed
1231,113,4,2025-05-06,completed
1232,518,3,2025-12-07,completed
1233,154,6,2025-05-23,completed
1234,521,3,2025-03-16,completed
1235,716,10,2025-02-22,completed
1236,826,12,2025-03-22,completed
1237,196,15,2025-07-20,completed
1238,747,10,2025-01-02,completed
1239,772,20,2025-09-07,completed
1240,613,5,2025-07-04,completed
1241,607,5,2025-01-31,completed
1242,418,8,2025-01-11,completed
1243,313,10,2025-12-30,completed
1244,217,12,2025-04-17,completed
1245,805,7,2025-07-10,completed
1246,691,4,2025-11-01,completed
1247,561,17,2025-02-04,completed
1248,34,9,2025-12-29,completed
1249,484,19,2025-11-20,completed
1250,112,15,2025-11-10,completed
1251,723,10,2025-02-16,completed
1252,224,7,2025-01-07,cancelled
1253,55,3,2025-08-19,completed
1254,32,12,2025-03-16,completed
1255,901,15,2025-08-01,completed
1256,509,1,2025-05-13,completed
1257,290,11,2025-05-27,completed
1258,796,9,2025-01-29,completed
1259,374,3,2025-04-09,completed
1260,129,13,2025-11-02,completed
1261,573,5,2025-06-23,completed
1262,482,3,2025-02-18,completed
1263,431,9,2025-07-17,completed
1264,862,3,2025-12-05,completed
1265,537,9,2025-06-28,completed
1266,819,4,2025-03-05,cancelled
1267,876,9,2025-06-21,completed
1268,503,7,2025-10-07,completed
1269,33,13,2025-01-07,completed
1270,654,20,2025-02-28,completed
1271,398,5,2025-10-05,completed
1272,46,4,2025-04-12,completed
1273,93,6,2025-10-10,completed
1274,795,3,2025-04-19,completed
1275,725,10,2025-07-09,completed
1276,228,9,2025-12-28,completed
1277,470,2,2025-10-07,cancelled
1278,426,19,2025-01-15,cancelled
1279,362,12,2025-04-06,completed
1280,146,8,2025-06-10,completed
1281,65,8,2025-06-28,completed
1282,753,13,2025-01-10,completed
1283,840,2,2025-12-06,completed
1284,314,2,2025-07-07,completed
1285,178,17,2025-01-12,completed
1286,819,9,2025-10-20,completed
1287,80,14,2025-07-04,completed
1288,318,6,2025-11-22,cancelled
1289,219,18,2025-01-11,completed
1290,943,15,2025-06-22,completed
1291,131,7,2025-02-18,completed
1292,428,14,2025-10-15,completed
1293,284,10,2025-12-10,completed
1294,688,3,2025-12-19,completed
1295,701,16,2025-12-04,completed
1296,611,5,2025-10-15,completed
1297,373,2,2025-10-26,completed
1298,20,18,2025-12-27,completed
1299,514,10,2025-01-15,completed
1300,590,11,2025-11-10,completed
1301,387,13,2025-06-25,completed
1302,462,13,2025-05-25,completed
1303,301,2,2025-12-08,completed
1304,107,4,2025-10-26,completed
1305,804,20,2025-07-04,completed
1306,663,15,2025-10-02,completed
1307,319,12,2025-03-18,completed
1308,396,9,2025-09-28,completed
1309,42,9,2025-12-13,completed
1310,1,5,2025-09-27,completed
1311,466,18,2025-06-25,completed
1312,853,7,2025-10-28,completed
1313,922,6,2025-03-25,completed
1314,223,5,2025-05-30,completed
1315,783,15,2025-05-26,cancelled
1316,333,7,2025-02-10,completed
1317,421,7,2025-08-25,completed
1318,950,6,2025-01-08,completed
1319,759,15,2025-05-07,completed
1320,308,8,2025-02-04,completed
1321,349,12,2025-02-08,completed
1322,855,12,2025-03-08,completed
1323,901,6,2025-01-14,completed
1324,660,9,2025-04-25,completed
1325,322,11,2025-08-19,completed
1326,423,10,2025-08-19,completed
1327,546,8,2025-08-22,completed
1328,857,13,2025-02-10,completed
1329,178,18,2025-10-21,completed
1330,959,15,2025-10-19,completed
1331,738,8,2025-09-20,completed
1332,568,11,2025-09-06,completed
1333,879,15,2025-10-30,completed
1334,827,2,2025-08-31,completed
1335,157,16,2025-01-08,completed
1336,862,10,2025-06-13,completed
1337,134,7,2025-09-29,completed
1338,899,9,2025-11-07,completed
1339,694,2,2025-01-14,completed
1340,422,12,2025-07-29,completed
1341,953,19,2025-06-13,completed
1342,538,11,2025-12-01,completed
1343,985,2,2025-03-28,completed
1344,619,2,2025-11-03,completed
1345,389,4,2025-07-23,completed
1346,726,8,2025-07-27,completed
1347,693,10,2025-02-04,completed
1348,758,3,2025-11-07,completed
1349,562,9,2025-02-20,completed
1350,62,17,2025-04-02,completed
1351,232,7,2025-03-20,completed
1352,194,5,2025-09-09,completed
1353,197,10,2025-06-07,completed
1354,224,8,2025-10-24,completed
1355,440,3,2025-04-22,completed
1356,814,15,2025-05-30,completed
1357,237,6,2025-07-16,completed
1358,548,20,2025-09-29,completed
1359,11,10,2025-03-04,completed
1360,938,7,2025-12-24,completed
1361,105,7,2025-03-20,completed
1362,906,1,2025-06-17,completed
1363,479,6,2025-09-21,completed
1364,953,15,2025-11-21,completed
1365,989,3,2025-11-23,completed
1366,991,2,2025-07-04,completed
1367,364,6,2025-12-24,cancelled
1368,887,19,2025-12-05,completed
1369,694,4,2025-05-28,completed
1370,949,8,2025-07-09,completed
1371,921,14,2025-04-14,completed
1372,460,5,2025-07-21,cancelled
1373,401,4,2025-05-12,completed
1374,788,5,2025-09-01,completed
1375,380,1,2025-11-04,completed
1376,130,5,2025-07-09,completed
1377,788,4,2025-07-28,completed
1378,11,17,2025-09-18,completed
1379,802,9,2025-08-10,completed
1380,552,2,2025-04-18,completed
1381,672,14,2025-07-03,completed
1382,423,12,2025-05-19,completed
1383,335,6,2025-10-28,completed
1384,186,1,2025-10-19,completed
1385,837,13,2025-03-22,completed
1386,295,19,2025-02-11,completed
1387,943,16,2025-04-06,completed
1388,592,14,2025-02-13,completed
1389,20,5,2025-08-06,completed
1390,427,19,2025-09-17,completed
1391,691,4,2025-04-27,completed
1392,711,20,2025-09-04,completed
1393,315,4,2025-03-06,completed
1394,542,14,2025-06-05,completed
1395,369,16,2025-06-24,completed
1396,343,8,2025-12-03,completed
1397,277,17,2025-09-03,completed
1398,388,6,2025-11-12,completed
1399,857,13,2025-08-18,completed
1400,272,11,2025-08-01,completed
1401,335,9,2025-09-20,completed
1402,465,2,2025-11-09,completed
1403,272,16,2025-06-14,completed
1404,88,19,2025-04-19,completed
1405,778,12,2025-02-14,completed
1406,150,2,2025-11-17,completed
1407,424,8,2025-04-28,completed
1408,625,10,2025-11-07,completed
1409,785,2,2025-04-05,completed
1410,229,15,2025-01-19,completed
1411,744,19,2025-11-23,completed
1412,667,17,2025-05-24,cancelled
1413,918,8,2025-04-20,cancelled
1414,537,19,2025-09-16,completed
1415,928,15,2025-12-10,completed
1416,978,10,2025-10-16,completed
1417,989,12,2025-05-31,completed
1418,128,13,2025-10-30,completed
1419,856,10,2025-11-13,completed
1420,63,16,2025-10-18,completed
1421,14,12,2025-07-12,completed
1422,403,3,2025-04-06,completed
1423,19,14,2025-10-22,completed
1424,37,7,2025-02-28,completed
1425,703,15,2025-12-19,completed
1426,218,5,2025-04-06,completed
1427,192,9,2025-10-25,completed
1428,114,13,2025-11-25,completed
1429,53,16,2025-09-24,completed
1430,725,13,2025-01-23,completed
1431,775,9,2025-05-02,completed
1432,573,19,2025-05-03,completed
1433,418,11,2025-04-21,completed
1434,285,16,2025-11-04,completed
1435,400,16,2025-02-25,completed
1436,88,14,2025-07-06,completed
1437,210,15,2025-10-08,completed
1438,389,14,2025-01-05,completed
1439,855,16,2025-07-11,completed
1440,426,19,2025-12-15,completed
1441,756,5,2025-08-08,completed
1442,912,1,2025-11-03,completed
1443,303,9,2025-10-24,completed
1444,616,10,2025-03-28,completed
1445,180,17,2025-12-10,completed
1446,349,6,2025-08-03,completed
1447,256,13,2025-08-28,completed
1448,434,4,2025-05-23,completed
1449,143,13,2025-09-08,completed
1450,265,4,2025-01-21,completed
1451,374,4,2025-08-13,completed
1452,473,9,2025-11-17,completed
1453,582,3,2025-05-17,completed
1454,510,9,2025-06-20,completed
1455,40,6,2025-10-07,completed
1456,976,20,2025-10-09,completed
1457,303,16,2025-02-13,completed
1458,990,4,2025-11-29,completed
1459,483,13,2025-07-04,completed
1460,7,4,2025-04-20,completed
1461,267,3,2025-08-26,completed
1462,210,6,2025-12-04,completed
1463,592,5,2025-10-23,completed
1464,66,14,2025-11-30,completed
1465,402,14,2025-06-04,completed
1466,911,2,2025-03-26,completed
1467,369,5,2025-04-22,cancelled
1468,531,9,2025-02-06,completed
1469,840,14,2025-12-25,completed
1470,324,11,2025-01-18,completed
1471,280,19,2025-04-01,completed
1472,139,7,2025-01-17,completed
1473,779,19,2025-11-30,cancelled
1474,723,15,2025-07-05,completed
1475,345,14,2025-02-16,completed
1476,499,18,2025-03-27,completed
1477,750,20,2025-11-18,completed
1478,116,10,2025-07-23,completed
1479,811,11,2025-03-24,completed
1480,555,15,2025-05-22,completed
1481,920,18,2025-10-11,completed
1482,530,6,2025-11-16,completed
1483,201,5,2025-05-26,completed
1484,582,17,2025-02-12,completed
1485,436,16,2025-03-05,completed
1486,580,6,2025-11-27,completed
1487,711,12,2025-04-12,completed
1488,28,15,2025-04-27,completed
1489,522,5,2025-11-24,completed
1490,776,2,2025-12-12,completed
1491,946,9,2025-08-18,completed
1492,844,13,2025-05-19,completed
1493,46,14,2025-12-01,completed
1494,985,15,2025-01-16,completed
1495,789,16,2025-01-16,completed
1496,855,11,2025-10-08,completed
1497,846,19,2025-04-09,completed
1498,982,20,2025-05-18,completed
1499,89,20,2025-02-05,completed
1500,623,3,2025-10-15,cancelled
1501,27,17,2025-06-09,completed
1502,586,9,2025-10-10,completed
1503,573,10,2025-05-18,completed
1504,241,20,2025-02-07,completed
1505,552,18,2025-10-03,completed
1506,750,11,2025-12-06,completed
1507,269,5,2025-04-18,completed
1508,176,2,2025-03-16,completed
1509,158,10,2025-11-19,completed
1510,540,12,2025-01-13,completed
1511,426,14,2025-01-03,completed
1512,834,18,2025-02-27,completed
1513,979,8,2025-04-21,completed
1514,960,7,2025-03-13,completed
1515,279,2,2025-06-28,completed
1516,249,3,2025-12-07,completed
1517,937,16,2025-11-01,completed
1518,308,18,2025-11-12,completed
1519,899,17,2025-09-15,completed
1520,907,7,2025-11-03,completed
1521,251,7,2025-01-12,cancelled
1522,587,10,2025-12-12,completed
1523,782,6,2025-09-13,completed
1524,114,12,2025-01-04,completed
1525,837,14,2025-07-14,completed
1526,570,14,2025-08-28,completed
1527,972,9,2025-02-13,completed
1528,120,6,2025-02-14,completed
1529,349,13,2025-08-25,completed
1530,882,16,2025-07-07,completed
1531,993,7,2025-12-07,completed
1532,755,8,2025-11-18,completed
1533,295,19,2025-08-26,completed
1534,402,10,2025-02-20,completed
1535,471,6,2025-06-25,completed
1536,684,19,2025-09-21,cancelled
1537,792,5,2025-01-10,completed
1538,324,18,2025-04-22,completed
1539,611,11,2025-10-21,completed
1540,262,20,2025-07-20,completed
1541,845,11,2025-06-15,completed
1542,303,13,2025-08-19,completed
1543,421,2,2025-04-11,completed
1544,65,16,2025-02-17,completed
1545,684,8,2025-11-21,completed
1546,695,5,2025-09-05,completed
1547,439,5,2025-04-08,completed
1548,357,9,2025-01-22,completed
1549,133,19,2025-10-13,completed
1550,220,5,2025-07-25,completed
1551,589,1,2025-04-26,completed
1552,646,18,2025-04-21,completed
1553,64,15,2025-10-17,completed
1554,803,1,2025-05-18,completed
1555,55,1,2025-06-05,completed
1556,975,14,2025-03-18,completed
1557,310,12,2025-07-25,completed
1558,480,19,2025-06-16,completed
1559,627,15,2025-11-09,completed
1560,301,8,2025-03-30,completed
1561,481,6,2025-04-06,completed
1562,58,19,2025-09-07,completed
1563,282,6,2025-12-08,completed
1564,197,5,2025-04-30,completed
1565,915,10,2025-10-25,completed
1566,233,9,2025-07-26,completed
1567,69,14,2025-07-26,completed
1568,118,10,2025-02-19,completed
1569,177,3,2025-12-20,completed
1570,79,18,2025-10-16,completed
1571,643,19,2025-07-03,completed
1572,878,2,2025-05-07,completed
1573,444,5,2025-06-16,cancelled
1574,114,12,2025-10-09,completed
1575,518,10,2025-12-02,completed
1576,974,13,2025-04-21,completed
1577,517,10,2025-10-17,completed
1578,542,15,2025-02-25,completed
1579,765,10,2025-04-26,completed
1580,662,2,2025-08-07,completed
1581,975,10,2025-06-08,completed
1582,180,4,2025-03-08,completed
1583,751,5,2025-06-22,completed
1584,272,11,2025-05-18,cancelled
1585,357,17,2025-10-01,completed
1586,162,4,2025-05-19,completed
1587,256,5,2025-12-20,completed
1588,326,13,2025-09-23,completed
1589,71,7,2025-01-06,completed
1590,535,6,2025-09-28,completed
1591,567,12,2025-02-11,completed
1592,242,6,2025-01-17,completed
1593,12,16,2025-11-07,completed
1594,738,19,2025-03-15,completed
1595,973,18,2025-01-25,completed
1596,752,2,2025-03-28,completed
1597,718,12,2025-01-16,completed
1598,974,14,2025-12-18,completed
1599,5,3,2025-03-31,completed
1600,537,11,2025-01-15,completed
1601,280,1,2025-06-22,completed
1602,575,10,2025-12-02,completed
1603,541,7,2025-10-11,completed
1604,841,18,2025-11-21,completed
1605,598,13,2025-05-17,completed
1606,144,11,2025-08-05,completed
1607,761,15,2025-11-12,completed
1608,893,1,2025-04-03,completed
1609,841,19,2025-01-13,completed
1610,464,20,2025-01-26,completed
1611,67,10,2025-04-10,completed
1612,117,16,2025-05-21,completed
1613,71,18,2025-06-07,cancelled
1614,713,7,2025-05-15,completed
1615,542,18,2025-06-24,completed
1616,572,18,2025-09-15,completed
1617,3,4,2025-09-25,completed
1618,235,6,2025-01-02,completed
1619,926,19,2025-03-06,completed
1620,514,19,2025-09-24,completed
1621,910,12,2025-02-03,completed
1622,653,8,2025-05-28,completed
1623,425,4,2025-05-14,completed
1624,548,14,2025-03-30,cancelled
1625,672,15,2025-06-03,completed
1626,547,20,2025-02-07,completed
1627,106,16,2025-05-07,completed
1628,198,7,2025-07-23,completed
1629,577,3,2025-07-17,completed
1630,313,6,2025-01-14,completed
1631,928,14,2025-05-14,completed
1632,690,8,2025-09-15,completed
1633,135,6,2025-08-14,completed
1634,111,2,2025-04-02,completed
1635,188,1,2025-04-03,completed
1636,510,17,2025-08-21,completed
1637,53,2,2025-08-09,completed
1638,729,17,2025-05-13,completed
1639,817,6,2025-03-02,completed
1640,647,5,2025-07-19,completed
1641,980,7,2025-08-01,completed
1642,654,9,2025-10-06,completed
1643,725,8,2025-02-20,completed
1644,500,3,2025-04-05,completed
1645,774,3,2025-11-26,completed
1646,274,6,2025-05-28,completed
1647,850,18,2025-05-22,completed
1648,161,1,2025-08-15,completed
1649,738,12,2025-01-25,completed
1650,468,15,2025-08-27,completed
1651,868,7,2025-05-25,completed
1652,528,13,2025-04-05,completed
1653,979,10,2025-03-08,completed
1654,180,2,2025-08-04,completed
1655,17,2,2025-10-01,completed
1656,682,8,2025-10-27,completed
1657,327,6,2025-05-08,completed
1658,238,3,2025-08-18,completed
1659,194,7,2025-10-16,cancelled
1660,666,18,2025-07-18,completed
1661,178,17,2025-01-11,completed
1662,457,19,2025-12-06,completed
1663,269,3,2025-04-27,completed
1664,572,5,2025-07-22,completed
1665,881,17,2025-04-15,completed
1666,990,2,2025-06-11,completed
1667,584,8,2025-01-18,completed
1668,971,17,2025-05-12,completed
1669,392,9,2025-04-22,completed
1670,497,13,2025-03-11,completed
1671,467,19,2025-08-11,completed
1672,340,6,2025-09-03,completed
1673,166,10,2025-04-16,cancelled
1674,680,1,2025-11-03,cancelled
1675,539,8,2025-01-21,completed
1676,292,12,2025-03-16,completed
1677,529,20,2025-06-11,completed
1678,995,16,2025-05-28,completed
1679,313,2,2025-09-10,completed
1680,671,1,2025-08-28,completed
1681,796,12,2025-06-10,completed
1682,213,14,2025-02-28,completed
1683,579,15,2025-10-16,cancelled
1684,103,12,2025-10-04,completed
1685,585,4,2025-07-31,completed
1686,65,19,2025-08-04,completed
1687,878,10,2025-07-16,completed
1688,907,8,2025-12-18,completed
1689,164,11,2025-07-03,completed
1690,516,15,2025-12-03,completed
1691,496,10,2025-09-27,completed
1692,833,7,2025-02-11,completed
1693,37,1,2025-09-26,completed
1694,144,3,2025-08-19,completed
1695,545,8,2025-03-17,completed
1696,894,11,2025-01-28,completed
1697,358,19,2025-08-04,completed
1698,15,15,2025-09-13,completed
1699,888,19,2025-01-05,completed
1700,644,13,2025-05-26,completed
1701,882,13,2025-11-12,completed
1702,355,18,2025-04-05,completed
1703,446,4,2025-08-04,completed
1704,52,4,2025-02-25,completed
1705,897,5,2025-04-30,completed
1706,748,19,2025-02-25,completed
1707,124,17,2025-03-03,completed
1708,381,19,2025-08-31,completed
1709,182,20,2025-08-26,completed
1710,74,12,2025-01-30,completed
1711,354,6,2025-05-03,completed
1712,588,2,2025-08-17,completed
1713,200,13,2025-08-12,completed
1714,590,12,2025-08-29,completed
1715,307,4,2025-07-05,completed
1716,745,19,2025-04-14,cancelled
1717,532,3,2025-06-18,completed
1718,88,1,2025-06-28,completed
1719,507,7,2025-12-18,completed
1720,683,6,2025-02-28,completed
1721,214,8,2025-06-21,completed
1722,374,12,2025-11-15,completed
1723,22,4,2025-04-08,completed
1724,377,15,2025-04-01,completed
1725,598,2,2025-07-20,completed
1726,135,11,2025-10-29,completed
1727,939,17,2025-03-12,completed
1728,218,2,2025-10-29,completed
1729,285,19,2025-06-18,cancelled
1730,100,5,2025-08-08,completed
1731,324,15,2025-07-23,completed
1732,490,6,2025-04-18,cancelled
1733,77,1,2025-07-09,completed
1734,662,8,2025-03-02,completed
1735,668,14,2025-12-10,completed
1736,777,12,2025-07-23,completed
1737,795,3,2025-09-09,completed
1738,276,6,2025-06-18,completed
1739,171,16,2025-04-08,completed
1740,229,2,2025-03-09,completed
1741,259,13,2025-02-20,completed
1742,144,9,2025-11-05,completed
1743,795,2,2025-05-01,completed
1744,176,12,2025-01-07,completed
1745,102,19,2025-11-11,completed
1746,763,16,2025-06-29,completed
1747,986,9,2025-03-10,completed
1748,964,11,2025-01-09,completed
1749,660,8,2025-01-04,completed
1750,4,20,2025-08-24,completed
1751,17,5,2025-12-31,completed
1752,746,12,2025-08-24,completed
1753,857,13,2025-04-29,completed
1754,117,19,2025-12-22,completed
1755,998,14,2025-02-14,completed
1756,645,20,2025-07-30,completed
1757,249,9,2025-03-29,completed
1758,596,16,2025-08-24,completed
1759,432,3,2025-01-22,completed
1760,114,9,2025-03-16,completed
1761,330,12,2025-03-30,completed
1762,647,12,2025-08-14,completed
1763,475,12,2025-09-23,completed
1764,272,5,2025-11-30,completed
1765,998,3,2025-09-25,completed
1766,539,2,2025-02-01,completed
1767,443,2,2025-02-04,completed
1768,934,3,2025-01-19,completed
1769,802,12,2025-03-29,completed
1770,438,17,2025-10-14,completed
1771,523,4,2025-05-04,completed
1772,731,8,2025-04-25,cancelled
1773,214,6,2025-08-22,completed
1774,236,14,2025-11-20,completed
1775,389,2,2025-09-27,completed
1776,684,9,2025-03-09,completed
1777,227,20,2025-05-19,completed
1778,129,20,2025-10-29,completed
1779,744,3,2025-03-29,completed
1780,406,12,2025-01-11,completed
1781,18,1,2025-10-22,completed
1782,796,16,2025-04-09,completed
1783,363,3,2025-05-16,completed
1784,451,8,2025-01-15,completed
1785,842,13,2025-04-15,completed
1786,935,1,2025-04-20,completed
1787,203,4,2025-06-14,completed
1788,799,7,2025-07-23,completed
1789,842,13,2025-05-02,completed
1790,987,18,2025-09-02,completed
1791,432,15,2025-09-09,completed
1792,438,17,2025-09-04,completed
1793,689,10,2025-07-09,completed
1794,351,14,2025-11-12,completed
1795,35,19,2025-03-14,completed
1796,163,5,2025-01-08,completed
1797,114,18,2025-10-18,completed
1798,43,16,2025-12-22,completed
1799,178,1,2025-02-28,cancelled
1800,35,16,2025-10-28,completed
1801,58,12,2025-09-01,completed
1802,499,6,2025-01-29,cancelled
1803,701,16,2025-08-07,cancelled
1804,982,11,2025-07-19,completed
1805,434,4,2025-08-23,completed
1806,619,8,2025-12-18,completed
1807,764,12,2025-09-04,completed
1808,720,13,2025-11-16,completed
1809,752,9,2025-12-01,completed
1810,132,10,2025-11-01,completed
1811,864,10,2025-05-07,completed
1812,627,16,2025-03-08,completed
1813,357,17,2025-07-10,completed
1814,102,8,2025-11-25,completed
1815,246,13,2025-02-08,completed
1816,919,9,2025-03-31,completed
1817,344,3,2025-08-09,cancelled
1818,644,17,2025-07-02,completed
1819,813,11,2025-12-31,completed
1820,730,8,2025-06-14,completed
1821,256,9,2025-12-04,completed
1822,359,18,2025-08-10,completed
1823,966,19,2025-03-05,completed
1824,93,18,2025-04-24,completed
1825,398,4,2025-09-16,completed
1826,304,18,2025-04-24,completed
1827,146,8,2025-06-22,completed
1828,651,1,2025-07-06,completed
1829,147,13,2025-09-05,completed
1830,305,20,2025-09-30,completed
1831,464,3,2025-10-13,cancelled
1832,93,11,2025-04-18,completed
1833,695,18,2025-01-17,completed
1834,484,4,2025-09-10,completed
1835,100,5,2025-09-23,completed
1836,104,13,2025-03-24,completed
1837,885,14,2025-01-27,completed
1838,450,10,2025-02-12,completed
1839,956,17,2025-08-16,completed
1840,111,4,2025-12-07,completed
1841,647,12,2025-06-28,completed
1842,438,9,2025-03-04,completed
1843,398,17,2025-05-21,completed
1844,972,7,2025-09-01,completed
1845,908,1,2025-10-27,completed
1846,799,11,2025-11-19,completed
1847,234,16,2025-01-12,completed
1848,803,10,2025-10-23,completed
1849,343,6,2025-04-23,completed
1850,687,13,2025-12-27,completed
1851,229,19,2025-07-04,completed
1852,94,8,2025-10-28,completed
1853,432,8,2025-12-04,completed
1854,648,15,2025-03-31,completed
1855,627,3,2025-02-16,completed
1856,528,5,2025-08-22,completed
1857,170,12,2025-05-20,cancelled
1858,145,5,2025-06-21,completed
1859,510,10,2025-09-06,completed
1860,301,9,2025-04-21,completed
1861,159,6,2025-07-03,completed
1862,177,9,2025-02-20,completed
1863,752,10,2025-02-16,completed
1864,538,7,2025-07-03,completed
1865,418,13,2025-06-12,completed
1866,278,9,2025-07-22,completed
1867,905,2,2025-09-21,completed
1868,912,10,2025-12-02,completed
1869,123,8,2025-09-27,completed
1870,777,8,2025-01-20,completed
1871,79,1,2025-09-01,completed
1872,426,1,2025-05-16,completed
1873,579,14,2025-08-28,completed
1874,734,15,2025-05-23,completed
1875,553,8,2025-01-10,completed
1876,780,10,2025-06-21,completed
1877,111,8,2025-06-27,completed
1878,787,14,2025-05-25,completed
1879,845,20,2025-08-22,completed
1880,863,3,2025-03-02,completed
1881,355,18,2025-07-13,completed
1882,327,8,2025-10-23,completed
1883,400,2,2025-03-01,completed
1884,675,16,2025-06-18,completed
1885,422,19,2025-09-20,completed
1886,752,15,2025-11-24,completed
1887,924,8,2025-06-20,completed
1888,89,4,2025-09-29,completed
1889,206,18,2025-05-11,completed
1890,309,5,2025-06-09,completed
1891,300,12,2025-05-16,completed
1892,788,1,2025-09-29,completed
1893,479,15,2025-07-02,completed
1894,168,8,2025-11-16,completed
1895,704,17,2025-12-02,completed
1896,696,15,2025-11-29,completed
1897,153,20,2025-02-21,completed
1898,304,8,2025-06-02,completed
1899,75,9,2025-11-01,completed
1900,725,20,2025-10-12,completed
1901,561,5,2025-08-17,completed
1902,508,1,2025-11-22,completed
1903,505,9,2025-08-29,completed
1904,243,19,2025-01-10,completed
1905,845,2,2025-06-22,completed
1906,805,1,2025-06-12,completed
1907,810,14,2025-11-16,cancelled
1908,291,5,2025-11-07,completed
1909,646,4,2025-04-27,completed
1910,895,12,2025-01-22,completed
1911,372,19,2025-10-28,completed
1912,423,18,2025-10-14,completed
1913,373,11,2025-09-07,completed
1914,849,11,2025-03-12,completed
1915,231,8,2025-12-04,completed
1916,26,4,2025-03-27,completed
1917,687,18,2025-11-28,completed
1918,318,5,2025-07-17,completed
1919,728,11,2025-11-16,completed
1920,964,13,2025-05-19,completed
1921,599,11,2025-10-12,completed
1922,662,17,2025-08-06,completed
1923,258,5,2025-07-20,completed
1924,7,18,2025-12-23,completed
1925,62,15,2025-04-30,completed
1926,128,6,2025-02-16,completed
1927,660,8,2025-01-22,completed
1928,230,19,2025-10-07,completed
1929,237,16,2025-11-19,completed
1930,73,18,2025-11-18,completed
1931,835,10,2025-02-26,completed
1932,511,14,2025-01-11,completed
1933,104,13,2025-06-16,completed
1934,241,2,2025-03-23,completed
1935,896,17,2025-09-03,completed
1936,931,20,2025-10-11,completed
1937,222,4,2025-04-15,completed
1938,780,12,2025-06-19,completed
1939,959,9,2025-08-11,completed
1940,131,5,2025-12-12,completed
1941,494,5,2025-01-02,completed
1942,577,1,2025-05-06,completed
1943,188,5,2025-01-04,completed
1944,871,20,2025-07-05,completed
1945,774,19,2025-08-11,completed
1946,815,1,2025-10-15,completed
1947,274,12,2025-05-04,completed
1948,689,1,2025-05-01,completed
1949,57,12,2025-09-18,completed
1950,948,10,2025-03-31,completed
1951,37,5,2025-06-27,completed
1952,535,4,2025-01-28,completed
1953,755,8,2025-04-01,completed
1954,417,20,2025-01-02,completed
1955,825,5,2025-08-24,cancelled
1956,446,6,2025-07-25,completed
1957,788,8,2025-02-27,completed
1958,184,4,2025-02-19,completed
1959,473,16,2025-08-31,completed
1960,485,18,2025-08-22,completed
1961,88,11,2025-03-07,completed
1962,348,1,2025-10-27,completed
1963,623,13,2025-12-24,completed
1964,961,18,2025-11-05,completed
1965,381,18,2025-08-09,completed
1966,262,17,2025-04-26,completed
1967,600,10,2025-07-17,completed
1968,78,14,2025-06-18,completed
1969,927,16,2025-07-03,completed
1970,608,18,2025-04-21,cancelled
1971,763,5,2025-07-05,completed
1972,901,5,2025-10-22,completed
1973,262,20,2025-05-14,completed
1974,652,9,2025-03-28,completed
1975,400,20,2025-07-28,completed
1976,586,19,2025-08-16,completed
1977,948,14,2025-01-08,cancelled
1978,639,14,2025-03-21,completed
1979,451,1,2025-09-25,completed
1980,123,17,2025-11-06,completed
1981,352,20,2025-10-12,completed
1982,243,12,2025-03-04,completed
1983,535,12,2025-02-02,completed
1984,992,10,2025-02-06,completed
1985,794,14,2025-11-14,completed
1986,325,1,2025-10-04,completed
1987,326,10,2025-08-16,completed
1988,312,19,2025-03-18,completed
1989,137,20,2025-01-25,completed
1990,309,6,2025-01-10,completed
1991,493,17,2025-02-17,completed
1992,78,16,2025-06-25,completed
1993,304,20,2025-07-31,completed
1994,648,1,2025-06-23,completed
1995,35,18,2025-01-05,completed
1996,230,8,2025-07-29,cancelled
1997,566,3,2025-09-02,completed
1998,395,7,2025-11-12,completed
1999,243,3,2025-02-14,completed
2000,580,4,2025-10-17,completed
2001,99,2,2025-08-29,completed
2002,946,4,2025-05-03,completed
2003,709,13,2025-09-02,completed
2004,421,7,2025-05-13,cancelled
2005,73,10,2025-08-05,completed
2006,929,12,2025-12-23,completed
2007,945,19,2025-09-26,completed
2008,389,10,2025-08-25,completed
2009,687,6,2025-07-26,completed
2010,675,11,2025-10-13,completed
2011,664,14,2025-04-24,completed
2012,403,13,2025-11-13,completed
2013,191,9,2025-10-14,completed
2014,28,1,2025-07-28,completed
2015,17,9,2025-02-03,completed
2016,750,14,2025-05-21,completed
2017,913,15,2025-10-13,completed
2018,420,10,2025-08-29,completed
2019,427,15,2025-06-23,completed
2020,814,2,2025-04-13,completed
2021,300,18,2025-09-18,completed
2022,907,1,2025-10-28,completed
2023,429,15,2025-08-09,completed
2024,25,8,2025-12-27,completed
2025,693,20,2025-11-16,completed
2026,8,16,2025-06-23,completed
2027,164,6,2025-03-02,completed
2028,569,13,2025-01-01,completed
2029,738,4,2025-02-17,cancelled
2030,601,8,2025-05-12,completed
2031,145,15,2025-05-24,completed
2032,123,4,2025-05-29,completed
2033,243,17,2025-09-14,completed
2034,325,10,2025-01-11,completed
2035,443,5,2025-01-21,completed
2036,364,6,2025-04-13,completed
2037,425,7,2025-05-13,completed
2038,213,17,2025-12-26,completed
2039,231,1,2025-12-08,completed
2040,463,2,2025-01-22,completed
2041,125,12,2025-12-18,completed
2042,67,11,2025-02-18,completed
2043,933,13,2025-10-01,completed
2044,239,7,2025-03-08,completed
2045,962,4,2025-05-31,completed
2046,303,18,2025-12-18,completed
2047,799,13,2025-02-21,completed
2048,129,13,2025-07-14,completed
2049,301,13,2025-07-13,completed
2050,335,16,2025-09-09,completed
2051,582,10,2025-11-01,completed
2052,438,6,2025-02-19,completed
2053,616,2,2025-04-19,completed
2054,855,4,2025-04-24,completed
2055,374,3,2025-12-20,cancelled
2056,535,8,2025-02-20,completed
2057,175,8,2025-08-07,completed
2058,638,3,2025-06-21,completed
2059,640,6,2025-12-04,completed
2060,872,12,2025-10-25,completed
2061,519,9,2025-03-09,completed
2062,763,4,2025-03-23,completed
2063,381,19,2025-09-11,completed
2064,70,10,2025-03-09,completed
2065,743,9,2025-09-24,completed
2066,52,6,2025-04-20,completed
2067,23,11,2025-05-05,completed
2068,431,15,2025-10-13,completed
2069,440,12,2025-02-09,completed
2070,854,16,2025-04-28,completed
2071,800,15,2025-02-07,completed
2072,822,14,2025-11-27,completed
2073,465,14,2025-04-15,completed
2074,265,16,2025-04-24,cancelled
2075,790,14,2025-09-06,completed
2076,733,9,2025-01-17,completed
2077,156,15,2025-02-13,completed
2078,836,2,2025-12-06,completed
2079,269,19,2025-02-28,completed
2080,874,1,2025-04-06,completed
2081,867,19,2025-02-03,completed
2082,6,13,2025-12-02,completed
2083,262,12,2025-05-01,completed
2084,6,19,2025-11-25,completed
2085,727,19,2025-12-17,cancelled
2086,14,14,2025-03-10,completed
2087,800,5,2025-10-27,completed
2088,838,9,2025-09-17,completed
2089,817,16,2025-10-31,completed
2090,435,4,2025-06-06,completed
2091,963,2,2025-06-13,completed
2092,144,2,2025-07-29,completed
2093,899,17,2025-10-29,completed
2094,397,12,2025-04-08,completed
2095,539,19,2025-02-11,completed
2096,640,2,2025-10-20,completed
2097,705,12,2025-02-10,completed
2098,791,10,2025-12-12,completed
2099,232,20,2025-08-24,completed
2100,314,4,2025-02-05,completed
2101,445,5,2025-03-20,completed
2102,109,13,2025-12-14,completed
2103,36,14,2025-08-14,completed
2104,914,2,2025-08-12,completed
2105,980,10,2025-11-10,completed
2106,565,17,2025-02-16,completed
2107,538,15,2025-05-13,completed
2108,194,14,2025-08-20,completed
2109,703,10,2025-05-21,completed
2110,360,20,2025-08-27,completed
2111,405,15,2025-07-31,completed
2112,732,1,2025-10-22,completed
2113,125,12,2025-07-30,completed
2114,134,10,2025-09-25,completed
2115,915,13,2025-11-22,completed
2116,450,6,2025-01-07,completed
2117,611,5,2025-05-20,completed
2118,278,9,2025-03-16,completed
2119,325,13,2025-05-22,completed
2120,65,16,2025-07-02,completed
2121,977,5,2025-10-11,completed
2122,795,15,2025-12-31,completed
2123,137,8,2025-02-17,completed
2124,295,2,2025-09-28,completed
2125,767,6,2025-11-09,completed
2126,940,1,2025-10-29,completed
2127,176,20,2025-07-04,completed
2128,470,3,2025-05-28,cancelled
2129,905,10,2025-12-31,completed
2130,839,15,2025-05-14,completed
2131,871,15,2025-01-22,cancelled
2132,509,3,2025-07-17,completed
2133,401,13,2025-08-08,cancelled
2134,358,12,2025-05-10,completed
2135,413,11,2025-10-18,completed
2136,926,7,2025-03-15,completed
2137,538,2,2025-04-29,completed
2138,794,13,2025-05-27,completed
2139,520,16,2025-05-04,completed
2140,2,9,2025-03-29,completed
2141,394,11,2025-01-13,completed
2142,382,16,2025-01-18,completed
2143,713,6,2025-12-11,completed
2144,767,17,2025-07-02,completed
2145,352,8,2025-05-25,completed
2146,109,16,2025-04-12,completed
2147,400,14,2025-11-23,completed
2148,928,4,2025-06-19,completed
2149,468,3,2025-06-23,completed
2150,15,8,2025-10-07,completed
2151,78,11,2025-05-26,completed
2152,594,5,2025-01-02,completed
2153,244,1,2025-12-20,completed
2154,827,17,2025-01-29,completed
2155,750,19,2025-03-26,completed
2156,745,12,2025-02-11,completed
2157,580,10,2025-02-20,completed
2158,518,20,2025-06-02,completed
2159,340,14,2025-02-25,completed
2160,582,10,2025-06-04,completed
2161,483,14,2025-10-20,completed
2162,455,7,2025-09-20,completed
2163,34,8,2025-05-04,completed
2164,17,18,2025-10-24,completed
2165,495,3,2025-03-20,completed
2166,221,12,2025-10-27,completed
2167,355,10,2025-06-18,completed
2168,932,1,2025-10-29,completed
2169,5,2,2025-07-04,completed
2170,143,18,2025-09-26,completed
2171,193,13,2025-08-03,completed
2172,558,5,2025-01-31,completed
2173,910,6,2025-10-01,completed
2174,353,14,2025-12-03,completed
2175,59,16,2025-07-04,cancelled
2176,365,20,2025-04-02,completed
2177,653,18,2025-08-10,completed
2178,575,1,2025-11-02,completed
2179,855,18,2025-06-21,completed
2180,515,6,2025-04-03,completed
2181,599,12,2025-06-12,completed
2182,525,9,2025-02-26,completed
2183,585,3,2025-01-05,cancelled
2184,818,4,2025-03-17,completed
2185,899,6,2025-01-28,completed
2186,737,19,2025-10-16,completed
2187,656,13,2025-08-15,completed
2188,134,13,2025-01-29,completed
2189,397,9,2025-01-22,completed
2190,757,14,2025-05-08,completed
2191,684,17,2025-09-20,completed
2192,633,13,2025-06-23,completed
2193,686,19,2025-07-28,cancelled
2194,29,11,2025-04-19,cancelled
2195,422,9,2025-06-04,completed
2196,911,15,2025-08-18,completed
2197,28,2,2025-01-05,completed
2198,797,7,2025-10-28,completed
2199,202,13,2025-12-03,completed
2200,303,3,2025-03-13,completed
2201,387,18,2025-08-28,completed
2202,195,17,2025-11-13,completed
2203,79,3,2025-12-16,completed
2204,74,7,2025-03-02,completed
2205,536,10,2025-09-03,completed
2206,906,13,2025-03-14,completed
2207,373,3,2025-09-05,completed
2208,427,5,2025-01-25,completed
2209,247,13,2025-04-24,completed
2210,697,19,2025-03-01,completed
2211,735,8,2025-05-30,completed
2212,853,3,2025-07-05,completed
2213,503,17,2025-07-17,completed
2214,211,5,2025-04-04,cancelled
2215,207,6,2025-11-08,completed
2216,651,13,2025-05-25,completed
2217,652,11,2025-06-01,completed
2218,209,7,2025-09-11,cancelled
2219,543,17,2025-11-05,completed
2220,294,20,2025-10-25,completed
2221,423,3,2025-03-14,completed
2222,377,6,2025-02-27,completed
2223,368,9,2025-09-22,completed
2224,778,14,2025-06-22,completed
2225,824,12,2025-06-27,completed
2226,677,14,2025-08-22,completed
2227,560,12,2025-01-21,completed
2228,387,11,2025-10-23,completed
2229,969,12,2025-09-15,completed
2230,271,6,2025-10-06,completed
2231,397,3,2025-07-23,completed
2232,423,13,2025-02-01,completed
2233,898,5,2025-02-05,completed
2234,603,7,2025-04-25,completed
2235,542,20,2025-08-20,completed
2236,667,11,2025-01-30,completed
2237,926,18,2025-05-05,completed
2238,931,4,2025-09-15,completed
2239,179,14,2025-10-16,cancelled
2240,241,3,2025-11-14,completed
2241,733,8,2025-01-29,completed
2242,975,15,2025-10-18,completed
2243,276,13,2025-01-21,completed
2244,945,5,2025-08-12,completed
2245,753,17,2025-02-07,completed
2246,169,6,2025-10-08,completed
2247,876,13,2025-10-02,completed
2248,695,14,2025-03-19,completed
2249,175,12,2025-09-02,completed
2250,253,20,2025-04-01,completed
2251,117,4,2025-03-29,completed
2252,770,12,2025-06-25,completed
2253,257,18,2025-10-10,completed
2254,242,11,2025-12-22,completed
2255,323,15,2025-05-04,completed
2256,30,2,2025-10-24,completed
2257,131,11,2025-02-26,completed
2258,546,16,2025-05-24,cancelled
2259,928,20,2025-06-01,completed
2260,449,17,2025-09-25,completed
2261,673,11,2025-01-19,completed
2262,171,17,2025-05-05,completed
2263,353,6,2025-02-12,completed
2264,921,20,2025-07-17,completed
2265,34,14,2025-01-02,completed
2266,660,7,2025-12-12,completed
2267,436,20,2025-04-16,completed
2268,651,4,2025-07-26,completed
2269,518,4,2025-04-02,completed
2270,285,7,2025-03-03,completed
2271,860,18,2025-10-23,completed
2272,930,1,2025-12-03,completed
2273,850,1,2025-06-26,completed
2274,190,18,2025-06-22,completed
2275,562,4,2025-06-17,completed
2276,424,7,2025-09-28,completed
2277,898,2,2025-03-02,completed
2278,208,10,2025-01-04,completed
2279,15,2,2025-04-27,completed
2280,189,18,2025-03-23,completed
2281,172,12,2025-08-16,completed
2282,746,7,2025-10-11,completed
2283,10,7,2025-11-30,completed
2284,518,18,2025-10-05,completed
2285,22,16,2025-10-30,completed
2286,642,13,2025-08-13,completed
2287,837,19,2025-10-15,completed
2288,712,19,2025-02-15,completed
2289,190,16,2025-08-14,completed
2290,322,19,2025-02-03,completed
2291,643,4,2025-02-16,completed
2292,585,9,2025-12-23,completed
2293,208,4,2025-04-15,cancelled
2294,625,20,2025-07-28,completed
2295,597,2,2025-02-12,completed
2296,276,3,2025-09-03,completed
2297,50,17,2025-11-22,completed
2298,818,6,2025-07-14,completed
2299,748,4,2025-05-06,completed
2300,43,14,2025-01-09,completed
2301,798,15,2025-01-10,completed
2302,242,7,2025-05-12,completed
2303,432,5,2025-03-14,completed
2304,310,14,2025-01-31,completed
2305,48,13,2025-08-02,completed
2306,949,12,2025-11-15,completed
2307,622,10,2025-03-20,cancelled
2308,303,4,2025-01-02,completed
2309,803,11,2025-10-23,completed
2310,408,13,2025-04-19,completed
2311,348,9,2025-08-10,completed
2312,877,10,2025-01-13,completed
2313,943,8,2025-08-09,completed
2314,923,3,2025-12-09,completed
2315,352,13,2025-12-17,completed
2316,455,5,2025-01-31,completed
2317,555,1,2025-04-12,completed
2318,531,17,2025-07-04,completed
2319,136,9,2025-11-03,completed
2320,16,14,2025-10-11,completed
2321,139,1,2025-08-16,completed
2322,882,7,2025-09-21,completed
2323,640,5,2025-03-29,completed
2324,132,12,2025-12-01,completed
2325,904,4,2025-05-04,completed
2326,904,15,2025-05-01,completed
2327,537,18,2025-09-27,completed
2328,419,16,2025-06-15,completed
2329,525,17,2025-02-23,completed
2330,471,20,2025-09-06,completed
2331,403,11,2025-10-13,completed
2332,118,14,2025-04-09,completed
2333,868,10,2025-03-29,completed
2334,949,6,2025-09-12,completed
2335,413,13,2025-01-04,completed
2336,652,6,2025-08-16,completed
2337,259,20,2025-12-15,completed
2338,983,2,2025-11-16,completed
2339,425,16,2025-11-13,completed
2340,694,5,2025-10-20,completed
2341,394,19,2025-04-23,cancelled
2342,562,18,2025-11-11,completed
2343,814,13,2025-04-10,completed
2344,94,17,2025-07-05,completed
2345,39,18,2025-09-04,completed
2346,967,14,2025-08-15,completed
2347,181,6,2025-03-08,completed
2348,574,17,2025-01-02,completed
2349,299,16,2025-03-23,completed
2350,507,20,2025-11-27,completed
2351,657,4,2025-07-01,completed
2352,703,8,2025-01-10,completed
2353,270,2,2025-03-29,completed
2354,948,4,2025-05-23,completed
2355,389,9,2025-11-28,completed
2356,147,10,2025-10-24,completed
2357,683,17,2025-03-18,completed
2358,913,4,2025-07-23,completed
2359,802,16,2025-06-08,completed
2360,551,3,2025-01-11,completed
2361,793,3,2025-07-30,completed
2362,552,7,2025-11-19,completed
2363,687,8,2025-09-16,completed
2364,494,12,2025-12-15,completed
2365,662,5,2025-06-13,completed
2366,537,18,2025-08-01,completed
2367,236,18,2025-03-07,completed
2368,849,5,2025-05-06,completed
2369,593,12,2025-06-07,cancelled
2370,752,2,2025-11-16,completed
2371,877,6,2025-08-04,completed
2372,171,10,2025-01-24,completed
2373,688,6,2025-07-17,completed
2374,590,20,2025-01-08,completed
2375,545,20,2025-06-15,completed
2376,54,17,2025-12-11,completed
2377,971,11,2025-07-23,completed
2378,905,10,2025-07-03,completed
2379,1,18,2025-01-07,completed
2380,54,15,2025-11-04,completed
2381,431,6,2025-04-21,completed
2382,854,1,2025-09-20,cancelled
2383,648,12,2025-09-20,completed
2384,951,3,2025-01-02,completed
2385,829,1,2025-03-25,completed
2386,138,3,2025-12-25,completed
2387,787,4,2025-12-19,completed
2388,760,13,2025-04-30,completed
2389,602,15,2025-07-01,completed
2390,712,19,2025-03-14,completed
2391,252,15,2025-12-03,completed
2392,105,8,2025-08-25,completed
2393,74,4,2025-08-19,completed
2394,597,18,2025-02-02,completed
2395,131,9,2025-10-18,completed
2396,283,5,2025-09-14,completed
2397,741,4,2025-06-21,completed
2398,768,20,2025-01-23,completed
2399,911,20,2025-02-06,completed
2400,631,11,2025-10-22,completed
2401,51,7,2025-06-15,completed
2402,403,7,2025-01-01,completed
2403,730,14,2025-09-26,completed
2404,928,10,2025-05-14,completed
2405,11,12,2025-01-28,completed
2406,392,19,2025-03-22,completed
2407,733,13,2025-08-05,completed
2408,290,9,2025-02-03,completed
2409,510,11,2025-03-25,completed
2410,878,14,2025-09-20,completed
2411,477,3,2025-11-25,completed
2412,126,20,2025-04-28,completed
2413,985,14,2025-09-20,completed
2414,665,14,2025-08-23,completed
2415,7,18,2025-05-08,completed
2416,995,12,2025-12-23,completed
2417,239,19,2025-09-05,completed
2418,174,7,2025-05-19,completed
2419,575,4,2025-12-12,completed
2420,565,3,2025-08-15,completed
2421,268,19,2025-06-30,completed
2422,105,9,2025-07-13,completed
2423,200,1,2025-10-06,completed
2424,239,3,2025-04-17,completed
2425,82,7,2025-11-12,completed
2426,500,10,2025-01-21,completed
2427,722,2,2025-12-19,completed
2428,587,3,2025-06-22,completed
2429,579,11,2025-11-25,completed
2430,902,20,2025-11-02,completed
2431,444,4,2025-10-01,completed
2432,577,5,2025-04-25,completed
2433,17,15,2025-06-17,completed
2434,147,15,2025-06-04,completed
2435,684,10,2025-10-10,completed
2436,899,8,2025-02-27,completed
2437,493,18,2025-04-11,completed
2438,372,18,2025-10-05,completed
2439,591,4,2025-06-04,completed
2440,721,20,2025-04-04,completed
2441,748,5,2025-08-15,completed
2442,335,6,2025-11-18,completed
2443,846,6,2025-06-04,completed
2444,24,7,2025-04-20,completed
2445,390,3,2025-08-04,cancelled
2446,611,3,2025-03-13,completed
2447,422,9,2025-06-16,completed
2448,164,8,2025-02-10,completed
2449,686,2,2025-02-09,completed
2450,269,14,2025-06-23,completed
2451,986,7,2025-08-05,completed
2452,808,15,2025-01-27,completed
2453,340,10,2025-01-05,completed
2454,285,8,2025-08-30,completed
2455,284,1,2025-08-27,completed
2456,637,12,2025-12-18,completed
2457,372,16,2025-02-18,completed
2458,360,15,2025-01-23,completed
2459,342,9,2025-05-27,completed
2460,316,14,2025-07-31,completed
2461,829,18,2025-03-08,cancelled
2462,396,19,2025-12-12,completed
2463,284,5,2025-05-02,completed
2464,150,7,2025-02-24,completed
2465,94,2,2025-06-01,completed
2466,108,6,2025-02-21,completed
2467,344,15,2025-06-29,completed
2468,851,1,2025-05-20,completed
2469,617,13,2025-11-21,completed
2470,562,2,2025-04-19,completed
2471,577,17,2025-08-26,completed
2472,91,14,2025-01-02,completed
2473,180,13,2025-05-20,completed
2474,75,17,2025-09-17,cancelled
2475,194,11,2025-04-03,completed
2476,106,7,2025-10-13,completed
2477,778,6,2025-02-13,completed
2478,870,2,2025-01-31,completed
2479,767,11,2025-08-31,completed
2480,270,12,2025-10-10,completed
2481,741,18,2025-01-18,completed
2482,454,12,2025-04-02,completed
2483,545,6,2025-03-12,completed
2484,674,7,2025-06-20,completed
2485,51,6,2025-05-06,completed
2486,660,5,2025-04-09,completed
2487,193,14,2025-10-15,completed
2488,734,2,2025-04-12,completed
2489,233,9,2025-10-08,completed
2490,38,3,2025-12-30,completed
2491,181,3,2025-07-28,completed
2492,421,13,2025-11-26,completed
2493,951,10,2025-01-18,completed
2494,48,13,2025-09-22,completed
2495,34,5,2025-09-17,completed
2496,900,8,2025-06-30,completed
2497,706,18,2025-05-29,completed
2498,55,11,2025-02-22,completed
2499,550,7,2025-10-17,completed
2500,818,12,2025-03-12,completed
2501,223,14,2025-08-14,completed
2502,407,11,2025-01-15,completed
2503,281,17,2025-10-22,completed
2504,826,8,2025-10-08,completed
2505,415,14,2025-09-23,completed
2506,700,7,2025-08-15,completed
2507,925,10,2025-01-19,completed
2508,436,19,2025-08-23,completed
2509,161,12,2025-01-27,completed
2510,30,18,2025-08-02,cancelled
2511,229,8,2025-01-17,completed
2512,682,6,2025-05-21,completed
2513,98,7,2025-07-30,completed
2514,862,20,2025-10-08,completed
2515,72,6,2025-07-14,completed
2516,603,15,2025-04-08,completed
2517,818,19,2025-05-06,completed
2518,239,19,2025-12-30,completed
2519,73,11,2025-12-31,completed
2520,163,16,2025-12-09,completed
2521,511,15,2025-09-27,completed
2522,887,7,2025-05-17,completed
2523,243,20,2025-04-08,completed
2524,867,7,2025-01-04,completed
2525,172,13,2025-09-15,completed
2526,78,15,2025-05-18,completed
2527,605,10,2025-11-11,completed
2528,994,3,2025-11-04,completed
2529,636,5,2025-10-10,completed
2530,588,1,2025-06-21,completed
2531,322,17,2025-01-12,completed
2532,706,1,2025-05-28,completed
2533,396,15,2025-11-14,cancelled
2534,621,8,2025-08-29,completed
2535,773,8,2025-02-13,completed
2536,817,11,2025-02-03,completed
2537,904,7,2025-09-22,completed
2538,679,19,2025-05-12,completed
2539,244,14,2025-05-30,completed
2540,208,17,2025-10-27,completed
2541,739,13,2025-01-20,completed
2542,732,17,2025-03-17,completed
2543,370,2,2025-06-15,completed
2544,304,16,2025-06-21,completed
2545,981,20,2025-06-14,completed
2546,883,17,2025-05-10,completed
2547,777,3,2025-05-22,completed
2548,388,17,2025-05-10,completed
2549,871,6,2025-08-24,completed
2550,244,8,2025-11-28,completed
2551,71,19,2025-10-17,completed
2552,192,12,2025-06-06,completed
2553,882,9,2025-11-25,completed
2554,996,14,2025-08-12,completed
2555,430,1,2025-02-02,cancelled
2556,988,20,2025-03-16,completed
2557,615,9,2025-10-10,completed
2558,698,14,2025-06-03,completed
2559,881,19,2025-12-17,completed
2560,10,5,2025-02-13,completed
2561,842,5,2025-11-16,completed
2562,899,15,2025-08-12,completed
2563,286,15,2025-05-05,completed
2564,340,9,2025-05-31,completed
2565,50,19,2025-11-24,cancelled
2566,575,14,2025-01-27,completed
2567,373,18,2025-12-12,completed
2568,234,18,2025-12-16,completed
2569,601,6,2025-12-11,completed
2570,791,5,2025-06-08,completed
2571,63,19,2025-07-11,completed
2572,861,14,2025-10-15,completed
2573,254,17,2025-11-25,completed
2574,499,2,2025-03-06,completed
2575,942,13,2025-07-11,completed
2576,256,11,2025-12-08,completed
2577,652,18,2025-01-05,completed
2578,678,8,2025-10-05,completed
2579,230,18,2025-10-31,completed
2580,516,12,2025-02-07,completed
2581,85,18,2025-09-08,completed
2582,58,7,2025-11-26,completed
2583,712,12,2025-06-06,completed
2584,796,10,2025-05-10,completed
2585,959,10,2025-07-02,completed
2586,249,18,2025-05-20,completed
2587,909,6,2025-05-09,completed
2588,448,6,2025-04-04,completed
2589,552,5,2025-09-15,completed
2590,641,15,2025-08-06,completed
2591,423,10,2025-09-29,completed
2592,248,9,2025-12-03,completed
2593,288,6,2025-04-22,completed
2594,698,11,2025-07-08,completed
2595,363,15,2025-02-15,completed
2596,244,16,2025-01-13,completed
2597,759,6,2025-02-07,completed
2598,308,3,2025-05-16,completed
2599,567,13,2025-01-12,completed
2600,606,4,2025-12-30,completed
2601,701,16,2025-11-28,completed
2602,509,18,2025-04-28,completed
2603,40,15,2025-03-08,completed
2604,553,18,2025-12-08,completed
2605,721,14,2025-07-19,completed
2606,987,11,2025-07-20,completed
2607,801,12,2025-09-27,completed
2608,564,11,2025-03-14,completed
2609,67,1,2025-09-07,completed
2610,448,18,2025-12-14,completed
2611,30,16,2025-12-18,cancelled
2612,946,11,2025-07-11,completed
2613,245,3,2025-08-04,completed
2614,758,15,2025-08-23,completed
2615,768,15,2025-06-27,completed
2616,113,6,2025-07-10,completed
2617,237,12,2025-08-10,completed
2618,15,7,2025-12-30,completed
2619,446,11,2025-12-17,completed
2620,999,11,2025-11-06,completed
2621,607,2,2025-01-16,completed
2622,31,7,2025-04-08,completed
2623,201,1,2025-03-20,completed
2624,868,13,2025-01-18,completed
2625,954,1,2025-12-14,completed
2626,710,19,2025-08-14,completed
2627,893,17,2025-03-04,completed
2628,650,2,2025-12-01,completed
2629,61,1,2025-05-31,completed
2630,1000,19,2025-10-18,completed
2631,383,2,2025-07-30,completed
2632,582,7,2025-10-20,completed
2633,213,2,2025-10-20,completed
2634,129,15,2025-10-21,completed
2635,747,9,2025-11-12,completed
2636,182,12,2025-08-22,completed
2637,796,1,2025-09-06,completed
2638,829,2,2025-08-22,completed
2639,176,14,2025-11-21,completed
2640,284,5,2025-04-30,completed
2641,485,11,2025-10-28,completed
2642,1000,3,2025-06-28,completed
2643,399,9,2025-08-04,completed
2644,518,12,2025-01-17,completed
2645,719,5,2025-09-10,completed
2646,630,9,2025-05-14,completed
2647,585,13,2025-08-22,completed
2648,944,3,2025-12-12,completed
2649,192,9,2025-11-14,cancelled
2650,621,20,2025-09-28,completed
2651,591,15,2025-12-09,completed
2652,102,5,2025-04-22,completed
2653,398,12,2025-06-07,completed
2654,304,8,2025-08-13,completed
2655,607,4,2025-02-06,completed
2656,47,19,2025-01-01,completed
2657,326,4,2025-03-18,completed
2658,133,8,2025-04-21,completed
2659,684,5,2025-09-20,cancelled
2660,41,14,2025-11-15,cancelled
2661,535,5,2025-02-03,completed
2662,529,9,2025-11-21,completed
2663,433,12,2025-11-24,completed
2664,796,17,2025-07-04,completed
2665,473,9,2025-10-24,completed
2666,822,9,2025-06-08,completed
2667,509,19,2025-05-26,completed
2668,348,8,2025-09-26,completed
2669,672,15,2025-05-14,completed
2670,11,20,2025-11-10,completed
2671,791,18,2025-06-01,completed
2672,141,7,2025-08-24,completed
2673,314,8,2025-05-22,completed
2674,550,13,2025-11-16,completed
2675,376,9,2025-01-07,completed
2676,253,1,2025-10-20,cancelled
2677,578,14,2025-06-11,completed
2678,939,4,2025-07-12,completed
2679,268,5,2025-06-16,completed
2680,304,4,2025-03-18,completed
2681,747,16,2025-12-08,completed
2682,864,17,2025-03-19,completed
2683,684,18,2025-09-19,completed
2684,982,13,2025-09-14,completed
2685,612,20,2025-09-09,completed
2686,198,2,2025-04-21,completed
2687,262,2,2025-03-17,completed
2688,556,2,2025-12-29,completed
2689,308,3,2025-11-09,completed
2690,47,14,2025-05-13,completed
2691,52,4,2025-07-08,completed
2692,638,11,2025-04-30,completed
2693,299,3,2025-10-21,completed
2694,472,18,2025-06-19,completed
2695,843,20,2025-10-03,completed
2696,1000,4,2025-12-02,completed
2697,92,11,2025-08-25,completed
2698,704,10,2025-12-26,completed
2699,204,18,2025-10-05,completed
2700,122,18,2025-03-05,completed
2701,974,20,2025-08-04,completed
2702,22,4,2025-08-30,completed
2703,133,7,2025-10-23,completed
2704,871,12,2025-02-05,completed
2705,630,20,2025-11-16,completed
2706,415,13,2025-11-09,completed
2707,861,9,2025-09-11,completed
2708,573,9,2025-02-10,completed
2709,368,13,2025-04-14,completed
2710,145,19,2025-12-05,completed
2711,722,14,2025-06-10,completed
2712,148,14,2025-08-02,completed
2713,75,20,2025-12-01,completed
2714,299,13,2025-11-23,cancelled
2715,254,6,2025-06-05,completed
2716,760,7,2025-01-13,completed
2717,977,4,2025-07-09,completed
2718,38,13,2025-01-31,completed
2719,525,6,2025-08-16,completed
2720,65,1,2025-12-30,completed
2721,908,6,2025-10-03,completed
2722,756,1,2025-01-03,completed
2723,135,1,2025-08-27,completed
2724,976,11,2025-04-04,completed
2725,969,11,2025-08-16,completed
2726,339,14,2025-04-27,completed
2727,747,8,2025-09-28,completed
2728,146,20,2025-10-11,completed
2729,717,12,2025-03-17,completed
2730,681,2,2025-09-11,completed
2731,405,11,2025-12-05,completed
2732,907,8,2025-03-23,completed
2733,304,1,2025-01-06,completed
2734,730,13,2025-11-10,completed
2735,926,14,2025-09-23,cancelled
2736,967,1,2025-02-27,completed
2737,213,9,2025-06-03,completed
2738,110,5,2025-10-19,completed
2739,907,15,2025-04-25,completed
2740,167,9,2025-11-14,completed
2741,845,13,2025-03-31,completed
2742,359,15,2025-06-14,completed
2743,151,16,2025-05-15,completed
2744,743,3,2025-12-01,completed
2745,61,12,2025-10-08,completed
2746,401,19,2025-03-22,completed
2747,306,19,2025-04-25,completed
2748,740,10,2025-09-25,completed
2749,593,15,2025-12-25,completed
2750,89,12,2025-06-09,completed
2751,68,1,2025-05-13,completed
2752,770,6,2025-02-28,completed
2753,951,4,2025-11-29,completed
2754,45,11,2025-06-23,completed
2755,367,11,2025-07-19,completed
2756,84,15,2025-08-09,completed
2757,224,15,2025-03-15,completed
2758,887,14,2025-05-30,completed
2759,694,14,2025-02-26,completed
2760,144,17,2025-03-15,completed
2761,645,16,2025-12-25,completed
2762,354,6,2025-05-08,completed
2763,861,20,2025-02-14,completed
2764,371,7,2025-01-30,completed
2765,330,9,2025-10-30,completed
2766,529,19,2025-01-28,completed
2767,731,2,2025-04-01,completed
2768,527,4,2025-04-15,cancelled
2769,695,7,2025-05-30,cancelled
2770,300,9,2025-04-07,completed
2771,858,7,2025-08-29,completed
2772,89,9,2025-12-07,completed
2773,398,9,2025-02-24,completed
2774,765,13,2025-01-26,completed
2775,977,12,2025-08-01,completed
2776,65,6,2025-01-04,completed
2777,753,9,2025-03-15,completed
2778,627,18,2025-01-22,completed
2779,132,9,2025-09-20,completed
2780,438,6,2025-01-07,completed
2781,35,9,2025-12-25,completed
2782,820,8,2025-02-06,completed
2783,898,17,2025-04-08,completed
2784,571,20,2025-07-31,completed
2785,811,11,2025-10-31,completed
2786,791,8,2025-12-10,completed
2787,952,13,2025-03-08,completed
2788,786,1,2025-03-30,completed
2789,208,14,2025-10-27,completed
2790,984,9,2025-12-21,completed
2791,719,16,2025-01-08,completed
2792,471,13,2025-04-23,completed
2793,925,10,2025-09-25,completed
2794,939,8,2025-03-06,completed
2795,428,18,2025-08-24,completed
2796,671,13,2025-09-19,completed
2797,27,12,2025-09-27,completed
2798,966,11,2025-07-27,completed
2799,757,15,2025-01-05,completed
2800,783,17,2025-07-08,completed
2801,363,19,2025-01-07,completed
2802,437,17,2025-06-29,completed
2803,59,8,2025-12-18,completed
2804,137,14,2025-10-07,cancelled
2805,467,8,2025-12-31,completed
2806,781,16,2025-09-03,completed
2807,236,5,2025-07-18,completed
2808,563,14,2025-12-21,completed
2809,692,7,2025-06-26,completed
2810,436,7,2025-05-21,completed
2811,284,7,2025-09-08,completed
2812,276,10,2025-09-19,completed
2813,30,5,2025-02-23,completed
2814,822,8,2025-11-16,completed
2815,104,16,2025-03-11,completed
2816,640,19,2025-07-22,completed
2817,582,14,2025-04-28,completed
2818,456,11,2025-04-16,completed
2819,193,11,2025-11-01,completed
2820,233,7,2025-09-26,completed
2821,127,18,2025-12-13,completed
2822,781,2,2025-10-24,completed
2823,405,16,2025-08-11,completed
2824,655,3,2025-11-25,completed
2825,146,3,2025-10-09,completed
2826,198,20,2025-04-23,completed
2827,903,18,2025-02-01,completed
2828,856,18,2025-11-01,completed
2829,497,4,2025-01-22,completed
2830,901,3,2025-06-13,completed
2831,849,19,2025-05-27,completed
2832,103,9,2025-05-10,completed
2833,134,7,2025-06-23,completed
2834,984,17,2025-10-13,completed
2835,271,13,2025-09-09,completed
2836,352,13,2025-06-04,completed
2837,130,19,2025-09-11,completed
2838,495,18,2025-06-15,completed
2839,839,12,2025-11-23,completed
2840,174,9,2025-11-19,completed
2841,771,7,2025-06-04,completed
2842,916,8,2025-01-28,completed
2843,20,19,2025-08-18,completed
2844,751,2,2025-10-04,completed
2845,813,7,2025-03-29,completed
2846,356,2,2025-02-11,completed
2847,459,4,2025-03-27,completed
2848,917,15,2025-05-13,completed
2849,13,5,2025-05-05,completed
2850,929,9,2025-02-14,completed
2851,853,15,2025-09-23,completed
2852,217,5,2025-10-05,completed
2853,96,14,2025-12-19,completed
2854,19,15,2025-06-15,completed
2855,419,13,2025-03-09,cancelled
2856,266,9,2025-11-27,completed
2857,28,11,2025-02-25,completed
2858,242,11,2025-05-16,completed
2859,367,14,2025-10-21,completed
2860,733,12,2025-10-27,cancelled
2861,356,20,2025-08-31,completed
2862,360,11,2025-03-09,completed
2863,31,16,2025-04-17,completed
2864,204,15,2025-05-22,completed
2865,636,16,2025-12-02,completed
2866,491,18,2025-07-27,completed
2867,701,6,2025-04-04,completed
2868,728,20,2025-07-21,cancelled
2869,102,12,2025-01-15,completed
2870,686,6,2025-02-14,completed
2871,69,12,2025-07-06,completed
2872,207,8,2025-06-23,completed
2873,230,4,2025-02-27,completed
2874,984,9,2025-01-17,completed
2875,38,6,2025-04-24,completed
2876,344,3,2025-12-12,completed
2877,807,5,2025-06-18,completed
2878,900,6,2025-09-03,completed
2879,587,4,2025-10-03,completed
2880,417,11,2025-04-19,completed
2881,336,18,2025-05-06,completed
2882,95,13,2025-07-05,completed
2883,140,3,2025-08-18,completed
2884,710,6,2025-11-19,completed
2885,692,16,2025-12-14,completed
2886,583,18,2025-10-30,completed
2887,323,6,2025-05-02,completed
2888,461,18,2025-12-15,completed
2889,550,5,2025-08-22,completed
2890,24,14,2025-05-08,completed
2891,595,15,2025-02-15,completed
2892,641,16,2025-10-29,completed
2893,397,15,2025-01-04,completed
2894,492,6,2025-01-19,completed
2895,435,12,2025-10-31,completed
2896,337,8,2025-03-18,completed
2897,149,18,2025-11-22,completed
2898,153,13,2025-08-19,completed
2899,383,3,2025-03-12,completed
2900,287,1,2025-04-12,completed
2901,773,8,2025-10-18,completed
2902,336,15,2025-12-04,completed
2903,293,15,2025-07-17,completed
2904,887,9,2025-02-05,completed
2905,731,10,2025-05-29,cancelled
2906,827,7,2025-06-06,completed
2907,740,13,2025-12-27,completed
2908,957,12,2025-08-02,completed
2909,498,17,2025-01-25,completed
2910,434,3,2025-02-15,completed
2911,235,15,2025-02-23,completed
2912,119,14,2025-11-07,completed
2913,96,15,2025-02-08,completed
2914,684,12,2025-03-16,completed
2915,75,13,2025-12-16,completed
2916,982,19,2025-12-30,completed
2917,571,16,2025-01-23,completed
2918,434,12,2025-10-07,completed
2919,707,5,2025-10-06,completed
2920,269,4,2025-09-26,cancelled
2921,635,16,2025-12-10,completed
2922,396,12,2025-02-24,completed
2923,629,18,2025-02-20,completed
2924,764,15,2025-02-19,completed
2925,633,19,2025-07-02,completed
2926,427,6,2025-02-28,completed
2927,933,4,2025-12-06,completed
2928,624,13,2025-01-23,completed
2929,715,20,2025-12-09,completed
2930,686,5,2025-03-31,completed
2931,874,5,2025-07-19,completed
2932,410,4,2025-11-24,completed
2933,200,20,2025-04-29,completed
2934,487,13,2025-07-13,completed
2935,831,8,2025-07-11,completed
2936,377,7,2025-10-21,completed
2937,417,7,2025-10-14,cancelled
2938,660,14,2025-01-10,completed
2939,841,10,2025-02-11,completed
2940,81,18,2025-07-29,completed
2941,862,11,2025-05-14,completed
2942,434,9,2025-03-23,completed
2943,675,19,2025-09-25,completed
2944,442,7,2025-03-31,completed
2945,557,16,2025-04-20,completed
2946,937,9,2025-07-22,cancelled
2947,675,1,2025-01-11,cancelled
2948,102,20,2025-01-05,completed
2949,638,1,2025-08-19,completed
2950,420,19,2025-12-31,completed
2951,581,6,2025-08-25,completed
2952,437,19,2025-08-16,completed
2953,449,15,2025-06-26,completed
2954,252,17,2025-04-27,completed
2955,418,12,2025-03-17,completed
2956,214,10,2025-03-14,completed
2957,998,8,2025-03-08,cancelled
2958,473,15,2025-06-23,completed
2959,406,15,2025-12-23,completed
2960,556,17,2025-01-04,cancelled
2961,553,20,2025-01-25,completed
2962,917,1,2025-06-08,completed
2963,97,13,2025-08-26,completed
2964,32,18,2025-03-24,completed
2965,17,2,2025-03-10,completed
2966,245,18,2025-05-03,completed
2967,311,3,2025-11-24,completed
2968,118,16,2025-09-22,completed
2969,115,13,2025-02-27,completed
2970,298,18,2025-10-07,completed
2971,666,16,2025-08-02,completed
2972,947,18,2025-08-01,completed
2973,145,1,2025-06-23,completed
2974,758,5,2025-11-22,completed
2975,995,6,2025-01-09,cancelled
2976,116,11,2025-05-23,completed
2977,919,4,2025-03-18,completed
2978,968,6,2025-06-24,completed
2979,304,6,2025-09-03,completed
2980,420,18,2025-07-26,completed
2981,227,16,2025-09-17,completed
2982,220,9,2025-04-10,completed
2983,196,15,2025-04-16,completed
2984,126,9,2025-03-29,completed
2985,672,2,2025-02-28,completed
2986,855,13,2025-02-07,completed
2987,830,2,2025-12-28,completed
2988,767,5,2025-10-21,completed
2989,782,8,2025-04-03,completed
2990,261,4,2025-10-18,completed
2991,754,13,2025-12-15,completed
2992,983,3,2025-04-09,completed
2993,845,11,2025-11-24,completed
2994,687,2,2025-06-27,completed
2995,659,13,2025-07-10,completed
2996,314,16,2025-03-03,completed
2997,493,3,2025-07-21,completed
2998,337,8,2025-10-07,completed
2999,17,11,2025-08-23,completed
3000,638,5,2025-07-05,completed
3001,443,9,2025-12-01,completed
3002,838,19,2025-04-12,completed
3003,247,3,2025-11-11,completed
3004,417,17,2025-07-13,completed
3005,10,2,2025-08-06,completed
3006,814,13,2025-03-30,completed
3007,551,8,2025-10-27,completed
3008,215,6,2025-07-07,completed
3009,754,7,2025-08-24,completed
3010,186,10,2025-07-07,completed
3011,193,11,2025-05-17,cancelled
3012,193,4,2025-09-29,completed
3013,764,4,2025-10-24,cancelled
3014,554,8,2025-03-30,completed
3015,701,14,2025-12-14,completed
3016,23,19,2025-09-30,completed
3017,726,16,2025-02-22,completed
3018,714,17,2025-08-02,completed
3019,821,10,2025-04-28,completed
3020,817,1,2025-04-09,completed
3021,811,6,2025-08-07,completed
3022,865,4,2025-11-23,completed
3023,656,10,2025-10-30,completed
3024,769,3,2025-05-01,completed
3025,397,14,2025-05-22,completed
3026,460,4,2025-08-31,completed
3027,648,13,2025-08-03,completed
3028,548,4,2025-03-30,completed
3029,497,13,2025-04-01,completed
3030,792,17,2025-11-10,completed
3031,266,11,2025-04-11,completed
3032,539,14,2025-08-18,completed
3033,762,5,2025-06-28,completed
3034,188,2,2025-11-07,completed
3035,916,4,2025-06-06,completed
3036,478,20,2025-03-03,completed
3037,120,11,2025-07-22,completed
3038,810,5,2025-05-21,completed
3039,736,9,2025-05-15,completed
3040,292,18,2025-08-20,completed
3041,720,5,2025-02-25,completed
3042,911,16,2025-09-18,completed
3043,787,5,2025-08-23,completed
3044,555,2,2025-03-17,completed
3045,656,10,2025-09-16,cancelled
3046,137,18,2025-11-20,completed
3047,33,19,2025-04-23,completed
3048,511,9,2025-04-06,completed
3049,246,11,2025-09-12,completed
3050,136,4,2025-05-22,completed
3051,939,17,2025-07-20,completed
3052,173,20,2025-02-03,cancelled
3053,730,14,2025-10-17,completed
3054,148,6,2025-12-15,completed
3055,554,1,2025-07-13,completed
3056,209,12,2025-09-10,completed
3057,52,3,2025-11-27,completed
3058,200,20,2025-11-26,completed
3059,725,2,2025-05-30,completed
3060,310,2,2025-09-14,completed
3061,84,16,2025-08-02,completed
3062,474,6,2025-04-03,completed
3063,448,1,2025-02-03,completed
3064,575,17,2025-04-23,completed
3065,467,12,2025-09-14,completed
3066,532,13,2025-11-21,completed
3067,941,13,2025-08-20,completed
3068,708,2,2025-05-07,completed
3069,409,17,2025-08-07,completed
3070,133,10,2025-01-19,completed
3071,979,11,2025-06-19,completed
3072,201,13,2025-08-21,completed
3073,962,9,2025-03-30,completed
3074,657,14,2025-12-02,cancelled
3075,873,2,2025-01-26,completed
3076,826,15,2025-12-19,completed
3077,919,3,2025-12-23,cancelled
3078,480,17,2025-10-21,completed
3079,7,14,2025-04-19,completed
3080,32,16,2025-03-07,completed
3081,881,11,2025-12-11,completed
3082,688,13,2025-09-18,completed
3083,393,18,2025-03-13,completed
3084,196,8,2025-08-08,completed
3085,774,16,2025-10-03,completed
3086,113,17,2025-06-17,completed
3087,661,1,2025-03-25,completed
3088,787,8,2025-01-27,completed
3089,905,1,2025-11-08,completed
3090,740,8,2025-09-13,completed
3091,215,17,2025-10-16,completed
3092,134,6,2025-08-08,completed
3093,802,3,2025-06-16,completed
3094,608,11,2025-12-27,completed
3095,815,20,2025-06-22,completed
3096,929,18,2025-12-08,completed
3097,529,20,2025-03-28,completed
3098,114,7,2025-07-29,completed
3099,243,20,2025-08-24,completed
3100,558,5,2025-05-12,completed
3101,909,16,2025-02-02,completed
3102,696,14,2025-11-24,completed
3103,584,4,2025-09-18,completed
3104,585,18,2025-01-03,completed
3105,60,9,2025-11-13,completed
3106,510,7,2025-08-14,completed
3107,708,18,2025-05-18,completed
3108,835,9,2025-05-15,completed
3109,763,17,2025-12-25,completed
3110,379,19,2025-01-26,completed
3111,924,14,2025-03-18,completed
3112,13,5,2025-05-05,completed
3113,507,3,2025-05-16,cancelled
3114,456,11,2025-07-18,completed
3115,575,4,2025-12-01,completed
3116,808,8,2025-10-12,completed
3117,53,13,2025-05-06,completed
3118,955,11,2025-04-07,completed
3119,44,20,2025-07-14,completed
3120,758,7,2025-06-06,completed
3121,871,5,2025-09-17,completed
3122,549,16,2025-02-27,completed
3123,463,5,2025-08-21,completed
3124,528,5,2025-09-07,completed
3125,115,6,2025-10-09,completed
3126,941,1,2025-06-23,completed
3127,241,12,2025-03-15,completed
3128,91,15,2025-11-13,completed
3129,94,1,2025-08-17,completed
3130,943,9,2025-01-30,completed
3131,192,18,2025-05-26,completed
3132,413,12,2025-09-25,completed
3133,57,6,2025-12-08,completed
3134,731,20,2025-01-23,completed
3135,946,12,2025-04-03,completed
3136,979,10,2025-05-30,completed
3137,972,9,2025-04-11,completed
3138,84,1,2025-04-12,completed
3139,188,1,2025-02-18,completed
3140,58,9,2025-10-09,completed
3141,33,13,2025-07-16,cancelled
3142,328,1,2025-11-04,completed
3143,601,5,2025-03-23,completed
3144,738,5,2025-12-20,completed
3145,521,5,2025-10-31,completed
3146,469,15,2025-08-19,completed
3147,887,16,2025-09-27,completed
3148,442,16,2025-01-12,completed
3149,496,13,2025-08-18,completed
3150,756,14,2025-04-22,completed
3151,278,5,2025-09-02,completed
3152,598,14,2025-12-17,completed
3153,117,14,2025-12-26,completed
3154,364,11,2025-10-17,completed
3155,150,9,2025-10-07,completed
3156,7,14,2025-09-18,completed
3157,271,10,2025-01-24,completed
3158,803,11,2025-11-14,completed
3159,260,17,2025-09-06,completed
3160,139,17,2025-12-20,completed
3161,904,13,2025-02-20,completed
3162,544,5,2025-09-07,completed
3163,713,4,2025-05-17,completed
3164,756,17,2025-09-01,completed
3165,664,10,2025-11-04,completed
3166,522,5,2025-01-02,completed
3167,734,1,2025-02-17,completed
3168,682,15,2025-05-15,cancelled
3169,468,5,2025-03-26,completed
3170,960,6,2025-06-07,completed
3171,904,9,2025-08-04,completed
3172,206,15,2025-07-20,completed
3173,735,9,2025-06-13,completed
3174,550,15,2025-10-18,completed
3175,706,3,2025-08-21,completed
3176,894,16,2025-12-22,completed
3177,374,18,2025-05-29,completed
3178,28,19,2025-02-23,completed
3179,616,10,2025-07-21,completed
3180,852,4,2025-06-16,completed
3181,800,15,2025-03-14,completed
3182,564,5,2025-05-21,completed
3183,433,16,2025-04-08,completed
3184,426,15,2025-11-28,completed
3185,855,6,2025-10-18,completed
3186,560,10,2025-12-20,completed
3187,742,2,2025-05-22,completed
3188,866,17,2025-07-14,completed
3189,339,20,2025-07-25,completed
3190,800,6,2025-03-21,cancelled
3191,890,10,2025-09-10,completed
3192,72,10,2025-03-10,cancelled
3193,957,1,2025-03-20,completed
3194,209,19,2025-04-13,completed
3195,512,7,2025-04-02,completed
3196,703,8,2025-10-23,completed
3197,403,5,2025-01-21,completed
3198,195,17,2025-07-20,completed
3199,362,11,2025-07-27,completed
3200,970,12,2025-09-04,completed
3201,239,9,2025-10-12,completed
3202,395,6,2025-12-11,completed
3203,941,7,2025-11-27,completed
3204,425,19,2025-05-14,completed
3205,771,8,2025-10-28,completed
3206,194,19,2025-10-29,completed
3207,467,2,2025-07-31,completed
3208,394,10,2025-09-11,completed
3209,462,12,2025-03-17,completed
3210,29,8,2025-03-19,completed
3211,648,12,2025-07-18,completed
3212,523,18,2025-08-19,completed
3213,103,10,2025-10-04,completed
3214,994,20,2025-08-31,completed
3215,648,19,2025-05-03,completed
3216,69,3,2025-08-25,completed
3217,896,19,2025-11-29,completed
3218,144,3,2025-06-16,completed
3219,435,2,2025-07-03,cancelled
3220,386,20,2025-10-02,completed
3221,327,11,2025-07-23,completed
3222,80,4,2025-09-12,completed
3223,533,9,2025-02-01,completed
3224,363,4,2025-08-10,completed
3225,803,3,2025-09-02,cancelled
3226,962,8,2025-04-05,completed
3227,630,9,2025-07-14,completed
3228,656,12,2025-08-31,completed
3229,771,7,2025-08-28,completed
3230,9,2,2025-10-13,completed
3231,966,5,2025-08-24,completed
3232,48,17,2025-05-20,completed
3233,53,1,2025-08-22,completed
3234,467,17,2025-09-27,completed
3235,524,10,2025-10-13,completed
3236,259,17,2025-05-14,completed
3237,568,9,2025-10-25,completed
3238,262,4,2025-03-05,completed
3239,320,18,2025-11-08,completed
3240,681,3,2025-03-26,completed
3241,577,4,2025-04-29,completed
3242,187,11,2025-11-20,completed
3243,481,15,2025-06-09,completed
3244,366,14,2025-06-29,completed
3245,682,18,2025-03-30,completed
3246,235,19,2025-11-10,completed
3247,389,17,2025-04-11,completed
3248,253,13,2025-01-10,completed
3249,262,3,2025-05-20,completed
3250,632,7,2025-05-23,completed
3251,564,19,2025-03-12,completed
3252,3,19,2025-10-11,completed
3253,357,15,2025-10-09,completed
3254,14,16,2025-03-04,completed
3255,578,15,2025-08-17,completed
3256,431,18,2025-09-15,completed
3257,527,12,2025-04-13,completed
3258,174,8,2025-01-19,completed
3259,790,13,2025-11-15,completed
3260,355,7,2025-09-18,completed
3261,698,3,2025-05-01,completed
3262,542,11,2025-03-06,completed
3263,405,19,2025-04-11,completed
3264,468,7,2025-12-29,completed
3265,209,14,2025-02-26,cancelled
3266,299,5,2025-11-14,completed
3267,352,3,2025-10-19,completed
3268,82,7,2025-12-23,completed
3269,167,16,2025-05-23,completed
3270,553,6,2025-06-05,completed
3271,49,4,2025-10-30,completed
3272,994,8,2025-07-09,completed
3273,469,3,2025-12-08,completed
3274,693,17,2025-03-07,completed
3275,505,3,2025-05-05,completed
3276,911,10,2025-09-11,completed
3277,162,9,2025-11-20,completed
3278,867,4,2025-07-06,completed
3279,727,5,2025-05-17,cancelled
3280,176,7,2025-07-20,completed
3281,921,7,2025-06-14,completed
3282,29,2,2025-12-19,completed
3283,466,19,2025-02-28,completed
3284,80,16,2025-02-05,completed
3285,727,20,2025-10-21,cancelled
3286,987,5,2025-09-11,completed
3287,106,17,2025-01-06,completed
3288,157,2,2025-08-24,completed
3289,768,16,2025-07-06,completed
3290,19,3,2025-12-28,completed
3291,970,1,2025-05-29,completed
3292,409,17,2025-06-30,completed
3293,583,14,2025-09-16,completed
3294,188,2,2025-03-27,completed
3295,535,11,2025-05-24,cancelled
3296,378,17,2025-08-20,completed
3297,905,13,2025-08-08,completed
3298,933,1,2025-09-14,completed
3299,661,6,2025-07-01,cancelled
3300,362,1,2025-04-25,completed
3301,29,15,2025-03-09,completed
3302,686,17,2025-06-30,completed
3303,941,12,2025-04-19,completed
3304,355,12,2025-05-29,completed
3305,892,18,2025-12-29,completed
3306,364,18,2025-10-28,completed
3307,765,1,2025-10-11,completed
3308,214,8,2025-12-09,completed
3309,980,2,2025-01-29,completed
3310,694,5,2025-12-23,completed
3311,565,8,2025-12-07,completed
3312,345,9,2025-10-27,completed
3313,218,3,2025-09-28,completed
3314,391,17,2025-07-26,completed
3315,548,19,2025-11-12,completed
3316,722,5,2025-07-18,completed
3317,522,14,2025-09-23,completed
3318,443,5,2025-09-19,completed
3319,132,12,2025-12-20,cancelled
3320,61,10,2025-02-11,completed
3321,946,14,2025-08-15,completed
3322,717,15,2025-05-29,completed
3323,923,11,2025-09-02,completed
3324,243,4,2025-04-23,completed
3325,542,9,2025-10-06,completed
3326,409,1,2025-04-14,completed
3327,199,9,2025-01-20,completed
3328,327,18,2025-07-30,completed
3329,64,8,2025-04-08,completed
3330,317,4,2025-10-23,completed
3331,889,18,2025-10-29,completed
3332,912,10,2025-09-21,completed
3333,692,15,2025-02-10,completed
3334,836,19,2025-04-13,completed
3335,35,16,2025-08-04,completed
3336,570,14,2025-09-15,completed
3337,589,1,2025-08-21,completed
3338,782,19,2025-05-18,completed
3339,743,4,2025-04-08,completed
3340,565,20,2025-03-30,completed
3341,597,8,2025-05-25,completed
3342,693,19,2025-07-13,completed
3343,167,9,2025-09-28,completed
3344,184,16,2025-05-06,completed
3345,606,7,2025-04-27,completed
3346,43,1,2025-12-24,completed
3347,602,17,2025-07-21,completed
3348,438,15,2025-11-27,completed
3349,888,10,2025-11-14,completed
3350,79,11,2025-11-18,completed
3351,605,14,2025-06-03,completed
3352,657,11,2025-09-22,cancelled
3353,756,15,2025-08-27,completed
3354,430,14,2025-08-02,completed
3355,179,20,2025-02-23,completed
3356,25,5,2025-06-11,completed
3357,198,5,2025-02-22,completed
3358,924,13,2025-12-31,completed
3359,220,3,2025-03-24,completed
3360,504,2,2025-11-16,completed
3361,169,17,2025-01-31,completed
3362,439,3,2025-02-06,completed
3363,858,8,2025-01-11,completed
3364,532,1,2025-07-29,completed
3365,821,19,2025-01-16,completed
3366,532,16,2025-08-07,completed
3367,873,13,2025-04-21,completed
3368,377,20,2025-06-27,completed
3369,383,3,2025-05-15,completed
3370,233,3,2025-06-14,completed
3371,947,12,2025-03-16,completed
3372,98,13,2025-03-13,completed
3373,78,20,2025-08-14,completed
3374,277,15,2025-09-30,completed
3375,897,4,2025-01-12,completed
3376,114,6,2025-06-04,completed
3377,481,6,2025-11-01,completed
3378,125,1,2025-05-15,completed
3379,617,10,2025-09-04,completed
3380,757,4,2025-12-16,completed
3381,358,17,2025-10-23,completed
3382,434,4,2025-10-17,cancelled
3383,341,15,2025-10-05,completed
3384,121,16,2025-12-04,completed
3385,65,9,2025-11-07,cancelled
3386,324,10,2025-03-25,completed
3387,520,6,2025-04-24,completed
3388,24,4,2025-03-16,completed
3389,326,7,2025-01-23,completed
3390,196,17,2025-07-05,completed
3391,620,19,2025-10-01,completed
3392,468,17,2025-11-26,completed
3393,389,9,2025-06-14,completed
3394,85,3,2025-11-13,completed
3395,162,12,2025-05-01,completed
3396,291,16,2025-09-10,completed
3397,62,5,2025-09-14,completed
3398,587,8,2025-07-06,completed
3399,566,2,2025-04-14,completed
3400,946,14,2025-12-05,completed
3401,592,8,2025-01-26,completed
3402,139,17,2025-03-05,completed
3403,636,8,2025-07-05,completed
3404,289,15,2025-10-15,completed
3405,268,12,2025-01-16,completed
3406,634,16,2025-06-13,completed
3407,49,12,2025-12-09,completed
3408,834,20,2025-02-06,completed
3409,843,17,2025-05-22,completed
3410,614,12,2025-12-06,completed
3411,695,8,2025-09-26,completed
3412,552,20,2025-09-01,completed
3413,155,2,2025-06-26,completed
3414,387,15,2025-07-05,completed
3415,840,14,2025-06-12,completed
3416,511,14,2025-11-10,completed
3417,324,6,2025-08-24,completed
3418,862,10,2025-06-02,completed
3419,944,11,2025-07-06,completed
3420,602,3,2025-04-27,completed
3421,708,7,2025-10-01,completed
3422,60,4,2025-06-02,completed
3423,64,16,2025-08-21,completed
3424,627,5,2025-10-27,completed
3425,733,3,2025-06-09,completed
3426,351,15,2025-05-24,completed
3427,245,15,2025-03-11,completed
3428,275,6,2025-04-05,completed
3429,296,5,2025-12-18,completed
3430,617,9,2025-03-20,completed
3431,645,1,2025-09-25,completed
3432,830,20,2025-04-27,completed
3433,652,9,2025-07-18,completed
3434,836,11,2025-07-07,completed
3435,483,12,2025-05-24,completed
3436,509,7,2025-02-28,completed
3437,928,16,2025-11-14,completed
3438,386,20,2025-06-07,completed
3439,365,19,2025-06-02,completed
3440,258,8,2025-09-27,completed
3441,759,8,2025-07-04,completed
3442,486,7,2025-08-19,completed
3443,378,12,2025-05-03,completed
3444,826,14,2025-02-25,completed
3445,764,13,2025-05-09,completed
3446,221,11,2025-04-22,completed
3447,999,11,2025-09-21,completed
3448,625,11,2025-03-01,completed
3449,754,20,2025-10-06,completed
3450,218,7,2025-08-01,completed
3451,82,3,2025-11-01,completed
3452,217,2,2025-04-23,completed
3453,448,13,2025-06-16,completed
3454,340,6,2025-12-03,completed
3455,475,14,2025-01-23,completed
3456,522,7,2025-08-11,completed
3457,768,15,2025-04-30,completed
3458,169,2,2025-03-11,completed
3459,157,14,2025-07-08,cancelled
3460,44,2,2025-12-23,completed
3461,651,12,2025-04-29,completed
3462,338,11,2025-03-07,completed
3463,937,19,2025-11-26,completed
3464,11,13,2025-05-22,completed
3465,974,5,2025-02-11,completed
3466,845,5,2025-12-28,completed
3467,559,10,2025-07-01,completed
3468,162,18,2025-09-18,completed
3469,464,12,2025-06-22,cancelled
3470,14,11,2025-05-06,completed
3471,938,5,2025-08-11,completed
3472,59,14,2025-12-10,cancelled
3473,22,9,2025-02-09,completed
3474,638,17,2025-01-02,completed
3475,744,4,2025-09-04,completed
3476,767,9,2025-11-20,completed
3477,729,17,2025-01-06,completed
3478,675,7,2025-02-09,completed
3479,785,12,2025-07-24,completed
3480,229,12,2025-09-29,completed
3481,455,6,2025-02-10,completed
3482,813,14,2025-03-27,completed
3483,526,6,2025-12-31,completed
3484,596,12,2025-07-08,completed
3485,217,5,2025-11-08,completed
3486,757,20,2025-10-25,completed
3487,927,15,2025-07-12,completed
3488,490,1,2025-11-11,completed
3489,376,15,2025-09-12,completed
3490,627,16,2025-08-15,completed
3491,71,8,2025-03-02,completed
3492,307,16,2025-07-31,completed
3493,268,2,2025-12-04,completed
3494,7,17,2025-05-23,completed
3495,333,7,2025-06-10,completed
3496,658,11,2025-02-15,completed
3497,169,5,2025-10-24,completed
3498,532,11,2025-04-25,completed
3499,675,13,2025-05-12,completed
3500,520,5,2025-02-26,completed
3501,578,8,2025-12-24,completed
3502,296,12,2025-05-07,completed
3503,590,17,2025-06-04,completed
3504,438,17,2025-10-20,completed
3505,971,6,2025-02-11,completed
3506,243,14,2025-10-04,completed
3507,226,19,2025-07-20,completed
3508,953,20,2025-09-08,completed
3509,388,19,2025-05-30,completed
3510,280,10,2025-04-08,completed
3511,505,20,2025-04-01,completed
3512,476,20,2025-03-12,completed
3513,818,16,2025-10-31,completed
3514,480,12,2025-03-27,completed
3515,637,5,2025-10-15,completed
3516,344,1,2025-07-23,completed
3517,479,10,2025-03-09,completed
3518,825,9,2025-04-10,completed
3519,250,3,2025-06-07,completed
3520,90,2,2025-10-12,completed
3521,390,18,2025-11-26,completed
3522,513,17,2025-01-15,completed
3523,570,4,2025-04-07,completed
3524,437,12,2025-10-29,completed
3525,694,16,2025-02-15,completed
3526,860,3,2025-09-04,completed
3527,995,2,2025-01-30,completed
3528,723,17,2025-02-11,completed
3529,771,11,2025-06-12,completed
3530,446,4,2025-12-10,completed
3531,694,8,2025-04-27,completed
3532,922,17,2025-01-26,completed
3533,354,2,2025-06-27,completed
3534,243,5,2025-06-27,completed
3535,449,14,2025-06-09,completed
3536,24,20,2025-06-03,completed
3537,67,19,2025-09-15,completed
3538,232,18,2025-08-14,completed
3539,87,2,2025-10-17,completed
3540,907,11,2025-03-28,completed
3541,99,5,2025-10-02,completed
3542,801,19,2025-06-21,completed
3543,334,15,2025-11-03,cancelled
3544,718,3,2025-05-15,completed
3545,128,2,2025-05-27,completed
3546,21,4,2025-09-19,completed
3547,729,4,2025-04-10,completed
3548,558,13,2025-10-25,completed
3549,733,18,2025-03-05,completed
3550,56,2,2025-08-13,completed
3551,286,20,2025-05-21,completed
3552,485,16,2025-07-17,completed
3553,840,4,2025-05-04,completed
3554,418,14,2025-06-06,completed
3555,124,8,2025-11-28,completed
3556,475,15,2025-04-18,completed
3557,436,4,2025-10-23,completed
3558,491,6,2025-10-10,cancelled
3559,384,19,2025-05-04,completed
3560,914,15,2025-02-13,completed
3561,4,16,2025-11-28,completed
3562,371,20,2025-11-28,completed
3563,991,18,2025-12-10,completed
3564,260,14,2025-03-01,completed
3565,210,16,2025-06-25,completed
3566,125,5,2025-07-15,completed
3567,375,8,2025-10-10,completed
3568,302,6,2025-02-14,completed
3569,295,17,2025-01-22,completed
3570,453,5,2025-08-21,completed
3571,833,8,2025-07-09,completed
3572,228,5,2025-02-07,completed
3573,454,14,2025-03-20,completed
3574,441,3,2025-05-19,completed
3575,665,6,2025-11-13,cancelled
3576,814,8,2025-08-13,completed
3577,611,12,2025-08-16,completed
3578,322,10,2025-01-04,completed
3579,131,5,2025-03-03,completed
3580,664,14,2025-03-24,completed
3581,50,19,2025-10-05,cancelled
3582,723,2,2025-01-26,completed
3583,881,6,2025-09-20,completed
3584,980,2,2025-02-09,completed
3585,175,19,2025-02-02,completed
3586,701,17,2025-04-01,completed
3587,2,9,2025-04-30,completed
3588,782,19,2025-05-24,completed
3589,871,3,2025-09-13,completed
3590,978,20,2025-05-23,cancelled
3591,233,8,2025-05-11,cancelled
3592,788,20,2025-01-02,completed
3593,814,17,2025-04-18,completed
3594,27,18,2025-09-16,completed
3595,946,18,2025-02-15,completed
3596,555,17,2025-12-02,completed
3597,887,1,2025-01-02,completed
3598,135,3,2025-12-26,completed
3599,219,1,2025-01-31,completed
3600,47,18,2025-04-28,completed
3601,17,10,2025-12-13,completed
3602,238,9,2025-06-28,completed
3603,147,18,2025-06-17,completed
3604,939,3,2025-01-30,completed
3605,781,3,2025-04-16,completed
3606,371,17,2025-10-17,completed
3607,158,5,2025-11-05,completed
3608,873,10,2025-03-24,completed
3609,105,1,2025-01-31,completed
3610,795,7,2025-11-16,completed
3611,15,4,2025-07-15,completed
3612,971,17,2025-05-17,completed
3613,198,6,2025-01-02,completed
3614,642,5,2025-12-13,completed
3615,338,13,2025-11-04,cancelled
3616,563,1,2025-02-07,completed
3617,286,2,2025-03-04,cancelled
3618,246,14,2025-01-25,cancelled
3619,316,14,2025-10-13,completed
3620,264,20,2025-06-07,completed
3621,132,19,2025-07-28,completed
3622,204,17,2025-11-26,completed
3623,512,3,2025-11-27,completed
3624,207,20,2025-11-23,completed
3625,261,7,2025-12-21,completed
3626,629,2,2025-11-06,completed
3627,381,1,2025-09-21,completed
3628,393,11,2025-06-28,completed
3629,324,19,2025-11-12,completed
3630,844,3,2025-11-15,completed
3631,646,2,2025-02-28,completed
3632,844,10,2025-02-28,completed
3633,953,13,2025-08-29,completed
3634,956,15,2025-05-06,completed
3635,581,12,2025-10-28,completed
3636,855,1,2025-02-11,completed
3637,558,7,2025-03-23,completed
3638,109,1,2025-07-10,completed
3639,768,4,2025-05-21,completed
3640,670,5,2025-07-16,completed
3641,589,8,2025-09-14,completed
3642,767,14,2025-03-16,completed
3643,24,2,2025-06-02,completed
3644,336,1,2025-06-08,completed
3645,795,5,2025-06-27,completed
3646,528,17,2025-11-09,completed
3647,242,19,2025-08-17,completed
3648,177,18,2025-03-25,completed
3649,3,1,2025-09-23,completed
3650,664,12,2025-04-19,completed
3651,457,3,2025-02-05,completed
3652,717,10,2025-07-18,completed
3653,857,4,2025-11-13,completed
3654,961,1,2025-11-27,completed
3655,736,8,2025-10-31,completed
3656,695,14,2025-06-04,completed
3657,820,6,2025-10-06,completed
3658,913,10,2025-07-31,completed
3659,480,8,2025-08-17,completed
3660,870,20,2025-10-13,cancelled
3661,413,5,2025-07-11,completed
3662,679,20,2025-04-20,completed
3663,612,11,2025-11-16,completed
3664,180,7,2025-12-16,completed
3665,141,13,2025-08-17,cancelled
3666,379,16,2025-05-29,completed
3667,623,14,2025-08-23,completed
3668,324,4,2025-06-24,completed
3669,599,15,2025-09-19,completed
3670,322,4,2025-07-06,completed
3671,183,9,2025-01-29,completed
3672,116,5,2025-02-09,completed
3673,3,18,2025-10-07,completed
3674,918,16,2025-03-13,completed
3675,321,7,2025-11-22,completed
3676,183,10,2025-01-30,completed
3677,617,10,2025-05-16,completed
3678,927,15,2025-10-30,completed
3679,783,15,2025-09-27,completed
3680,96,11,2025-08-26,cancelled
3681,693,2,2025-03-31,completed
3682,854,14,2025-01-09,completed
3683,348,12,2025-08-29,completed
3684,711,8,2025-07-23,cancelled
3685,454,3,2025-06-28,completed
3686,517,7,2025-09-19,completed
3687,7,20,2025-01-20,completed
3688,872,15,2025-10-18,cancelled
3689,997,20,2025-01-20,completed
3690,511,5,2025-09-29,completed
3691,624,13,2025-09-02,completed
3692,152,11,2025-10-26,completed
3693,153,20,2025-05-01,completed
3694,618,11,2025-06-18,completed
3695,365,9,2025-08-14,completed
3696,803,1,2025-11-24,completed
3697,711,1,2025-10-12,completed
3698,179,18,2025-04-11,completed
3699,995,19,2025-10-18,completed
3700,367,11,2025-08-03,completed
3701,630,7,2025-02-15,completed
3702,32,12,2025-09-02,completed
3703,348,5,2025-01-23,completed
3704,856,9,2025-01-03,completed
3705,760,18,2025-07-12,completed
3706,502,2,2025-11-13,completed
3707,444,2,2025-05-24,completed
3708,374,10,2025-11-04,completed
3709,613,17,2025-10-24,completed
3710,310,20,2025-12-03,cancelled
3711,916,1,2025-04-23,completed
3712,973,10,2025-07-20,completed
3713,476,5,2025-10-18,completed
3714,117,9,2025-09-20,completed
3715,847,1,2025-02-06,completed
3716,287,18,2025-12-19,cancelled
3717,926,10,2025-05-03,completed
3718,580,1,2025-10-12,completed
3719,526,10,2025-08-09,completed
3720,571,13,2025-01-02,completed
3721,582,1,2025-01-20,completed
3722,645,3,2025-10-06,completed
3723,346,14,2025-08-24,completed
3724,380,20,2025-06-23,completed
3725,718,16,2025-07-11,completed
3726,173,11,2025-04-24,completed
3727,249,12,2025-03-05,completed
3728,122,2,2025-04-20,completed
3729,337,20,2025-05-16,completed
3730,165,8,2025-01-31,cancelled
3731,419,7,2025-06-07,completed
3732,298,14,2025-02-19,completed
3733,568,16,2025-09-02,completed
3734,874,14,2025-03-07,completed
3735,963,3,2025-08-15,completed
3736,293,5,2025-06-29,completed
3737,902,10,2025-11-22,completed
3738,223,8,2025-10-18,completed
3739,429,14,2025-07-15,completed
3740,370,3,2025-12-02,completed
3741,716,3,2025-04-24,completed
3742,481,17,2025-01-14,completed
3743,434,7,2025-12-21,completed
3744,167,6,2025-07-02,completed
3745,845,3,2025-09-25,completed
3746,496,14,2025-05-03,completed
3747,377,12,2025-09-25,completed
3748,800,9,2025-07-25,completed
3749,768,1,2025-10-27,completed
3750,332,19,2025-04-18,completed
3751,822,17,2025-12-28,completed
3752,972,20,2025-10-24,completed
3753,16,8,2025-06-12,completed
3754,791,18,2025-01-30,completed
3755,926,18,2025-02-08,completed
3756,318,7,2025-06-25,completed
3757,685,5,2025-12-01,completed
3758,751,13,2025-07-11,completed
3759,27,4,2025-02-20,completed
3760,871,5,2025-08-30,completed
3761,833,4,2025-11-22,completed
3762,114,10,2025-04-08,completed
3763,968,20,2025-01-26,completed
3764,34,3,2025-04-01,completed
3765,537,2,2025-08-01,completed
3766,934,5,2025-10-17,completed
3767,10,7,2025-01-15,completed
3768,645,2,2025-11-18,completed
3769,587,6,2025-05-16,completed
3770,399,9,2025-05-26,completed
3771,128,13,2025-04-21,completed
3772,817,20,2025-05-03,completed
3773,697,20,2025-12-30,completed
3774,600,3,2025-04-03,completed
3775,694,8,2025-06-07,completed
3776,268,13,2025-01-04,cancelled
3777,308,17,2025-11-21,completed
3778,335,14,2025-01-09,completed
3779,805,12,2025-03-12,completed
3780,596,8,2025-12-11,completed
3781,670,3,2025-04-13,completed
3782,899,20,2025-10-28,completed
3783,504,4,2025-07-13,completed
3784,1,18,2025-09-10,completed
3785,623,6,2025-11-08,completed
3786,836,17,2025-03-21,completed
3787,341,16,2025-12-19,completed
3788,892,19,2025-06-06,completed
3789,967,4,2025-01-28,completed
3790,69,5,2025-03-28,completed
3791,120,15,2025-04-30,completed
3792,428,13,2025-01-16,completed
3793,126,1,2025-06-13,completed
3794,53,12,2025-11-02,completed
3795,900,10,2025-02-26,completed
3796,809,18,2025-07-28,cancelled
3797,735,10,2025-02-01,completed
3798,165,19,2025-06-29,completed
3799,154,6,2025-09-23,completed
3800,258,6,2025-12-02,completed
3801,318,12,2025-03-13,completed
3802,698,20,2025-03-28,completed
3803,944,14,2025-01-02,completed
3804,165,5,2025-12-31,completed
3805,947,12,2025-04-12,completed
3806,871,14,2025-08-18,completed
3807,688,5,2025-12-21,completed
3808,207,1,2025-10-13,completed
3809,65,2,2025-06-18,completed
3810,271,12,2025-02-11,completed
3811,253,14,2025-01-12,completed
3812,819,18,2025-11-20,completed
3813,272,12,2025-04-15,completed
3814,279,8,2025-06-25,completed
3815,597,13,2025-05-15,completed
3816,133,11,2025-09-05,completed
3817,387,19,2025-08-23,completed
3818,908,2,2025-04-13,completed
3819,558,3,2025-09-13,completed
3820,741,16,2025-07-23,completed
3821,201,5,2025-09-19,completed
3822,446,20,2025-01-11,completed
3823,999,5,2025-05-01,completed
3824,635,20,2025-08-07,completed
3825,677,3,2025-05-05,cancelled
3826,404,8,2025-07-09,cancelled
3827,135,11,2025-11-11,completed
3828,318,19,2025-04-25,completed
3829,904,2,2025-12-14,completed
3830,622,3,2025-08-13,completed
3831,384,7,2025-04-04,completed
3832,651,1,2025-07-17,completed
3833,713,18,2025-10-18,completed
3834,362,2,2025-08-27,completed
3835,535,7,2025-12-31,completed
3836,318,14,2025-11-24,completed
3837,839,20,2025-06-28,completed
3838,396,17,2025-06-02,completed
3839,732,18,2025-09-23,completed
3840,44,10,2025-06-27,completed
3841,26,15,2025-05-30,cancelled
3842,602,9,2025-08-14,completed
3843,287,13,2025-05-19,completed
3844,826,18,2025-01-18,completed
3845,180,20,2025-11-30,completed
3846,694,4,2025-04-08,completed
3847,126,7,2025-08-21,completed
3848,480,20,2025-08-29,completed
3849,778,16,2025-12-10,completed
3850,569,4,2025-06-03,completed
3851,841,12,2025-08-25,completed
3852,707,14,2025-04-21,completed
3853,950,8,2025-04-29,completed
3854,551,14,2025-08-14,completed
3855,98,13,2025-06-19,completed
3856,238,7,2025-07-28,cancelled
3857,893,3,2025-07-04,completed
3858,140,20,2025-10-03,completed
3859,259,10,2025-02-04,completed
3860,592,16,2025-10-08,completed
3861,420,18,2025-09-12,completed
3862,594,18,2025-12-11,completed
3863,348,2,2025-08-30,cancelled
3864,313,5,2025-08-26,completed
3865,408,9,2025-05-05,completed
3866,73,7,2025-11-06,completed
3867,84,9,2025-03-22,completed
3868,627,6,2025-11-13,completed
3869,198,18,2025-08-01,completed
3870,412,6,2025-05-27,completed
3871,487,4,2025-08-26,completed
3872,784,16,2025-04-26,completed
3873,990,12,2025-01-01,cancelled
3874,177,2,2025-05-12,completed
3875,295,14,2025-11-11,completed
3876,54,2,2025-07-02,completed
3877,254,9,2025-06-06,completed
3878,493,18,2025-03-05,completed
3879,104,17,2025-12-23,completed
3880,285,15,2025-04-13,completed
3881,969,13,2025-10-20,completed
3882,231,8,2025-09-03,completed
3883,320,1,2025-09-28,completed
3884,529,16,2025-10-12,completed
3885,713,3,2025-06-19,completed
3886,676,6,2025-12-05,completed
3887,25,10,2025-04-11,completed
3888,178,11,2025-12-13,completed
3889,959,4,2025-04-29,cancelled
3890,994,20,2025-11-27,completed
3891,890,2,2025-10-22,completed
3892,394,2,2025-01-22,completed
3893,58,19,2025-12-06,completed
3894,267,12,2025-12-08,completed
3895,812,11,2025-03-31,completed
3896,401,9,2025-07-22,completed
3897,377,19,2025-06-12,completed
3898,932,16,2025-12-23,completed
3899,357,11,2025-06-23,completed
3900,371,7,2025-03-03,completed
3901,601,6,2025-09-23,completed
3902,653,13,2025-03-22,completed
3903,863,12,2025-04-06,completed
3904,319,6,2025-10-25,completed
3905,156,6,2025-05-28,completed
3906,529,7,2025-05-03,completed
3907,916,12,2025-07-08,completed
3908,28,6,2025-09-19,completed
3909,300,8,2025-12-10,completed
3910,318,13,2025-09-04,completed
3911,979,17,2025-03-09,cancelled
3912,398,14,2025-01-13,completed
3913,761,7,2025-01-24,completed
3914,519,3,2025-04-23,completed
3915,619,18,2025-05-14,completed
3916,644,20,2025-09-25,completed
3917,927,11,2025-08-07,completed
3918,101,7,2025-08-14,completed
3919,622,18,2025-06-17,completed
3920,669,13,2025-09-13,completed
3921,689,17,2025-11-18,completed
3922,379,16,2025-01-04,completed
3923,916,13,2025-12-02,completed
3924,259,14,2025-07-20,completed
3925,296,18,2025-07-16,completed
3926,336,15,2025-10-23,completed
3927,643,16,2025-09-07,completed
3928,78,19,2025-10-23,completed
3929,560,7,2025-11-03,completed
3930,616,20,2025-02-03,completed
3931,627,17,2025-03-26,completed
3932,728,13,2025-05-15,completed
3933,14,9,2025-04-28,completed
3934,6,10,2025-06-27,completed
3935,874,12,2025-01-21,cancelled
3936,930,11,2025-10-29,completed
3937,722,20,2025-04-10,completed
3938,942,10,2025-03-24,cancelled
3939,131,1,2025-01-27,completed
3940,136,3,2025-08-01,completed
3941,999,18,2025-07-08,completed
3942,249,16,2025-08-03,completed
3943,235,18,2025-07-22,completed
3944,823,8,2025-02-27,completed
3945,931,19,2025-10-11,completed
3946,750,13,2025-09-03,completed
3947,610,11,2025-04-26,cancelled
3948,19,19,2025-09-09,completed
3949,843,16,2025-02-09,completed
3950,190,16,2025-11-05,completed
3951,772,14,2025-10-15,completed
3952,635,1,2025-04-29,completed
3953,319,20,2025-02-27,completed
3954,583,12,2025-04-19,completed
3955,263,6,2025-10-25,completed
3956,964,3,2025-09-20,completed
3957,93,8,2025-12-24,completed
3958,257,9,2025-03-08,completed
3959,769,13,2025-01-17,completed
3960,62,3,2025-03-03,completed
3961,886,20,2025-07-06,completed
3962,485,14,2025-01-24,completed
3963,158,18,2025-07-22,completed
3964,662,19,2025-02-13,completed
3965,230,4,2025-11-30,completed
3966,838,20,2025-07-29,completed
3967,752,4,2025-05-19,completed
3968,846,10,2025-11-28,completed
3969,613,9,2025-02-24,completed
3970,307,14,2025-12-14,completed
3971,10,13,2025-03-26,completed
3972,97,16,2025-01-24,completed
3973,100,18,2025-07-30,completed
3974,580,6,2025-09-14,completed
3975,111,12,2025-03-31,completed
3976,608,13,2025-06-26,completed
3977,773,19,2025-10-23,completed
3978,892,3,2025-04-05,completed
3979,758,3,2025-07-31,completed
3980,647,4,2025-09-24,completed
3981,5,12,2025-09-16,completed
3982,147,8,2025-01-03,completed
3983,826,9,2025-05-16,completed
3984,540,6,2025-04-16,completed
3985,272,13,2025-02-15,completed
3986,122,9,2025-12-22,completed
3987,184,17,2025-01-14,completed
3988,393,17,2025-06-11,completed
3989,187,4,2025-03-07,completed
3990,777,2,2025-10-16,completed
3991,582,18,2025-02-22,completed
3992,636,13,2025-01-21,completed
3993,665,3,2025-12-05,completed
3994,718,8,2025-03-12,completed
3995,982,2,2025-03-23,cancelled
3996,851,8,2025-10-13,completed
3997,912,3,2025-07-17,completed
3998,646,10,2025-04-18,completed
3999,269,9,2025-10-17,completed
4000,173,17,2025-05-18,completed
4001,696,19,2025-05-31,completed
4002,934,17,2025-11-10,completed
4003,586,7,2025-05-31,completed
4004,747,16,2025-08-08,completed
4005,303,8,2025-07-27,completed
4006,999,18,2025-04-03,completed
4007,684,9,2025-07-17,completed
4008,241,19,2025-08-06,completed
4009,775,20,2025-03-01,completed
4010,570,4,2025-09-30,completed
4011,509,4,2025-07-01,completed
4012,131,20,2025-11-25,completed
4013,667,16,2025-01-30,completed
4014,181,10,2025-01-12,completed
4015,630,14,2025-07-06,completed
4016,137,14,2025-01-28,completed
4017,874,5,2025-02-22,completed
4018,51,17,2025-05-27,completed
4019,4,2,2025-02-17,completed
4020,904,20,2025-10-02,completed
4021,630,8,2025-11-27,completed
4022,95,12,2025-09-16,completed
4023,142,19,2025-02-18,completed
4024,612,14,2025-09-06,completed
4025,485,17,2025-05-28,completed
4026,347,15,2025-11-24,completed
4027,896,7,2025-05-15,completed
4028,599,4,2025-03-01,completed
4029,881,4,2025-10-29,completed
4030,427,3,2025-04-13,completed
4031,526,8,2025-10-08,completed
4032,424,5,2025-12-30,completed
4033,766,15,2025-01-05,completed
4034,552,17,2025-05-18,completed
4035,66,2,2025-10-19,completed
4036,121,7,2025-12-08,completed
4037,575,15,2025-10-15,completed
4038,29,3,2025-01-19,completed
4039,328,8,2025-10-20,completed
4040,195,9,2025-09-12,completed
4041,781,12,2025-03-03,completed
4042,473,4,2025-06-03,completed
4043,593,1,2025-09-29,completed
4044,769,13,2025-01-11,completed
4045,676,12,2025-10-22,completed
4046,224,1,2025-07-18,completed
4047,173,8,2025-12-27,completed
4048,588,18,2025-07-02,completed
4049,796,11,2025-09-28,completed
4050,315,2,2025-02-27,completed
4051,220,3,2025-12-09,completed
4052,256,5,2025-06-28,completed
4053,79,5,2025-12-20,completed
4054,497,2,2025-10-29,completed
4055,388,11,2025-11-16,completed
4056,67,4,2025-01-02,completed
4057,305,11,2025-02-27,completed
4058,226,20,2025-12-22,completed
4059,685,16,2025-02-20,completed
4060,464,13,2025-07-26,cancelled
4061,161,11,2025-04-22,completed
4062,90,2,2025-04-04,completed
4063,867,18,2025-03-03,completed
4064,453,13,2025-08-25,completed
4065,200,15,2025-11-16,completed
4066,64,4,2025-12-14,completed
4067,139,20,2025-07-01,completed
4068,238,11,2025-08-21,completed
4069,730,7,2025-12-15,completed
4070,741,4,2025-01-20,completed
4071,764,1,2025-11-30,completed
4072,360,11,2025-03-22,completed
4073,772,4,2025-09-17,completed
4074,129,20,2025-02-27,completed
4075,470,3,2025-03-21,cancelled
4076,175,10,2025-09-27,completed
4077,133,9,2025-11-28,completed
4078,148,12,2025-03-04,completed
4079,717,20,2025-05-12,completed
4080,457,10,2025-12-01,completed
4081,28,10,2025-04-30,completed
4082,833,5,2025-04-30,completed
4083,560,13,2025-03-18,completed
4084,238,20,2025-09-24,completed
4085,793,6,2025-01-06,completed
4086,90,1,2025-06-06,completed
4087,672,2,2025-03-17,completed
4088,293,9,2025-06-14,completed
4089,338,10,2025-12-10,completed
4090,355,19,2025-08-20,completed
4091,679,19,2025-09-15,completed
4092,386,2,2025-05-01,completed
4093,752,1,2025-08-30,completed
4094,589,14,2025-08-08,completed
4095,88,1,2025-02-17,completed
4096,517,10,2025-12-12,completed
4097,871,7,2025-07-21,completed
4098,715,9,2025-05-28,completed
4099,601,20,2025-01-27,completed
4100,7,3,2025-08-02,completed
4101,564,12,2025-06-21,cancelled
4102,763,1,2025-12-19,completed
4103,889,7,2025-09-12,completed
4104,527,5,2025-06-07,completed
4105,885,12,2025-05-28,cancelled
4106,334,12,2025-11-23,completed
4107,402,4,2025-08-03,completed
4108,886,3,2025-05-03,completed
4109,283,17,2025-09-11,completed
4110,596,2,2025-06-21,completed
4111,22,11,2025-07-28,completed
4112,502,11,2025-09-14,completed
4113,11,8,2025-02-22,completed
4114,694,8,2025-01-01,completed
4115,127,2,2025-11-14,completed
4116,276,20,2025-07-15,completed
4117,827,6,2025-09-08,completed
4118,265,6,2025-08-24,completed
4119,194,1,2025-02-27,completed
4120,712,8,2025-10-30,completed
4121,462,13,2025-10-30,completed
4122,998,8,2025-03-15,completed
4123,978,1,2025-12-26,completed
4124,712,12,2025-10-28,completed
4125,244,13,2025-12-04,completed
4126,564,11,2025-10-12,completed
4127,494,20,2025-06-30,completed
4128,657,16,2025-12-05,completed
4129,176,16,2025-12-16,completed
4130,566,14,2025-11-17,completed
4131,526,11,2025-01-21,completed
4132,464,11,2025-09-22,completed
4133,213,19,2025-01-24,completed
4134,757,9,2025-10-25,completed
4135,484,8,2025-10-04,completed
4136,886,10,2025-07-25,cancelled
4137,995,1,2025-01-06,completed
4138,477,14,2025-11-14,completed
4139,638,19,2025-07-25,completed
4140,589,8,2025-08-26,completed
4141,594,8,2025-05-31,completed
4142,795,19,2025-11-13,completed
4143,482,17,2025-05-27,completed
4144,720,3,2025-08-26,completed
4145,933,18,2025-05-21,completed
4146,27,8,2025-04-28,completed
4147,299,14,2025-03-04,completed
4148,375,6,2025-07-08,completed
4149,866,14,2025-06-28,completed
4150,149,3,2025-10-24,completed
4151,985,10,2025-07-18,completed
4152,938,12,2025-05-13,completed
4153,71,15,2025-12-14,cancelled
4154,287,18,2025-12-01,completed
4155,130,12,2025-06-30,completed
4156,325,2,2025-07-06,completed
4157,130,8,2025-09-03,completed
4158,913,7,2025-08-08,completed
4159,216,6,2025-11-19,completed
4160,642,8,2025-07-22,completed
4161,554,8,2025-10-31,completed
4162,497,15,2025-09-05,completed
4163,296,3,2025-02-01,completed
4164,894,17,2025-04-17,completed
4165,771,11,2025-11-19,completed
4166,401,2,2025-08-28,completed
4167,298,15,2025-03-27,completed
4168,118,2,2025-04-19,completed
4169,339,10,2025-11-18,completed
4170,363,3,2025-04-30,completed
4171,394,16,2025-06-26,completed
4172,277,6,2025-10-21,completed
4173,657,11,2025-03-27,completed
4174,671,3,2025-10-09,completed
4175,889,1,2025-06-16,completed
4176,498,7,2025-04-02,completed
4177,94,2,2025-01-23,completed
4178,581,10,2025-12-31,completed
4179,668,4,2025-08-01,completed
4180,58,19,2025-01-26,completed
4181,787,5,2025-10-03,completed
4182,712,4,2025-10-17,completed
4183,529,14,2025-10-01,completed
4184,988,16,2025-08-07,completed
4185,401,16,2025-10-21,completed
4186,818,4,2025-09-29,completed
4187,816,3,2025-08-29,completed
4188,322,8,2025-01-24,completed
4189,812,10,2025-03-06,completed
4190,151,16,2025-12-07,completed
4191,950,20,2025-09-25,cancelled
4192,362,15,2025-07-09,completed
4193,139,7,2025-05-18,completed
4194,153,16,2025-03-27,completed
4195,92,11,2025-08-02,completed
4196,874,16,2025-01-23,completed
4197,910,5,2025-10-03,completed
4198,22,14,2025-04-05,completed
4199,303,9,2025-12-14,completed
4200,360,13,2025-07-11,completed
4201,209,4,2025-04-24,completed
4202,806,20,2025-12-02,completed
4203,943,14,2025-11-06,cancelled
4204,443,4,2025-01-31,completed
4205,2,9,2025-04-04,completed
4206,847,1,2025-07-19,cancelled
4207,401,19,2025-03-10,cancelled
4208,485,18,2025-10-04,completed
4209,417,18,2025-08-19,completed
4210,405,4,2025-07-08,completed
4211,807,6,2025-10-01,completed
4212,950,12,2025-01-19,completed
4213,236,8,2025-05-13,completed
4214,614,17,2025-06-05,completed
4215,450,4,2025-03-01,completed
4216,904,20,2025-02-23,completed
4217,666,1,2025-12-28,completed
4218,153,17,2025-12-18,completed
4219,133,10,2025-09-22,completed
4220,932,9,2025-01-06,completed
4221,204,13,2025-07-06,completed
4222,224,16,2025-05-24,completed
4223,481,3,2025-03-26,completed
4224,722,16,2025-08-29,completed
4225,76,4,2025-07-29,completed
4226,238,12,2025-08-11,cancelled
4227,911,5,2025-09-17,completed
4228,150,5,2025-09-09,completed
4229,869,12,2025-07-17,completed
4230,913,2,2025-09-15,completed
4231,811,8,2025-10-03,completed
4232,48,9,2025-12-19,completed
4233,300,18,2025-01-11,completed
4234,644,2,2025-04-26,completed
4235,615,2,2025-05-31,completed
4236,17,10,2025-08-02,cancelled
4237,2,4,2025-10-07,completed
4238,72,11,2025-02-24,completed
4239,737,16,2025-07-10,completed
4240,904,11,2025-05-25,completed
4241,758,3,2025-06-04,cancelled
4242,635,7,2025-09-18,completed
4243,599,15,2025-07-04,completed
4244,482,12,2025-07-01,completed
4245,317,1,2025-10-02,completed
4246,31,18,2025-05-19,completed
4247,977,18,2025-05-07,completed
4248,5,16,2025-11-03,completed
4249,100,10,2025-09-30,completed
4250,952,11,2025-02-20,completed
4251,940,17,2025-07-02,completed
4252,192,18,2025-04-16,completed
4253,825,6,2025-02-05,completed
4254,684,15,2025-11-12,completed
4255,700,16,2025-12-20,completed
4256,840,4,2025-09-14,completed
4257,508,16,2025-06-22,completed
4258,771,3,2025-08-17,cancelled
4259,289,9,2025-08-25,completed
4260,123,6,2025-01-26,completed
4261,523,7,2025-01-12,completed
4262,453,6,2025-12-01,completed
4263,686,8,2025-11-23,completed
4264,740,9,2025-08-08,completed
4265,258,3,2025-09-17,completed
4266,114,20,2025-04-11,completed
4267,669,19,2025-02-01,completed
4268,612,2,2025-02-11,completed
4269,190,16,2025-09-03,completed
4270,590,3,2025-12-11,completed
4271,393,7,2025-06-20,completed
4272,58,17,2025-07-21,completed
4273,958,14,2025-03-21,completed
4274,568,16,2025-05-24,completed
4275,397,4,2025-07-07,completed
4276,320,20,2025-08-14,completed
4277,700,17,2025-12-03,completed
4278,791,12,2025-08-09,completed
4279,811,16,2025-09-08,completed
4280,666,15,2025-01-11,completed
4281,591,20,2025-07-24,completed
4282,351,10,2025-03-12,completed
4283,484,5,2025-02-08,completed
4284,74,8,2025-01-04,completed
4285,951,20,2025-10-12,completed
4286,589,12,2025-11-18,completed
4287,706,1,2025-01-22,completed
4288,216,14,2025-03-31,completed
4289,350,9,2025-06-25,completed
4290,407,9,2025-09-09,completed
4291,433,17,2025-10-25,completed
4292,509,20,2025-10-22,completed
4293,302,6,2025-02-12,completed
4294,415,2,2025-11-09,completed
4295,672,11,2025-08-11,completed
4296,239,18,2025-02-07,completed
4297,237,6,2025-08-25,completed
4298,732,16,2025-02-11,completed
4299,535,18,2025-07-14,completed
4300,384,15,2025-01-07,completed
4301,120,20,2025-09-29,completed
4302,2,17,2025-03-29,completed
4303,526,19,2025-04-11,completed
4304,262,5,2025-10-29,completed
4305,950,10,2025-08-20,completed
4306,671,19,2025-09-14,completed
4307,893,9,2025-11-25,completed
4308,747,13,2025-02-23,completed
4309,456,15,2025-12-18,completed
4310,355,11,2025-12-10,completed
4311,93,3,2025-01-01,completed
4312,694,7,2025-08-27,completed
4313,492,11,2025-11-25,completed
4314,334,5,2025-02-13,completed
4315,563,1,2025-03-25,completed
4316,240,2,2025-01-31,completed
4317,805,16,2025-05-02,completed
4318,702,18,2025-03-27,completed
4319,605,13,2025-11-17,completed
4320,736,6,2025-04-18,completed
4321,931,17,2025-03-02,completed
4322,255,5,2025-11-11,completed
4323,410,17,2025-08-06,completed
4324,810,15,2025-02-14,completed
4325,574,16,2025-06-08,completed
4326,424,3,2025-02-13,completed
4327,49,15,2025-09-06,cancelled
4328,372,20,2025-03-05,completed
4329,433,8,2025-01-25,completed
4330,412,6,2025-03-13,completed
4331,719,6,2025-03-14,completed
4332,123,9,2025-10-24,completed
4333,982,14,2025-06-25,completed
4334,807,10,2025-02-17,completed
4335,621,12,2025-01-02,completed
4336,624,12,2025-07-22,completed
4337,84,19,2025-04-21,completed
4338,925,8,2025-01-28,completed
4339,661,13,2025-03-11,completed
4340,638,18,2025-12-25,completed
4341,243,9,2025-12-16,completed
4342,533,1,2025-08-23,completed
4343,344,2,2025-05-18,completed
4344,781,11,2025-03-25,completed
4345,680,5,2025-08-13,completed
4346,836,4,2025-04-26,completed
4347,753,19,2025-09-14,completed
4348,861,15,2025-12-04,completed
4349,850,8,2025-11-05,completed
4350,227,3,2025-02-06,completed
4351,232,7,2025-06-07,completed
4352,587,7,2025-07-04,completed
4353,391,19,2025-09-01,completed
4354,244,19,2025-07-25,completed
4355,890,20,2025-12-05,completed
4356,737,9,2025-01-31,cancelled
4357,280,4,2025-07-26,completed
4358,266,9,2025-02-15,completed
4359,987,13,2025-11-06,completed
4360,614,2,2025-09-18,completed
4361,883,13,2025-10-04,cancelled
4362,48,19,2025-10-04,completed
4363,394,16,2025-08-05,completed
4364,910,7,2025-12-03,completed
4365,272,14,2025-04-11,completed
4366,333,12,2025-10-06,completed
4367,894,13,2025-06-27,completed
4368,364,1,2025-06-16,completed
4369,410,12,2025-07-12,completed
4370,253,16,2025-05-01,completed
4371,584,1,2025-10-16,completed
4372,31,5,2025-04-15,completed
4373,369,10,2025-04-20,completed
4374,526,3,2025-05-03,completed
4375,988,1,2025-10-16,completed
4376,185,7,2025-05-28,completed
4377,265,15,2025-07-15,completed
4378,675,20,2025-11-16,completed
4379,257,6,2025-03-27,completed
4380,359,12,2025-04-05,completed
4381,848,8,2025-03-17,completed
4382,783,5,2025-09-30,completed
4383,703,6,2025-03-14,completed
4384,292,18,2025-04-11,completed
4385,218,7,2025-08-29,completed
4386,929,8,2025-05-27,completed
4387,872,17,2025-04-08,completed
4388,11,8,2025-09-02,completed
4389,124,5,2025-10-31,completed
4390,210,19,2025-10-15,completed
4391,434,16,2025-11-27,completed
4392,476,8,2025-05-12,completed
4393,427,6,2025-01-10,completed
4394,662,6,2025-02-06,completed
4395,570,2,2025-08-24,completed
4396,193,12,2025-05-19,completed
4397,874,17,2025-11-07,completed
4398,313,13,2025-05-23,completed
4399,939,17,2025-09-06,completed
4400,187,16,2025-10-20,completed
4401,454,5,2025-05-21,completed
4402,264,13,2025-12-14,completed
4403,732,11,2025-01-17,completed
4404,355,16,2025-06-22,completed
4405,853,14,2025-08-29,completed
4406,711,7,2025-09-11,completed
4407,534,14,2025-09-29,completed
4408,194,15,2025-06-16,completed
4409,486,14,2025-05-12,completed
4410,768,9,2025-12-02,completed
4411,751,6,2025-09-08,completed
4412,807,6,2025-05-03,completed
4413,184,3,2025-02-28,completed
4414,978,11,2025-01-19,completed
4415,984,14,2025-10-25,completed
4416,984,5,2025-11-30,completed
4417,893,12,2025-03-20,completed
4418,676,6,2025-04-18,completed
4419,745,3,2025-04-12,completed
4420,398,10,2025-05-18,completed
4421,334,7,2025-06-27,cancelled
4422,863,11,2025-09-11,completed
4423,298,1,2025-05-27,completed
4424,298,18,2025-12-04,completed
4425,556,13,2025-02-26,completed
4426,143,18,2025-05-19,completed
4427,258,5,2025-01-30,completed
4428,270,13,2025-03-07,cancelled
4429,332,6,2025-02-27,completed
4430,54,19,2025-03-21,completed
4431,636,18,2025-04-11,completed
4432,561,12,2025-04-04,cancelled
4433,207,3,2025-07-27,completed
4434,48,7,2025-06-13,completed
4435,429,8,2025-11-20,completed
4436,432,1,2025-02-11,completed
4437,591,9,2025-03-23,completed
4438,266,20,2025-03-29,completed
4439,960,17,2025-03-13,completed
4440,551,17,2025-02-17,completed
4441,349,4,2025-05-06,completed
4442,452,6,2025-05-21,completed
4443,236,5,2025-10-26,completed
4444,1,7,2025-05-28,completed
4445,968,18,2025-02-28,completed
4446,618,16,2025-11-02,completed
4447,746,12,2025-03-17,completed
4448,92,11,2025-05-14,completed
4449,381,19,2025-05-18,completed
4450,208,10,2025-06-14,completed
4451,674,13,2025-05-11,completed
4452,106,18,2025-02-28,completed
4453,827,9,2025-11-16,completed
4454,838,5,2025-10-20,completed
4455,30,13,2025-10-04,completed
4456,265,11,2025-10-08,completed
4457,262,5,2025-04-23,completed
4458,532,7,2025-09-08,completed
4459,640,7,2025-02-24,completed
4460,212,6,2025-10-02,completed
4461,266,13,2025-11-01,completed
4462,327,6,2025-12-24,completed
4463,548,1,2025-01-29,completed
4464,403,16,2025-07-20,completed
4465,218,20,2025-10-02,completed
4466,51,16,2025-09-12,completed
4467,141,3,2025-08-03,completed
4468,174,15,2025-03-12,completed
4469,444,13,2025-03-12,completed
4470,526,9,2025-10-16,completed
4471,869,1,2025-11-04,completed
4472,291,3,2025-09-10,completed
4473,271,9,2025-12-11,completed
4474,903,10,2025-12-12,completed
4475,644,15,2025-09-20,completed
4476,554,16,2025-12-07,completed
4477,36,3,2025-06-21,completed
4478,396,3,2025-01-15,completed
4479,73,5,2025-09-14,completed
4480,60,19,2025-01-21,completed
4481,547,16,2025-09-05,cancelled
4482,70,8,2025-05-12,cancelled
4483,255,3,2025-12-29,completed
4484,142,10,2025-03-06,completed
4485,89,15,2025-11-04,completed
4486,930,13,2025-12-31,completed
4487,304,15,2025-02-08,completed
4488,691,15,2025-11-05,completed
4489,247,18,2025-07-28,completed
4490,602,10,2025-08-31,completed
4491,217,12,2025-01-28,completed
4492,873,1,2025-04-10,completed
4493,351,20,2025-08-15,completed
4494,165,1,2025-04-06,completed
4495,846,20,2025-05-14,completed
4496,217,9,2025-10-25,completed
4497,957,7,2025-01-17,completed
4498,627,19,2025-01-02,completed
4499,486,13,2025-04-10,completed
4500,405,7,2025-01-24,completed
4501,311,7,2025-02-11,completed
4502,214,12,2025-12-02,completed
4503,406,17,2025-10-09,completed
4504,851,18,2025-05-31,cancelled
4505,90,9,2025-10-07,completed
4506,277,4,2025-08-26,completed
4507,297,4,2025-08-19,completed
4508,698,2,2025-06-13,completed
4509,97,14,2025-04-07,completed
4510,705,6,2025-06-25,completed
4511,419,8,2025-12-06,completed
4512,540,16,2025-03-17,completed
4513,545,16,2025-09-02,completed
4514,545,8,2025-09-22,completed
4515,378,20,2025-04-06,completed
4516,393,12,2025-06-28,completed
4517,559,11,2025-02-09,completed
4518,980,13,2025-02-25,completed
4519,670,1,2025-07-02,completed
4520,108,3,2025-09-29,completed
4521,153,8,2025-02-21,completed
4522,906,15,2025-01-30,completed
4523,717,2,2025-03-07,completed
4524,222,3,2025-08-25,completed
4525,47,10,2025-11-14,completed
4526,400,14,2025-12-26,completed
4527,496,11,2025-10-03,completed
4528,324,9,2025-07-16,completed
4529,341,4,2025-01-06,completed
4530,315,18,2025-08-01,completed
4531,593,2,2025-07-14,completed
4532,222,10,2025-07-19,completed
4533,331,14,2025-09-15,completed
4534,640,3,2025-04-15,completed
4535,597,18,2025-01-18,completed
4536,160,19,2025-05-27,completed
4537,229,13,2025-10-24,completed
4538,663,2,2025-04-20,completed
4539,35,10,2025-10-12,completed
4540,480,8,2025-09-24,completed
4541,176,10,2025-09-11,completed
4542,701,2,2025-06-24,completed
4543,741,8,2025-09-28,completed
4544,739,15,2025-01-24,completed
4545,390,1,2025-01-25,completed
4546,119,10,2025-04-07,completed
4547,652,13,2025-03-14,completed
4548,545,7,2025-10-09,completed
4549,944,15,2025-11-25,completed
4550,533,14,2025-05-05,completed
4551,266,10,2025-02-24,completed
4552,591,12,2025-06-13,completed
4553,849,8,2025-07-23,completed
4554,188,3,2025-08-22,completed
4555,592,6,2025-12-06,cancelled
4556,55,20,2025-01-07,completed
4557,279,3,2025-01-22,completed
4558,483,12,2025-12-14,completed
4559,770,14,2025-03-16,completed
4560,173,4,2025-11-13,cancelled
4561,106,13,2025-05-31,completed
4562,540,10,2025-02-27,completed
4563,291,16,2025-09-05,completed
4564,399,2,2025-02-15,completed
4565,397,20,2025-06-28,cancelled
4566,855,16,2025-06-08,completed
4567,279,15,2025-08-17,completed
4568,472,13,2025-03-17,completed
4569,763,7,2025-01-15,completed
4570,775,2,2025-10-15,completed
4571,739,7,2025-06-19,completed
4572,130,11,2025-11-03,completed
4573,677,16,2025-03-18,completed
4574,617,6,2025-02-10,completed
4575,876,7,2025-08-28,completed
4576,6,15,2025-01-16,completed
4577,643,18,2025-03-29,completed
4578,612,6,2025-12-06,completed
4579,460,6,2025-05-10,completed
4580,571,20,2025-06-04,completed
4581,233,2,2025-02-05,completed
4582,185,6,2025-12-01,cancelled
4583,553,1,2025-05-23,completed
4584,225,20,2025-01-17,completed
4585,448,18,2025-06-17,completed
4586,895,9,2025-12-02,completed
4587,212,13,2025-01-06,completed
4588,638,14,2025-09-27,completed
4589,975,6,2025-09-28,completed
4590,488,11,2025-09-03,completed
4591,269,7,2025-06-20,completed
4592,640,8,2025-06-06,completed
4593,876,17,2025-11-05,completed
4594,452,8,2025-07-27,completed
4595,602,20,2025-02-06,cancelled
4596,548,11,2025-11-12,completed
4597,547,1,2025-05-01,completed
4598,356,12,2025-02-26,completed
4599,306,10,2025-07-22,completed
4600,689,1,2025-01-16,completed
4601,644,1,2025-01-29,completed
4602,863,14,2025-12-02,completed
4603,116,11,2025-03-24,completed
4604,268,19,2025-05-24,completed
4605,94,14,2025-09-11,completed
4606,776,13,2025-06-09,completed
4607,394,14,2025-02-15,completed
4608,318,12,2025-03-15,completed
4609,255,13,2025-01-08,completed
4610,363,14,2025-07-22,cancelled
4611,541,5,2025-08-26,completed
4612,647,1,2025-06-14,completed
4613,759,1,2025-06-26,cancelled
4614,744,2,2025-05-21,completed
4615,26,19,2025-05-08,completed
4616,677,1,2025-06-27,completed
4617,998,5,2025-12-26,completed
4618,770,5,2025-06-06,completed
4619,565,9,2025-11-02,completed
4620,261,13,2025-02-13,completed
4621,206,10,2025-09-04,completed
4622,583,15,2025-03-08,completed
4623,924,9,2025-08-30,completed
4624,573,20,2025-11-24,completed
4625,650,1,2025-05-13,completed
4626,203,10,2025-12-23,completed
4627,498,5,2025-02-28,completed
4628,220,3,2025-01-03,completed
4629,473,7,2025-08-08,completed
4630,485,6,2025-04-29,completed
4631,773,13,2025-10-16,completed
4632,423,2,2025-08-23,completed
4633,135,7,2025-05-30,completed
4634,741,1,2025-04-11,completed
4635,268,16,2025-01-26,completed
4636,129,8,2025-11-22,completed
4637,292,14,2025-02-13,completed
4638,532,10,2025-04-21,completed
4639,623,4,2025-03-11,completed
4640,760,14,2025-04-11,completed
4641,953,9,2025-08-13,completed
4642,248,17,2025-08-20,completed
4643,37,5,2025-07-01,completed
4644,573,8,2025-09-12,completed
4645,629,10,2025-07-17,completed
4646,294,3,2025-08-25,cancelled
4647,738,17,2025-01-06,completed
4648,850,19,2025-11-06,completed
4649,531,20,2025-03-15,completed
4650,203,18,2025-05-26,completed
4651,664,15,2025-05-04,completed
4652,738,14,2025-03-02,completed
4653,366,15,2025-12-03,completed
4654,629,20,2025-03-22,completed
4655,556,13,2025-12-26,completed
4656,302,14,2025-10-31,completed
4657,379,4,2025-08-09,completed
4658,314,5,2025-12-29,completed
4659,111,17,2025-01-06,completed
4660,358,18,2025-04-01,completed
4661,744,12,2025-10-20,completed
4662,818,7,2025-04-11,completed
4663,620,5,2025-12-02,completed
4664,265,13,2025-07-26,completed
4665,23,8,2025-04-28,completed
4666,429,10,2025-04-19,completed
4667,974,14,2025-07-16,completed
4668,178,11,2025-12-29,completed
4669,214,19,2025-05-04,completed
4670,6,6,2025-01-14,completed
4671,960,8,2025-12-06,completed
4672,560,1,2025-04-18,completed
4673,351,9,2025-11-10,completed
4674,396,14,2025-02-17,completed
4675,945,12,2025-05-02,completed
4676,691,8,2025-09-18,completed
4677,232,15,2025-05-14,completed
4678,85,17,2025-09-11,completed
4679,853,15,2025-10-24,completed
4680,169,12,2025-07-18,completed
4681,319,14,2025-07-31,completed
4682,86,6,2025-03-04,completed
4683,646,9,2025-02-20,completed
4684,87,8,2025-01-18,completed
4685,139,18,2025-07-25,completed
4686,142,19,2025-03-03,completed
4687,140,11,2025-11-14,completed
4688,130,2,2025-05-09,completed
4689,693,12,2025-08-18,completed
4690,459,15,2025-06-07,completed
4691,608,11,2025-01-09,completed
4692,772,14,2025-06-19,completed
4693,663,8,2025-09-19,completed
4694,934,4,2025-04-06,completed
4695,479,7,2025-09-05,completed
4696,141,3,2025-02-14,completed
4697,186,16,2025-10-21,completed
4698,278,1,2025-01-16,completed
4699,196,12,2025-02-05,completed
4700,787,16,2025-01-09,completed
4701,459,13,2025-08-09,completed
4702,197,12,2025-02-15,completed
4703,374,15,2025-09-28,completed
4704,377,4,2025-07-15,completed
4705,786,5,2025-01-02,completed
4706,303,2,2025-04-04,completed
4707,897,13,2025-03-05,completed
4708,165,9,2025-06-25,completed
4709,140,14,2025-06-14,completed
4710,87,15,2025-05-20,completed
4711,239,15,2025-01-01,completed
4712,261,18,2025-03-22,completed
4713,923,3,2025-11-23,completed
4714,954,1,2025-04-06,cancelled
4715,980,13,2025-03-19,completed
4716,710,16,2025-10-22,completed
4717,813,15,2025-03-14,completed
4718,588,4,2025-12-23,completed
4719,955,14,2025-05-04,completed
4720,397,8,2025-12-08,completed
4721,915,3,2025-08-05,completed
4722,684,13,2025-05-19,completed
4723,69,1,2025-07-13,completed
4724,262,8,2025-02-15,completed
4725,775,12,2025-04-14,completed
4726,310,11,2025-02-20,completed
4727,397,20,2025-07-17,completed
4728,517,12,2025-04-04,cancelled
4729,728,8,2025-03-09,completed
4730,912,7,2025-08-16,cancelled
4731,554,11,2025-09-06,completed
4732,154,6,2025-04-14,completed
4733,66,18,2025-11-17,completed
4734,18,20,2025-07-21,completed
4735,732,12,2025-04-02,completed
4736,20,14,2025-07-25,completed
4737,333,13,2025-03-20,completed
4738,708,10,2025-11-21,completed
4739,574,11,2025-09-09,completed
4740,1,7,2025-11-06,completed
4741,954,13,2025-09-25,completed
4742,725,10,2025-12-05,completed
4743,904,1,2025-07-05,completed
4744,267,4,2025-07-30,completed
4745,866,17,2025-04-26,completed
4746,641,10,2025-11-24,completed
4747,683,1,2025-06-22,completed
4748,234,16,2025-03-12,completed
4749,988,1,2025-08-09,completed
4750,946,9,2025-09-07,completed
4751,136,8,2025-11-16,completed
4752,54,17,2025-02-17,completed
4753,641,10,2025-08-11,completed
4754,754,10,2025-07-13,completed
4755,305,13,2025-11-07,completed
4756,74,6,2025-03-24,completed
4757,442,15,2025-01-12,completed
4758,809,5,2025-08-02,completed
4759,38,3,2025-06-08,completed
4760,147,6,2025-11-08,completed
4761,78,5,2025-03-25,completed
4762,482,19,2025-06-08,completed
4763,467,2,2025-04-14,completed
4764,376,10,2025-04-06,completed
4765,40,13,2025-08-28,completed
4766,509,3,2025-08-02,completed
4767,542,14,2025-02-09,completed
4768,998,13,2025-11-22,completed
4769,42,15,2025-06-28,completed
4770,768,19,2025-02-11,completed
4771,247,9,2025-07-20,completed
4772,771,18,2025-04-06,completed
4773,231,8,2025-04-15,completed
4774,365,16,2025-07-01,cancelled
4775,554,20,2025-05-03,completed
4776,339,6,2025-07-20,completed
4777,718,6,2025-06-17,completed
4778,565,8,2025-05-01,completed
4779,366,17,2025-10-23,completed
4780,834,6,2025-10-11,completed
4781,58,19,2025-04-01,completed
4782,241,13,2025-10-01,completed
4783,124,20,2025-11-07,completed
4784,845,13,2025-04-26,completed
4785,3,20,2025-05-02,completed
4786,609,14,2025-03-12,completed
4787,710,7,2025-12-18,completed
4788,427,7,2025-07-17,completed
4789,339,3,2025-12-02,completed
4790,867,1,2025-12-22,completed
4791,885,14,2025-06-03,completed
4792,36,12,2025-11-06,completed
4793,625,18,2025-06-14,completed
4794,564,20,2025-02-08,completed
4795,186,1,2025-07-29,completed
4796,291,18,2025-01-04,completed
4797,855,15,2025-05-13,completed
4798,196,15,2025-09-14,completed
4799,334,15,2025-09-17,completed
4800,47,14,2025-04-22,completed
4801,530,7,2025-01-15,completed
4802,64,2,2025-06-16,completed
4803,11,4,2025-04-19,completed
4804,322,2,2025-05-21,completed
4805,629,20,2025-07-26,cancelled
4806,581,4,2025-04-14,completed
4807,966,11,2025-01-26,completed
4808,81,16,2025-12-02,completed
4809,885,7,2025-06-30,completed
4810,983,1,2025-04-13,completed
4811,936,12,2025-08-30,completed
4812,290,12,2025-07-02,completed
4813,473,17,2025-07-14,completed
4814,645,3,2025-08-03,completed
4815,195,3,2025-09-23,completed
4816,235,16,2025-01-17,cancelled
4817,106,13,2025-06-29,completed
4818,466,5,2025-11-26,completed
4819,730,7,2025-09-06,completed
4820,933,3,2025-05-03,completed
4821,831,14,2025-01-19,completed
4822,530,20,2025-07-07,completed
4823,824,2,2025-06-16,completed
4824,234,8,2025-12-18,completed
4825,224,7,2025-08-10,completed
4826,526,16,2025-10-09,completed
4827,417,16,2025-06-28,completed
4828,187,5,2025-08-10,completed
4829,237,5,2025-10-18,completed
4830,40,1,2025-04-04,completed
4831,349,1,2025-05-30,completed
4832,263,16,2025-02-04,cancelled
4833,51,16,2025-09-19,completed
4834,359,18,2025-02-27,completed
4835,550,2,2025-12-06,completed
4836,476,7,2025-05-01,completed
4837,440,19,2025-10-30,completed
4838,857,7,2025-03-29,completed
4839,166,1,2025-02-09,completed
4840,367,5,2025-08-02,completed
4841,205,20,2025-08-31,completed
4842,929,9,2025-09-27,completed
4843,442,1,2025-02-13,completed
4844,439,17,2025-10-20,completed
4845,745,5,2025-06-27,completed
4846,653,3,2025-08-31,completed
4847,614,12,2025-05-03,completed
4848,90,3,2025-02-03,completed
4849,746,17,2025-06-22,completed
4850,801,1,2025-05-02,completed
4851,256,3,2025-05-20,completed
4852,793,12,2025-03-05,completed
4853,763,7,2025-06-21,completed
4854,532,3,2025-03-12,completed
4855,564,4,2025-03-02,completed
4856,142,11,2025-02-17,completed
4857,997,13,2025-03-15,completed
4858,538,5,2025-04-23,completed
4859,829,1,2025-09-30,completed
4860,316,15,2025-09-17,completed
4861,234,13,2025-09-07,completed
4862,785,14,2025-06-18,completed
4863,797,12,2025-08-26,completed
4864,212,20,2025-07-25,completed
4865,369,18,2025-05-29,cancelled
4866,229,9,2025-07-04,completed
4867,271,2,2025-06-24,completed
4868,259,5,2025-04-28,cancelled
4869,688,6,2025-09-22,completed
4870,347,18,2025-08-16,completed
4871,708,12,2025-11-04,completed
4872,830,20,2025-07-10,completed
4873,209,17,2025-12-22,completed
4874,388,20,2025-03-02,completed
4875,402,14,2025-05-08,completed
4876,914,7,2025-04-02,completed
4877,265,1,2025-01-29,completed
4878,344,8,2025-08-05,completed
4879,425,9,2025-09-17,completed
4880,560,18,2025-04-05,completed
4881,735,19,2025-04-25,completed
4882,851,12,2025-03-01,completed
4883,670,2,2025-05-07,completed
4884,270,18,2025-07-10,completed
4885,530,12,2025-07-23,completed
4886,420,13,2025-12-03,completed
4887,702,12,2025-02-22,completed
4888,468,2,2025-09-13,completed
4889,300,15,2025-11-04,completed
4890,734,16,2025-10-22,completed
4891,292,7,2025-03-29,completed
4892,19,18,2025-01-08,completed
4893,56,17,2025-09-12,completed
4894,634,12,2025-07-26,completed
4895,103,11,2025-01-14,completed
4896,6,1,2025-04-07,completed
4897,657,19,2025-01-13,cancelled
4898,465,11,2025-06-04,completed
4899,306,6,2025-10-22,completed
4900,326,14,2025-05-21,completed
4901,908,10,2025-02-04,cancelled
4902,134,6,2025-11-01,completed
4903,838,10,2025-10-27,completed
4904,67,16,2025-12-08,completed
4905,707,17,2025-11-12,completed
4906,230,7,2025-04-18,completed
4907,524,8,2025-12-31,completed
4908,502,1,2025-11-14,completed
4909,456,17,2025-05-22,completed
4910,808,4,2025-03-29,completed
4911,884,15,2025-10-27,cancelled
4912,682,14,2025-03-11,completed
4913,535,18,2025-06-23,completed
4914,276,20,2025-07-18,completed
4915,499,10,2025-06-25,completed
4916,555,9,2025-02-13,completed
4917,225,14,2025-10-10,completed
4918,539,6,2025-08-04,completed
4919,76,20,2025-02-03,completed
4920,269,20,2025-09-09,cancelled
4921,663,12,2025-08-29,completed
4922,558,18,2025-01-22,completed
4923,884,3,2025-05-11,completed
4924,219,6,2025-07-26,completed
4925,260,1,2025-04-14,completed
4926,404,2,2025-07-25,completed
4927,794,20,2025-10-14,completed
4928,326,14,2025-09-15,completed
4929,261,8,2025-03-08,completed
4930,816,18,2025-11-29,completed
4931,683,17,2025-08-11,completed
4932,993,20,2025-01-27,completed
4933,858,17,2025-04-15,completed
4934,90,20,2025-07-21,completed
4935,289,6,2025-02-05,completed
4936,1000,1,2025-10-30,completed
4937,825,11,2025-02-08,completed
4938,222,18,2025-01-23,completed
4939,38,16,2025-02-02,completed
4940,200,14,2025-04-26,completed
4941,190,2,2025-09-23,completed
4942,685,11,2025-02-19,completed
4943,88,13,2025-08-02,completed
4944,148,20,2025-05-29,completed
4945,321,3,2025-05-15,completed
4946,592,8,2025-07-03,completed
4947,302,8,2025-11-09,completed
4948,609,15,2025-01-16,completed
4949,428,11,2025-08-20,cancelled
4950,403,12,2025-12-12,completed
4951,531,3,2025-02-25,completed
4952,666,15,2025-05-06,completed
4953,695,17,2025-10-20,completed
4954,796,18,2025-09-24,completed
4955,720,6,2025-06-14,completed
4956,538,2,2025-05-18,completed
4957,718,17,2025-09-30,cancelled
4958,789,1,2025-02-18,completed
4959,831,13,2025-01-04,completed
4960,294,2,2025-07-07,completed
4961,336,12,2025-01-31,completed
4962,678,18,2025-02-25,completed
4963,518,1,2025-03-10,completed
4964,557,16,2025-02-27,completed
4965,309,3,2025-03-08,completed
4966,159,20,2025-10-08,completed
4967,989,6,2025-11-30,completed
4968,551,14,2025-11-10,completed
4969,44,15,2025-04-27,completed
4970,342,1,2025-10-10,completed
4971,754,14,2025-06-02,completed
4972,319,7,2025-05-24,completed
4973,458,15,2025-03-11,completed
4974,41,1,2025-03-24,completed
4975,333,12,2025-08-08,completed
4976,429,19,2025-10-24,completed
4977,176,15,2025-08-03,completed
4978,375,6,2025-10-01,completed
4979,894,11,2025-08-31,completed
4980,389,4,2025-04-24,completed
4981,426,10,2025-09-23,completed
4982,524,14,2025-03-23,completed
4983,665,12,2025-10-14,completed
4984,877,15,2025-08-31,completed
4985,34,3,2025-12-12,cancelled
4986,873,9,2025-06-09,completed
4987,778,17,2025-08-04,completed
4988,774,14,2025-05-10,completed
4989,768,14,2025-06-20,completed
4990,983,12,2025-01-27,completed
4991,713,12,2025-03-03,completed
4992,654,20,2025-12-05,completed
4993,727,18,2025-03-01,completed
4994,727,2,2025-05-05,completed
4995,115,11,2025-11-10,completed
4996,251,18,2025-12-20,completed
4997,930,11,2025-07-29,cancelled
4998,145,2,2025-04-06,completed
4999,419,5,2025-07-25,completed
5000,742,9,2025-03-01,completed
5001,259,5,2025-12-06,completed
5002,597,19,2025-06-02,completed
5003,594,15,2025-01-30,completed
5004,930,2,2025-09-08,completed
5005,743,5,2025-01-17,completed
5006,952,11,2025-03-04,completed
5007,211,9,2025-10-31,completed
5008,783,6,2025-07-18,completed
5009,999,18,2025-02-11,completed
5010,979,17,2025-04-25,completed
5011,779,20,2025-04-22,completed
5012,102,2,2025-03-11,cancelled
5013,795,11,2025-09-22,completed
5014,32,18,2025-12-11,completed
5015,638,2,2025-01-06,completed
5016,800,9,2025-02-18,completed
5017,291,1,2025-11-28,completed
5018,130,19,2025-01-27,completed
5019,219,1,2025-11-28,completed
5020,724,6,2025-11-08,completed
5021,618,12,2025-03-24,completed
5022,869,19,2025-05-12,completed
5023,316,6,2025-07-02,completed
5024,253,6,2025-08-13,completed
5025,821,17,2025-12-20,completed
5026,468,3,2025-10-17,completed
5027,320,4,2025-01-24,completed
5028,710,15,2025-12-06,completed
5029,305,20,2025-12-11,completed
5030,76,11,2025-03-18,completed
5031,928,12,2025-01-28,completed
5032,968,19,2025-05-11,completed
5033,745,17,2025-09-21,cancelled
5034,193,16,2025-09-28,completed
5035,642,7,2025-04-10,completed
5036,280,2,2025-10-10,completed
5037,294,4,2025-02-16,completed
5038,301,19,2025-02-18,completed
5039,463,14,2025-09-17,completed
5040,705,12,2025-12-01,completed
5041,923,1,2025-06-02,completed
5042,1000,14,2025-10-05,completed
5043,14,5,2025-12-29,completed
5044,525,9,2025-01-13,completed
5045,859,3,2025-01-02,completed
5046,27,13,2025-02-18,completed
5047,362,18,2025-12-11,completed
5048,622,19,2025-09-19,completed
5049,481,15,2025-08-27,completed
5050,79,12,2025-11-04,completed
5051,356,8,2025-08-04,completed
5052,516,18,2025-05-04,completed
5053,133,4,2025-04-19,completed
5054,822,4,2025-05-02,completed
5055,487,9,2025-04-02,completed
5056,829,3,2025-03-15,completed
5057,737,19,2025-11-23,completed
5058,441,1,2025-08-02,completed
5059,324,18,2025-06-21,completed
5060,191,17,2025-03-03,completed
5061,484,15,2025-08-30,completed
5062,535,20,2025-02-12,completed
5063,508,18,2025-04-13,completed
5064,788,11,2025-10-19,completed
5065,256,12,2025-09-19,completed
5066,388,4,2025-10-13,completed
5067,885,12,2025-09-28,completed
5068,800,5,2025-12-15,completed
5069,970,16,2025-09-27,completed
5070,880,10,2025-04-23,completed
5071,755,10,2025-06-11,completed
5072,228,2,2025-11-14,completed
5073,58,9,2025-04-23,completed
5074,616,6,2025-11-19,completed
5075,281,3,2025-03-02,completed
5076,91,18,2025-04-09,cancelled
5077,367,19,2025-10-16,completed
5078,759,9,2025-08-15,completed
5079,776,11,2025-08-28,completed
5080,47,20,2025-11-24,completed
5081,463,11,2025-02-08,completed
5082,735,5,2025-09-05,completed
5083,846,10,2025-05-03,completed
5084,41,8,2025-02-10,completed
5085,997,10,2025-11-25,completed
5086,667,8,2025-05-14,completed
5087,638,11,2025-12-22,completed
5088,197,15,2025-11-21,completed
5089,772,20,2025-07-18,completed
5090,268,3,2025-10-05,completed
5091,584,20,2025-11-27,completed
5092,541,7,2025-04-23,completed
5093,77,11,2025-02-07,completed
5094,72,8,2025-09-23,completed
5095,989,7,2025-04-14,completed
5096,44,16,2025-04-18,completed
5097,493,2,2025-11-10,completed
5098,425,11,2025-04-23,completed
5099,966,2,2025-06-26,completed
5100,769,6,2025-09-08,completed
5101,63,15,2025-02-13,completed
5102,242,18,2025-03-13,completed
5103,600,5,2025-10-22,completed
5104,518,9,2025-02-14,completed
5105,786,5,2025-05-25,completed
5106,29,18,2025-01-01,completed
5107,922,15,2025-06-14,completed
5108,330,19,2025-04-29,completed
5109,353,13,2025-11-28,completed
5110,616,12,2025-05-07,completed
5111,810,2,2025-03-01,completed
5112,892,2,2025-12-09,completed
5113,445,13,2025-08-30,completed
5114,381,8,2025-09-20,completed
5115,461,12,2025-03-29,completed
5116,561,13,2025-08-02,completed
5117,807,7,2025-10-27,completed
5118,99,12,2025-10-12,completed
5119,743,11,2025-01-09,completed
5120,937,19,2025-03-06,completed
5121,166,14,2025-05-24,completed
5122,923,6,2025-05-21,completed
5123,132,17,2025-10-14,cancelled
5124,214,13,2025-11-02,completed
5125,212,1,2025-07-16,completed
5126,305,10,2025-08-09,completed
5127,935,19,2025-05-25,completed
5128,56,18,2025-07-21,completed
5129,643,15,2025-08-06,completed
5130,808,20,2025-07-05,completed
5131,932,6,2025-03-16,completed
5132,419,20,2025-06-25,completed
5133,164,11,2025-09-11,completed
5134,723,12,2025-06-08,completed
5135,205,7,2025-01-05,completed
5136,199,14,2025-08-22,completed
5137,442,6,2025-02-26,completed
5138,806,11,2025-08-16,completed
5139,961,17,2025-10-02,completed
5140,749,7,2025-04-15,completed
5141,655,9,2025-03-05,completed
5142,450,6,2025-10-18,completed
5143,44,17,2025-09-15,completed
5144,115,15,2025-05-30,cancelled
5145,294,5,2025-09-01,completed
5146,185,19,2025-09-18,completed
5147,447,20,2025-02-08,completed
5148,357,13,2025-05-31,completed
5149,70,8,2025-08-17,completed
5150,788,9,2025-05-09,completed
5151,118,13,2025-06-16,completed
5152,578,12,2025-07-15,cancelled
5153,402,14,2025-06-01,completed
5154,698,10,2025-07-20,completed
5155,225,6,2025-02-20,completed
5156,536,17,2025-02-27,completed
5157,856,5,2025-02-28,completed
5158,48,8,2025-07-15,completed
5159,463,11,2025-10-21,completed
5160,665,4,2025-01-22,completed
5161,247,17,2025-10-25,completed
5162,523,10,2025-12-30,completed
5163,979,20,2025-09-17,completed
5164,844,13,2025-11-25,completed
5165,255,14,2025-09-20,completed
5166,90,9,2025-08-27,completed
5167,419,20,2025-02-25,completed
5168,45,11,2025-04-07,completed
5169,471,14,2025-05-07,completed
5170,664,17,2025-04-23,completed
5171,550,15,2025-12-20,completed
5172,824,8,2025-04-05,completed
5173,367,17,2025-06-23,completed
5174,44,1,2025-06-04,completed
5175,187,10,2025-12-23,completed
5176,95,14,2025-08-05,completed
5177,310,10,2025-08-13,completed
5178,452,11,2025-09-24,completed
5179,344,3,2025-11-29,completed
5180,416,13,2025-01-07,completed
5181,82,2,2025-10-09,completed
5182,433,14,2025-12-30,completed
5183,122,2,2025-11-06,completed
5184,585,7,2025-11-18,completed
5185,602,17,2025-01-01,cancelled
5186,499,13,2025-09-26,completed
5187,277,1,2025-01-04,completed
5188,324,1,2025-04-09,completed
5189,346,8,2025-12-29,completed
5190,584,4,2025-05-02,completed
5191,934,3,2025-01-03,completed
5192,416,13,2025-09-22,completed
5193,241,4,2025-01-10,completed
5194,94,16,2025-08-11,completed
5195,293,20,2025-12-16,completed
5196,528,9,2025-10-25,completed
5197,682,5,2025-10-23,completed
5198,326,10,2025-08-30,completed
5199,131,6,2025-10-31,completed
5200,411,12,2025-05-30,completed
5201,914,3,2025-05-20,completed
5202,20,17,2025-05-22,completed
5203,639,8,2025-06-29,completed
5204,935,5,2025-09-22,completed
5205,885,2,2025-02-02,completed
5206,841,5,2025-03-03,completed
5207,627,6,2025-08-05,completed
5208,429,7,2025-06-30,completed
5209,257,5,2025-07-04,completed
5210,25,2,2025-07-04,cancelled
5211,368,12,2025-11-05,completed
5212,382,7,2025-06-19,completed
5213,883,12,2025-01-30,completed
5214,344,7,2025-04-20,completed
5215,711,15,2025-12-02,completed
5216,81,13,2025-08-16,completed
5217,699,5,2025-03-01,completed
5218,149,14,2025-01-23,completed
5219,219,13,2025-12-16,completed
5220,639,20,2025-05-04,completed
5221,783,18,2025-05-13,completed
5222,472,2,2025-03-13,completed
5223,936,13,2025-09-25,completed
5224,906,4,2025-04-16,completed
5225,694,10,2025-12-31,completed
5226,676,18,2025-01-10,completed
5227,201,5,2025-07-13,completed
5228,544,9,2025-05-24,completed
5229,312,7,2025-10-07,completed
5230,445,1,2025-03-02,completed
5231,478,17,2025-06-26,completed
5232,845,20,2025-07-19,completed
5233,573,1,2025-07-02,completed
5234,634,18,2025-04-19,completed
5235,80,15,2025-01-23,completed
5236,865,14,2025-07-19,completed
5237,866,2,2025-03-17,completed
5238,913,4,2025-08-29,completed
5239,938,16,2025-12-04,cancelled
5240,227,16,2025-08-01,completed
5241,580,15,2025-03-22,completed
5242,659,5,2025-03-09,completed
5243,328,6,2025-01-30,completed
5244,80,7,2025-02-26,completed
5245,372,2,2025-04-13,completed
5246,404,11,2025-08-01,completed
5247,189,10,2025-12-04,completed
5248,899,12,2025-10-14,completed
5249,340,2,2025-10-16,completed
5250,463,4,2025-11-15,completed
5251,251,3,2025-10-13,completed
5252,240,12,2025-01-05,cancelled
5253,27,10,2025-08-16,completed
5254,581,6,2025-03-08,completed
5255,637,10,2025-03-07,completed
5256,927,4,2025-08-14,completed
5257,31,6,2025-05-07,completed
5258,787,19,2025-04-15,completed
5259,603,18,2025-11-06,completed
5260,286,15,2025-01-11,completed
5261,588,5,2025-12-15,completed
5262,893,17,2025-12-07,cancelled
5263,734,4,2025-05-05,completed
5264,398,18,2025-12-27,cancelled
5265,30,12,2025-01-20,completed
5266,296,14,2025-05-27,completed
5267,216,4,2025-11-20,completed
5268,193,3,2025-01-06,completed
5269,431,2,2025-07-04,completed
5270,338,6,2025-09-07,completed
5271,583,5,2025-09-27,completed
5272,650,15,2025-01-07,completed
5273,579,2,2025-12-18,completed
5274,118,7,2025-03-20,completed
5275,689,14,2025-07-29,completed
5276,34,13,2025-11-29,completed
5277,637,14,2025-08-14,completed
5278,369,15,2025-08-14,completed
5279,659,9,2025-07-23,completed
5280,355,1,2025-06-17,completed
5281,490,5,2025-02-10,completed
5282,181,7,2025-05-31,completed
5283,993,3,2025-05-27,completed
5284,612,4,2025-10-01,completed
5285,479,10,2025-02-03,completed
5286,675,19,2025-02-14,completed
5287,956,5,2025-12-22,cancelled
5288,256,16,2025-06-07,completed
5289,956,10,2025-02-06,completed
5290,509,8,2025-11-26,completed
5291,435,18,2025-08-19,completed
5292,707,4,2025-06-04,completed
5293,644,9,2025-11-27,cancelled
5294,427,20,2025-08-01,completed
5295,527,10,2025-08-22,completed
5296,870,1,2025-01-30,completed
5297,449,16,2025-06-18,completed
5298,945,7,2025-05-03,completed
5299,408,6,2025-09-29,completed
5300,916,9,2025-08-04,completed
5301,74,9,2025-07-29,completed
5302,767,19,2025-05-22,completed
5303,774,10,2025-03-09,completed
5304,582,12,2025-09-13,completed
5305,655,12,2025-07-09,completed
5306,399,7,2025-08-14,completed
5307,332,17,2025-05-13,completed
5308,659,16,2025-05-30,cancelled
5309,97,14,2025-05-23,completed
5310,773,15,2025-08-26,completed
5311,999,15,2025-04-25,cancelled
5312,7,17,2025-04-04,completed
5313,881,6,2025-04-22,completed
5314,496,8,2025-09-06,completed
5315,299,20,2025-08-31,completed
5316,272,6,2025-11-13,completed
5317,771,7,2025-01-27,completed
5318,733,15,2025-11-22,completed
5319,429,5,2025-11-19,completed
5320,599,10,2025-07-31,completed
5321,620,1,2025-01-03,completed
5322,694,5,2025-06-27,completed
5323,3,2,2025-08-28,completed
5324,278,9,2025-12-11,completed
5325,519,14,2025-02-04,completed
5326,518,6,2025-09-21,completed
5327,627,2,2025-02-01,completed
5328,75,5,2025-03-14,completed
5329,599,4,2025-04-25,completed
5330,47,13,2025-10-01,completed
5331,849,5,2025-11-04,cancelled
5332,84,8,2025-09-27,completed
5333,675,10,2025-08-15,completed
5334,335,11,2025-08-27,completed
5335,33,16,2025-04-09,completed
5336,244,16,2025-04-30,completed
5337,132,5,2025-10-06,cancelled
5338,569,7,2025-06-10,completed
5339,50,15,2025-01-27,completed
5340,464,2,2025-03-25,completed
5341,814,19,2025-07-28,completed
5342,932,5,2025-12-02,completed
5343,475,12,2025-04-27,completed
5344,177,17,2025-05-11,completed
5345,881,1,2025-09-29,completed
5346,179,13,2025-08-06,completed
5347,790,14,2025-08-02,completed
5348,876,18,2025-02-05,completed
5349,420,5,2025-09-06,completed
5350,652,20,2025-11-09,completed
5351,693,4,2025-06-04,completed
5352,682,16,2025-05-05,completed
5353,531,3,2025-02-28,completed
5354,447,17,2025-10-25,completed
5355,772,1,2025-02-28,completed
5356,363,7,2025-08-24,completed
5357,636,17,2025-05-16,completed
5358,116,4,2025-08-31,completed
5359,851,7,2025-06-15,completed
5360,941,10,2025-10-06,completed
5361,482,1,2025-11-30,completed
5362,220,15,2025-09-28,completed
5363,421,14,2025-11-09,completed
5364,390,5,2025-08-18,completed
5365,947,5,2025-06-06,cancelled
5366,651,11,2025-03-16,completed
5367,577,20,2025-10-21,completed
5368,232,14,2025-10-22,completed
5369,298,15,2025-10-15,completed
5370,243,3,2025-04-13,completed
5371,541,20,2025-10-15,completed
5372,351,17,2025-06-15,completed
5373,734,10,2025-05-22,completed
5374,539,5,2025-10-29,completed
5375,409,10,2025-09-30,completed
5376,335,4,2025-02-14,completed
5377,362,4,2025-08-01,completed
5378,964,5,2025-06-07,completed
5379,208,8,2025-09-17,completed
5380,45,15,2025-09-24,completed
5381,867,16,2025-02-07,completed
5382,504,18,2025-01-18,cancelled
5383,339,6,2025-02-27,completed
5384,277,5,2025-11-04,completed
5385,169,20,2025-11-24,completed
5386,930,8,2025-02-02,completed
5387,112,1,2025-01-03,completed
5388,670,12,2025-04-06,completed
5389,967,3,2025-10-12,completed
5390,511,4,2025-09-26,completed
5391,500,11,2025-03-11,completed
5392,753,3,2025-07-23,completed
5393,588,3,2025-09-12,completed
5394,990,2,2025-05-03,completed
5395,105,17,2025-04-01,completed
5396,70,5,2025-03-08,completed
5397,977,20,2025-03-23,completed
5398,735,12,2025-08-29,completed
5399,250,14,2025-11-29,completed
5400,301,16,2025-04-13,cancelled
5401,544,4,2025-10-12,completed
5402,73,4,2025-09-26,completed
5403,805,15,2025-06-02,completed
5404,886,10,2025-11-03,completed
5405,133,16,2025-04-18,completed
5406,809,10,2025-04-17,completed
5407,439,8,2025-01-29,completed
5408,183,20,2025-02-15,completed
5409,128,16,2025-11-28,completed
5410,979,1,2025-06-14,completed
5411,381,6,2025-12-19,completed
5412,694,5,2025-07-06,completed
5413,911,9,2025-01-13,completed
5414,642,17,2025-04-26,cancelled
5415,720,10,2025-11-28,completed
5416,498,17,2025-10-13,completed
5417,918,11,2025-07-13,completed
5418,846,11,2025-08-27,completed
5419,163,6,2025-03-03,completed
5420,116,3,2025-05-27,completed
5421,964,13,2025-12-15,completed
5422,716,3,2025-02-26,completed
5423,309,2,2025-02-17,completed
5424,707,3,2025-11-22,completed
5425,852,18,2025-04-16,completed
5426,70,3,2025-06-26,completed
5427,980,16,2025-07-30,completed
5428,916,11,2025-02-27,completed
5429,266,20,2025-02-18,completed
5430,492,12,2025-03-04,cancelled
5431,836,7,2025-06-06,completed
5432,349,9,2025-02-26,completed
5433,496,5,2025-01-03,completed
5434,121,11,2025-05-01,completed
5435,469,2,2025-12-06,completed
5436,737,1,2025-04-24,completed
5437,457,20,2025-09-05,completed
5438,147,6,2025-12-08,completed
5439,211,16,2025-05-14,completed
5440,98,4,2025-02-26,completed
5441,870,2,2025-10-11,completed
5442,468,15,2025-08-08,completed
5443,321,18,2025-04-08,completed
5444,675,2,2025-09-04,cancelled
5445,934,12,2025-04-25,completed
5446,310,11,2025-09-08,completed
5447,62,12,2025-10-18,completed
5448,460,12,2025-06-21,completed
5449,746,11,2025-01-30,completed
5450,311,12,2025-08-12,completed
5451,494,14,2025-08-02,completed
5452,605,12,2025-05-24,completed
5453,345,9,2025-07-28,completed
5454,861,11,2025-12-15,completed
5455,44,1,2025-12-30,completed
5456,663,11,2025-11-09,completed
5457,932,4,2025-04-03,completed
5458,606,16,2025-05-08,completed
5459,760,17,2025-11-09,completed
5460,663,13,2025-07-30,completed
5461,403,5,2025-01-25,completed
5462,329,19,2025-07-09,completed
5463,539,14,2025-02-16,completed
5464,378,17,2025-06-02,completed
5465,805,6,2025-01-02,completed
5466,577,2,2025-09-03,completed
5467,793,17,2025-08-15,completed
5468,652,6,2025-02-10,completed
5469,205,10,2025-12-30,completed
5470,195,16,2025-01-29,completed
5471,726,1,2025-02-19,completed
5472,133,5,2025-10-06,completed
5473,429,8,2025-10-14,completed
5474,788,6,2025-01-19,completed
5475,907,6,2025-05-08,completed
5476,608,20,2025-03-19,completed
5477,926,20,2025-11-19,completed
5478,585,3,2025-10-23,completed
5479,159,20,2025-05-28,completed
5480,784,19,2025-07-05,completed
5481,765,4,2025-03-16,completed
5482,718,20,2025-03-20,completed
5483,642,13,2025-07-10,completed
5484,785,10,2025-08-27,completed
5485,498,1,2025-09-03,completed
5486,401,11,2025-04-01,completed
5487,165,9,2025-12-16,completed
5488,276,19,2025-06-07,completed
5489,608,10,2025-06-01,completed
5490,541,6,2025-04-04,completed
5491,367,6,2025-09-06,completed
5492,972,10,2025-09-14,completed
5493,970,13,2025-07-05,completed
5494,728,14,2025-01-01,completed
5495,952,6,2025-05-04,completed
5496,513,17,2025-05-21,completed
5497,238,17,2025-02-21,completed
5498,994,3,2025-07-03,completed
5499,612,17,2025-09-15,completed
5500,304,10,2025-10-31,completed
5501,172,12,2025-10-31,cancelled
5502,282,15,2025-04-07,completed
5503,531,5,2025-03-04,completed
5504,411,15,2025-01-07,completed
5505,649,1,2025-10-18,completed
5506,470,3,2025-05-29,completed
5507,300,7,2025-06-03,completed
5508,215,17,2025-01-10,completed
5509,12,13,2025-11-18,cancelled
5510,378,16,2025-10-18,completed
5511,366,11,2025-04-21,completed
5512,428,10,2025-07-08,completed
5513,267,20,2025-03-18,completed
5514,52,6,2025-09-18,completed
5515,292,18,2025-09-25,completed
5516,776,12,2025-04-03,completed
5517,669,6,2025-04-09,completed
5518,609,17,2025-08-20,completed
5519,240,9,2025-03-14,completed
5520,413,15,2025-02-02,completed
5521,781,7,2025-10-09,completed
5522,783,20,2025-02-23,completed
5523,739,13,2025-02-28,completed
5524,257,14,2025-09-05,completed
5525,719,9,2025-12-23,completed
5526,674,15,2025-08-19,completed
5527,80,17,2025-11-17,completed
5528,796,10,2025-02-05,completed
5529,506,12,2025-05-07,completed
5530,439,8,2025-02-21,completed
5531,491,4,2025-12-21,completed
5532,264,11,2025-04-28,completed
5533,116,13,2025-12-21,completed
5534,562,2,2025-06-03,completed
5535,912,18,2025-06-19,cancelled
5536,345,9,2025-02-01,completed
5537,668,3,2025-07-27,completed
5538,715,8,2025-05-03,completed
5539,273,14,2025-04-24,completed
5540,317,8,2025-10-30,completed
5541,526,11,2025-04-17,completed
5542,553,6,2025-08-22,completed
5543,866,17,2025-10-01,completed
5544,134,10,2025-10-25,completed
5545,390,5,2025-01-23,completed
5546,487,17,2025-05-30,completed
5547,225,18,2025-12-05,completed
5548,432,7,2025-02-23,completed
5549,565,1,2025-04-16,completed
5550,188,2,2025-12-06,completed
5551,127,16,2025-12-30,cancelled
5552,262,14,2025-12-06,completed
5553,862,19,2025-12-26,completed
5554,458,16,2025-09-17,cancelled
5555,726,19,2025-12-24,completed
5556,151,6,2025-06-17,completed
5557,645,8,2025-12-27,completed
5558,20,16,2025-08-21,completed
5559,728,11,2025-10-14,completed
5560,285,16,2025-06-09,completed
5561,786,19,2025-06-13,completed
5562,712,1,2025-09-14,completed
5563,783,6,2025-04-23,completed
5564,700,14,2025-04-18,completed
5565,295,15,2025-03-28,completed
5566,23,19,2025-05-11,completed
5567,713,20,2025-04-28,completed
5568,269,3,2025-03-20,completed
5569,456,17,2025-07-05,completed
5570,699,11,2025-07-11,completed
5571,452,5,2025-12-27,completed
5572,832,20,2025-06-21,completed
5573,42,6,2025-11-05,cancelled
5574,219,4,2025-06-24,completed
5575,512,12,2025-03-28,completed
5576,675,7,2025-11-29,completed
5577,592,15,2025-11-11,completed
5578,714,17,2025-03-09,completed
5579,324,4,2025-08-01,completed
5580,913,19,2025-03-04,completed
5581,332,8,2025-11-23,completed
5582,912,9,2025-04-05,completed
5583,691,10,2025-04-30,completed
5584,192,16,2025-08-16,completed
5585,399,18,2025-03-24,completed
5586,576,2,2025-04-30,completed
5587,560,20,2025-11-11,completed
5588,326,12,2025-09-22,completed
5589,786,8,2025-07-13,completed
5590,421,8,2025-04-27,completed
5591,231,1,2025-09-14,completed
5592,436,20,2025-06-19,completed
5593,114,15,2025-11-24,completed
5594,993,8,2025-01-09,completed
5595,460,12,2025-09-09,completed
5596,94,14,2025-12-04,completed
5597,526,10,2025-04-22,cancelled
5598,694,1,2025-02-10,completed
5599,507,16,2025-11-04,completed
5600,274,3,2025-10-12,completed
5601,133,7,2025-06-26,completed
5602,258,20,2025-10-22,completed
5603,75,12,2025-11-22,cancelled
5604,261,3,2025-11-18,completed
5605,458,13,2025-01-30,completed
5606,484,9,2025-08-14,completed
5607,917,13,2025-08-09,completed
5608,697,13,2025-06-13,completed
5609,167,20,2025-10-11,completed
5610,17,18,2025-10-13,completed
5611,935,9,2025-08-11,completed
5612,800,9,2025-04-06,completed
5613,373,15,2025-11-09,completed
5614,700,1,2025-09-06,completed
5615,862,4,2025-06-19,completed
5616,739,11,2025-11-25,completed
5617,140,14,2025-10-14,completed
5618,22,5,2025-12-02,completed
5619,397,20,2025-09-26,completed
5620,837,14,2025-08-17,completed
5621,339,10,2025-12-07,completed
5622,81,20,2025-03-18,completed
5623,76,2,2025-08-14,completed
5624,567,3,2025-04-07,completed
5625,830,13,2025-02-24,completed
5626,549,15,2025-09-29,completed
5627,903,6,2025-03-13,completed
5628,637,20,2025-09-02,completed
5629,217,1,2025-08-05,completed
5630,887,11,2025-05-13,completed
5631,657,19,2025-06-04,completed
5632,206,3,2025-01-08,completed
5633,787,11,2025-04-25,completed
5634,712,10,2025-08-22,completed
5635,361,18,2025-06-25,completed
5636,338,3,2025-10-17,completed
5637,345,11,2025-01-01,cancelled
5638,869,13,2025-07-21,completed
5639,177,12,2025-12-06,completed
5640,633,5,2025-09-15,cancelled
5641,690,7,2025-05-02,completed
5642,382,16,2025-11-13,completed
5643,747,17,2025-11-07,completed
5644,814,9,2025-02-05,completed
5645,636,4,2025-02-19,completed
5646,878,18,2025-09-19,completed
5647,933,18,2025-07-12,completed
5648,349,11,2025-09-02,completed
5649,609,12,2025-07-21,completed
5650,762,16,2025-07-11,completed
5651,724,5,2025-04-18,completed
5652,831,18,2025-03-11,completed
5653,907,2,2025-03-12,cancelled
5654,672,15,2025-06-20,completed
5655,580,10,2025-02-22,completed
5656,669,7,2025-12-04,completed
5657,579,12,2025-01-14,completed
5658,214,4,2025-03-10,completed
5659,216,10,2025-04-22,completed
5660,414,1,2025-08-24,completed
5661,134,11,2025-06-15,completed
5662,760,15,2025-11-04,completed
5663,295,5,2025-03-03,completed
5664,15,5,2025-05-07,completed
5665,97,8,2025-09-20,completed
5666,964,13,2025-12-15,completed
5667,237,12,2025-10-06,completed
5668,964,4,2025-08-20,completed
5669,716,12,2025-08-29,completed
5670,147,2,2025-08-12,completed
5671,377,19,2025-05-17,completed
5672,747,17,2025-01-30,completed
5673,18,6,2025-02-23,completed
5674,871,13,2025-07-27,completed
5675,697,13,2025-08-03,completed
5676,715,20,2025-04-18,completed
5677,996,10,2025-08-17,completed
5678,635,12,2025-04-24,completed
5679,913,19,2025-12-12,completed
5680,735,14,2025-08-03,completed
5681,496,19,2025-07-07,completed
5682,200,13,2025-02-16,completed
5683,345,6,2025-05-16,completed
5684,76,11,2025-05-26,completed
5685,998,17,2025-04-22,completed
5686,805,2,2025-12-05,completed
5687,62,5,2025-12-01,completed
5688,354,11,2025-03-21,completed
5689,229,14,2025-08-29,completed
5690,485,2,2025-07-02,completed
5691,99,8,2025-08-19,completed
5692,342,16,2025-08-01,completed
5693,133,7,2025-08-08,completed
5694,214,1,2025-03-08,completed
5695,102,9,2025-02-18,completed
5696,250,16,2025-11-09,completed
5697,757,16,2025-07-20,completed
5698,769,8,2025-12-25,completed
5699,93,1,2025-12-15,completed
5700,912,16,2025-12-11,completed
5701,351,9,2025-06-21,completed
5702,243,4,2025-06-25,completed
5703,898,1,2025-02-01,completed
5704,488,12,2025-10-27,completed
5705,10,3,2025-10-14,completed
5706,153,11,2025-08-09,completed
5707,426,9,2025-09-08,completed
5708,682,3,2025-07-25,completed
5709,852,19,2025-05-19,completed
5710,538,19,2025-05-31,completed
5711,582,13,2025-10-08,completed
5712,774,17,2025-03-05,completed
5713,189,7,2025-04-13,completed
5714,948,11,2025-12-07,cancelled
5715,778,11,2025-12-13,completed
5716,815,19,2025-04-05,completed
5717,816,3,2025-08-12,completed
5718,470,6,2025-04-28,completed
5719,171,12,2025-10-12,completed
5720,736,16,2025-06-13,completed
5721,204,15,2025-12-03,completed
5722,930,4,2025-04-16,completed
5723,36,9,2025-08-08,completed
5724,160,9,2025-10-12,completed
5725,62,7,2025-03-10,completed
5726,575,19,2025-06-09,completed
5727,820,20,2025-07-21,completed
5728,440,11,2025-01-23,completed
5729,958,9,2025-01-02,completed
5730,740,8,2025-08-02,completed
5731,848,20,2025-01-19,completed
5732,809,6,2025-04-25,completed
5733,390,5,2025-12-16,completed
5734,657,8,2025-05-07,completed
5735,678,9,2025-01-01,completed
5736,714,13,2025-02-27,completed
5737,106,2,2025-04-23,completed
5738,689,12,2025-01-06,completed
5739,1000,19,2025-08-07,completed
5740,277,6,2025-05-20,completed
5741,479,17,2025-10-12,completed
5742,325,7,2025-11-21,completed
5743,414,17,2025-02-07,completed
5744,82,13,2025-11-16,completed
5745,276,20,2025-03-08,completed
5746,110,5,2025-07-21,completed
5747,103,6,2025-02-07,completed
5748,512,13,2025-01-09,completed
5749,301,4,2025-05-02,completed
5750,673,11,2025-05-02,completed
5751,790,3,2025-10-06,completed
5752,877,14,2025-06-05,completed
5753,191,12,2025-09-05,completed
5754,716,16,2025-07-20,completed
5755,386,2,2025-02-22,completed
5756,635,14,2025-01-04,completed
5757,838,5,2025-12-11,completed
5758,475,1,2025-04-05,completed
5759,551,19,2025-01-19,completed
5760,572,9,2025-06-17,completed
5761,967,19,2025-11-18,completed
5762,494,8,2025-12-28,completed
5763,110,12,2025-06-03,completed
5764,653,17,2025-06-10,completed
5765,502,9,2025-10-04,completed
5766,314,8,2025-01-02,completed
5767,228,11,2025-08-08,completed
5768,805,11,2025-12-16,completed
5769,248,19,2025-07-11,completed
5770,493,6,2025-03-24,completed
5771,120,16,2025-08-23,completed
5772,544,14,2025-09-07,completed
5773,438,3,2025-10-09,completed
5774,536,14,2025-07-24,completed
5775,682,11,2025-02-20,completed
5776,75,13,2025-06-23,completed
5777,121,3,2025-01-31,completed
5778,853,8,2025-10-23,completed
5779,711,6,2025-05-10,completed
5780,683,19,2025-08-10,completed
5781,946,5,2025-03-30,completed
5782,340,6,2025-11-12,completed
5783,56,14,2025-11-21,completed
5784,694,3,2025-05-14,completed
5785,676,16,2025-01-02,completed
5786,163,1,2025-03-23,completed
5787,537,14,2025-07-28,completed
5788,288,20,2025-07-03,completed
5789,55,4,2025-07-03,completed
5790,139,19,2025-05-06,completed
5791,504,20,2025-10-28,completed
5792,551,2,2025-08-31,completed
5793,426,12,2025-10-28,completed
5794,391,19,2025-07-03,completed
5795,516,4,2025-04-28,completed
5796,41,2,2025-05-09,completed
5797,717,2,2025-07-30,completed
5798,682,11,2025-07-11,completed
5799,666,8,2025-11-08,completed
5800,612,9,2025-05-03,completed
5801,984,15,2025-01-08,completed
5802,716,5,2025-03-25,completed
5803,96,17,2025-06-17,completed
5804,199,11,2025-12-07,completed
5805,35,12,2025-05-25,completed
5806,638,20,2025-01-22,completed
5807,339,17,2025-05-25,completed
5808,770,2,2025-07-16,completed
5809,541,10,2025-11-04,completed
5810,361,6,2025-07-04,completed
5811,547,11,2025-06-27,completed
5812,434,14,2025-02-28,completed
5813,605,18,2025-10-30,completed
5814,436,18,2025-04-21,completed
5815,282,8,2025-03-17,completed
5816,37,10,2025-11-17,completed
5817,955,12,2025-06-15,completed
5818,968,14,2025-12-19,completed
5819,519,17,2025-03-26,completed
5820,29,10,2025-03-04,completed
5821,811,16,2025-03-08,completed
5822,193,1,2025-09-13,completed
5823,726,8,2025-05-30,completed
5824,169,14,2025-05-01,completed
5825,734,4,2025-09-23,completed
5826,562,9,2025-11-21,completed
5827,478,3,2025-11-23,completed
5828,714,1,2025-08-12,completed
5829,370,14,2025-11-10,completed
5830,123,17,2025-07-30,completed
5831,114,5,2025-01-15,completed
5832,66,12,2025-08-01,completed
5833,477,13,2025-08-15,completed
5834,829,13,2025-11-26,completed
5835,544,5,2025-12-01,completed
5836,491,6,2025-09-08,completed
5837,102,9,2025-01-16,completed
5838,135,11,2025-01-22,completed
5839,314,6,2025-08-04,completed
5840,234,14,2025-04-04,completed
5841,373,8,2025-07-23,completed
5842,149,9,2025-02-01,cancelled
5843,580,12,2025-08-31,completed
5844,772,7,2025-06-12,completed
5845,195,10,2025-04-19,completed
5846,425,6,2025-03-22,completed
5847,301,16,2025-05-17,completed
5848,335,20,2025-09-06,completed
5849,504,1,2025-02-09,completed
5850,426,15,2025-12-21,completed
5851,684,9,2025-02-01,completed
5852,642,17,2025-01-29,completed
5853,369,8,2025-07-30,completed
5854,166,14,2025-09-12,cancelled
5855,43,6,2025-10-21,completed
5856,559,11,2025-10-27,completed
5857,292,12,2025-03-18,completed
5858,313,7,2025-05-24,completed
5859,398,5,2025-12-13,completed
5860,892,11,2025-07-15,completed
5861,122,20,2025-11-24,completed
5862,922,4,2025-09-23,completed
5863,839,15,2025-05-02,completed
5864,601,9,2025-04-12,completed
5865,311,18,2025-06-05,completed
5866,65,6,2025-11-19,completed
5867,799,13,2025-04-24,completed
5868,545,18,2025-03-19,completed
5869,798,9,2025-04-12,cancelled
5870,942,8,2025-04-14,completed
5871,143,11,2025-03-06,completed
5872,580,2,2025-10-25,completed
5873,51,12,2025-11-20,completed
5874,674,5,2025-10-02,completed
5875,688,6,2025-03-30,cancelled
5876,570,1,2025-10-21,completed
5877,976,2,2025-09-10,completed
5878,161,8,2025-06-17,completed
5879,849,8,2025-09-26,completed
5880,721,1,2025-12-01,completed
5881,851,7,2025-03-17,completed
5882,11,17,2025-06-13,completed
5883,143,20,2025-03-17,completed
5884,860,8,2025-02-27,completed
5885,133,20,2025-08-24,completed
5886,66,5,2025-08-04,completed
5887,281,7,2025-01-01,completed
5888,423,6,2025-03-30,completed
5889,163,9,2025-07-12,completed
5890,700,9,2025-08-07,cancelled
5891,309,18,2025-01-16,completed
5892,551,6,2025-04-11,completed
5893,98,14,2025-02-11,completed
5894,713,10,2025-01-03,completed
5895,899,4,2025-09-15,completed
5896,673,4,2025-04-18,completed
5897,72,1,2025-02-24,completed
5898,861,10,2025-06-09,completed
5899,551,9,2025-04-15,completed
5900,417,18,2025-10-10,completed
5901,794,19,2025-12-04,completed
5902,344,18,2025-06-29,completed
5903,113,9,2025-10-30,completed
5904,22,18,2025-02-11,completed
5905,537,19,2025-02-06,completed
5906,660,10,2025-01-28,completed
5907,426,15,2025-02-15,completed
5908,541,17,2025-08-27,completed
5909,333,15,2025-11-18,completed
5910,928,12,2025-05-29,completed
5911,286,2,2025-12-22,completed
5912,302,11,2025-11-26,completed
5913,59,1,2025-06-01,cancelled
5914,382,1,2025-11-27,completed
5915,76,12,2025-07-25,cancelled
5916,949,12,2025-09-07,completed
5917,683,1,2025-08-07,completed
5918,403,4,2025-08-21,cancelled
5919,423,16,2025-09-13,completed
5920,477,10,2025-08-24,completed
5921,224,1,2025-11-30,completed
5922,375,7,2025-06-19,completed
5923,310,9,2025-03-22,completed
5924,871,16,2025-07-17,completed
5925,709,2,2025-12-14,cancelled
5926,770,19,2025-03-27,completed
5927,217,11,2025-07-27,completed
5928,389,6,2025-06-11,completed
5929,953,5,2025-08-07,completed
5930,935,16,2025-06-23,completed
5931,103,5,2025-09-02,completed
5932,296,17,2025-10-08,completed
5933,185,6,2025-12-03,completed
5934,302,3,2025-04-05,completed
5935,323,11,2025-07-08,completed
5936,170,7,2025-09-26,completed
5937,318,9,2025-08-17,completed
5938,729,3,2025-08-30,completed
5939,628,13,2025-05-21,completed
5940,220,15,2025-01-18,completed
5941,761,20,2025-04-28,completed
5942,894,8,2025-01-16,completed
5943,85,10,2025-01-05,completed
5944,804,4,2025-02-10,completed
5945,447,9,2025-06-27,completed
5946,154,14,2025-09-13,completed
5947,617,4,2025-09-25,completed
5948,506,5,2025-05-16,completed
5949,99,9,2025-04-26,completed
5950,86,1,2025-09-09,completed
5951,576,20,2025-12-05,completed
5952,875,4,2025-04-07,completed
5953,281,3,2025-05-22,completed
5954,590,9,2025-11-09,completed
5955,923,15,2025-02-02,completed
5956,106,12,2025-05-09,completed
5957,485,16,2025-05-30,completed
5958,209,17,2025-04-01,completed
5959,363,19,2025-12-31,completed
5960,599,8,2025-10-17,completed
5961,7,20,2025-09-23,completed
5962,128,13,2025-01-30,completed
5963,784,19,2025-12-16,completed
5964,143,18,2025-10-23,completed
5965,638,4,2025-03-12,cancelled
5966,721,14,2025-03-21,completed
5967,138,16,2025-08-14,completed
5968,911,18,2025-04-10,completed
5969,903,6,2025-10-16,completed
5970,510,1,2025-11-24,completed
5971,848,18,2025-10-16,completed
5972,469,20,2025-06-11,completed
5973,196,14,2025-03-21,completed
5974,376,5,2025-03-21,completed
5975,761,19,2025-12-20,completed
5976,23,6,2025-09-27,completed
5977,345,17,2025-04-21,completed
5978,807,10,2025-11-22,completed
5979,252,18,2025-03-18,completed
5980,755,13,2025-03-19,completed
5981,127,7,2025-08-20,completed
5982,387,12,2025-08-14,completed
5983,912,8,2025-08-04,completed
5984,78,9,2025-02-16,cancelled
5985,620,20,2025-08-05,completed
5986,728,6,2025-05-21,completed
5987,829,4,2025-06-08,completed
5988,442,20,2025-09-21,completed
5989,695,9,2025-07-02,completed
5990,205,18,2025-05-30,cancelled
5991,628,19,2025-12-16,completed
5992,126,14,2025-12-19,completed
5993,502,4,2025-07-01,completed
5994,829,15,2025-04-09,completed
5995,5,7,2025-06-10,completed
5996,594,2,2025-04-03,completed
5997,964,10,2025-02-04,completed
5998,44,8,2025-12-22,completed
5999,630,7,2025-04-23,completed
6000,188,12,2025-06-02,completed
6001,133,17,2025-11-14,completed
6002,575,3,2025-02-21,cancelled
6003,69,9,2025-09-13,completed
6004,474,5,2025-11-05,completed
6005,539,16,2025-04-09,completed
6006,412,13,2025-12-01,completed
6007,967,18,2025-11-15,completed
6008,484,19,2025-12-01,completed
6009,397,8,2025-08-16,completed
6010,314,16,2025-12-01,completed
6011,305,1,2025-01-23,completed
6012,633,4,2025-06-16,completed
6013,522,11,2025-11-29,completed
6014,524,19,2025-12-26,completed
6015,797,8,2025-07-27,completed
6016,797,12,2025-04-14,completed
6017,416,14,2025-02-22,completed
6018,204,9,2025-02-23,completed
6019,655,2,2025-06-06,completed
6020,237,3,2025-07-17,completed
6021,381,7,2025-05-22,completed
6022,984,6,2025-04-23,completed
6023,172,5,2025-12-21,completed
6024,487,7,2025-07-15,completed
6025,402,3,2025-02-19,completed
6026,694,8,2025-09-10,completed
6027,330,3,2025-08-02,completed
6028,674,6,2025-08-08,completed
6029,121,4,2025-01-06,completed
6030,959,7,2025-08-26,cancelled
6031,556,3,2025-12-14,completed
6032,323,11,2025-12-13,completed
6033,53,6,2025-12-04,completed
6034,440,6,2025-08-03,completed
6035,907,7,2025-11-23,completed
6036,685,9,2025-03-10,completed
6037,90,14,2025-12-26,completed
6038,91,18,2025-10-13,completed
6039,450,10,2025-09-18,completed
6040,624,12,2025-10-11,completed
6041,826,10,2025-06-28,completed
6042,221,8,2025-03-16,completed
6043,422,18,2025-05-30,completed
6044,170,12,2025-03-08,completed
6045,942,18,2025-08-10,completed
6046,171,19,2025-03-29,completed
6047,965,2,2025-03-02,completed
6048,146,7,2025-10-12,completed
6049,564,17,2025-04-04,completed
6050,93,7,2025-06-01,completed
6051,600,7,2025-05-30,completed
6052,554,16,2025-07-28,completed
6053,723,19,2025-11-06,completed
6054,336,7,2025-10-30,cancelled
6055,197,19,2025-10-22,completed
6056,879,9,2025-01-14,completed
6057,664,2,2025-04-29,completed
6058,872,9,2025-01-30,completed
6059,472,16,2025-04-21,completed
6060,640,14,2025-12-01,completed
6061,123,17,2025-01-16,completed
6062,374,3,2025-05-20,completed
6063,302,6,2025-04-03,completed
6064,996,19,2025-06-19,completed
6065,984,1,2025-07-17,completed
6066,627,1,2025-09-06,completed
6067,187,6,2025-03-02,cancelled
6068,989,19,2025-06-01,completed
6069,414,20,2025-03-05,completed
6070,164,18,2025-05-04,completed
6071,972,6,2025-01-28,cancelled
6072,971,9,2025-12-04,completed
6073,468,15,2025-12-08,completed
6074,433,5,2025-04-18,completed
6075,123,2,2025-12-28,completed
6076,909,4,2025-03-11,completed
6077,589,12,2025-04-29,completed
6078,558,5,2025-09-01,completed
6079,21,2,2025-11-29,completed
6080,421,7,2025-12-05,completed
6081,829,15,2025-06-14,completed
6082,898,14,2025-03-04,completed
6083,438,19,2025-12-26,completed
6084,16,10,2025-03-25,cancelled
6085,379,2,2025-08-11,completed
6086,53,10,2025-11-18,completed
6087,873,7,2025-01-18,completed
6088,37,12,2025-09-21,completed
6089,726,19,2025-08-09,completed
6090,383,4,2025-11-01,completed
6091,764,1,2025-02-05,completed
6092,55,20,2025-05-22,completed
6093,685,2,2025-04-25,completed
6094,301,12,2025-04-10,completed
6095,867,14,2025-03-29,completed
6096,1000,10,2025-12-30,completed
6097,487,2,2025-12-26,completed
6098,881,15,2025-08-31,completed
6099,672,7,2025-09-15,cancelled
6100,845,15,2025-03-31,completed
6101,570,12,2025-11-09,completed
6102,777,7,2025-01-26,completed
6103,270,9,2025-09-09,completed
6104,627,14,2025-10-16,cancelled
6105,416,17,2025-07-14,completed
6106,178,20,2025-12-11,completed
6107,591,17,2025-04-15,cancelled
6108,356,8,2025-05-31,completed
6109,230,12,2025-02-16,completed
6110,468,13,2025-04-15,completed
6111,468,1,2025-09-13,completed
6112,551,16,2025-07-18,completed
6113,934,1,2025-12-31,completed
6114,563,13,2025-09-25,completed
6115,596,5,2025-02-22,completed
6116,864,19,2025-09-29,completed
6117,964,14,2025-09-02,completed
6118,581,5,2025-10-05,cancelled
6119,368,19,2025-08-31,completed
6120,992,4,2025-03-17,completed
6121,627,16,2025-02-26,completed
6122,909,13,2025-09-13,completed
6123,239,10,2025-05-25,completed
6124,945,8,2025-10-03,completed
6125,143,17,2025-12-24,completed
6126,967,5,2025-09-14,completed
6127,651,10,2025-09-07,completed
6128,586,17,2025-08-02,completed
6129,184,2,2025-11-28,completed
6130,126,19,2025-11-10,completed
6131,388,5,2025-08-02,completed
6132,971,1,2025-08-17,completed
6133,593,11,2025-11-27,cancelled
6134,327,4,2025-11-18,completed
6135,303,19,2025-10-07,completed
6136,9,3,2025-07-11,completed
6137,390,20,2025-04-08,completed
6138,844,3,2025-04-18,completed
6139,453,17,2025-12-31,completed
6140,587,12,2025-11-18,completed
6141,577,1,2025-01-27,cancelled
6142,361,1,2025-06-28,completed
6143,413,17,2025-05-18,completed
6144,176,12,2025-10-26,completed
6145,675,19,2025-03-16,completed
6146,617,19,2025-03-30,completed
6147,61,18,2025-03-14,completed
6148,271,11,2025-09-05,completed
6149,511,14,2025-04-29,completed
6150,321,4,2025-03-15,completed
6151,390,16,2025-08-04,completed
6152,680,3,2025-07-28,completed
6153,157,7,2025-07-14,completed
6154,963,4,2025-10-03,completed
6155,964,8,2025-07-02,completed
6156,771,18,2025-10-05,completed
6157,884,18,2025-04-27,completed
6158,291,20,2025-03-18,completed
6159,549,20,2025-03-26,completed
6160,844,18,2025-02-25,completed
6161,163,16,2025-07-16,completed
6162,26,1,2025-06-29,completed
6163,160,8,2025-03-03,cancelled
6164,984,20,2025-06-07,completed
6165,663,20,2025-10-31,completed
6166,237,4,2025-06-09,completed
6167,298,16,2025-03-07,completed
6168,122,14,2025-05-13,completed
6169,95,5,2025-05-10,completed
6170,729,15,2025-06-13,completed
6171,59,18,2025-09-28,completed
6172,463,16,2025-01-30,completed
6173,68,12,2025-09-10,completed
6174,373,17,2025-02-06,completed
6175,387,9,2025-02-23,completed
6176,13,20,2025-04-28,completed
6177,110,18,2025-02-01,completed
6178,949,15,2025-05-21,completed
6179,240,20,2025-07-06,completed
6180,19,12,2025-06-09,completed
6181,794,14,2025-04-25,completed
6182,999,7,2025-08-03,completed
6183,454,15,2025-09-21,completed
6184,829,14,2025-02-25,cancelled
6185,521,5,2025-11-07,completed
6186,699,13,2025-02-08,completed
6187,99,4,2025-03-04,completed
6188,132,7,2025-12-07,completed
6189,713,2,2025-07-30,completed
6190,326,7,2025-01-08,completed
6191,899,8,2025-06-13,completed
6192,874,17,2025-02-12,completed
6193,807,8,2025-01-11,completed
6194,504,15,2025-04-09,completed
6195,776,2,2025-12-21,completed
6196,197,13,2025-02-03,completed
6197,962,5,2025-08-26,completed
6198,993,14,2025-02-25,completed
6199,945,20,2025-12-07,completed
6200,430,17,2025-03-15,completed
6201,5,6,2025-05-02,completed
6202,309,7,2025-09-06,completed
6203,658,13,2025-02-19,completed
6204,992,19,2025-06-26,completed
6205,226,20,2025-09-28,completed
6206,237,15,2025-05-05,completed
6207,188,15,2025-04-22,completed
6208,518,18,2025-12-03,completed
6209,101,15,2025-06-15,completed
6210,395,3,2025-04-22,completed
6211,508,16,2025-03-09,completed
6212,526,13,2025-10-11,completed
6213,269,19,2025-08-21,completed
6214,667,5,2025-06-05,completed
6215,377,9,2025-03-22,completed
6216,42,18,2025-10-06,completed
6217,791,16,2025-04-13,completed
6218,539,7,2025-04-22,completed
6219,690,15,2025-05-24,completed
6220,12,13,2025-11-08,completed
6221,887,19,2025-04-20,completed
6222,972,1,2025-07-05,completed
6223,550,5,2025-01-16,completed
6224,508,13,2025-11-16,completed
6225,158,4,2025-11-09,completed
6226,209,19,2025-11-05,completed
6227,581,13,2025-01-27,completed
6228,477,5,2025-07-04,completed
6229,30,9,2025-01-21,cancelled
6230,875,6,2025-07-11,completed
6231,737,14,2025-05-04,completed
6232,477,6,2025-05-31,completed
6233,111,20,2025-07-01,completed
6234,139,13,2025-10-19,completed
6235,119,12,2025-06-23,completed
6236,417,2,2025-09-21,completed
6237,620,15,2025-02-07,completed
6238,143,8,2025-04-28,completed
6239,636,19,2025-07-09,completed
6240,385,13,2025-08-10,completed
6241,606,4,2025-05-20,cancelled
6242,461,19,2025-06-26,completed
6243,752,2,2025-08-21,completed
6244,416,7,2025-11-01,completed
6245,344,11,2025-02-26,completed
6246,150,9,2025-08-03,completed
6247,962,7,2025-09-14,completed
6248,78,8,2025-09-06,completed
6249,973,11,2025-01-15,completed
6250,605,3,2025-10-25,completed
6251,780,20,2025-07-19,cancelled
6252,565,12,2025-06-08,completed
6253,851,1,2025-07-30,completed
6254,429,11,2025-06-21,completed
6255,940,2,2025-10-26,completed
6256,713,16,2025-02-06,completed
6257,781,15,2025-04-10,completed
6258,901,6,2025-07-02,completed
6259,614,7,2025-11-10,completed
6260,682,13,2025-05-26,completed
6261,431,14,2025-08-10,completed
6262,972,9,2025-07-15,completed
6263,267,12,2025-12-25,completed
6264,294,11,2025-02-28,completed
6265,430,9,2025-05-25,completed
6266,994,13,2025-04-25,completed
6267,655,6,2025-01-01,completed
6268,414,6,2025-04-20,completed
6269,679,18,2025-12-14,completed
6270,574,18,2025-02-04,completed
6271,81,7,2025-01-04,completed
6272,468,14,2025-01-26,completed
6273,852,7,2025-09-11,completed
6274,355,13,2025-11-15,completed
6275,254,15,2025-08-06,completed
6276,201,14,2025-06-27,completed
6277,415,3,2025-08-27,completed
6278,90,4,2025-06-13,completed
6279,478,12,2025-04-12,completed
6280,316,10,2025-07-14,completed
6281,229,18,2025-02-23,cancelled
6282,19,13,2025-10-28,completed
6283,829,11,2025-09-01,completed
6284,507,4,2025-05-28,completed
6285,860,5,2025-01-28,completed
6286,351,5,2025-02-06,completed
6287,365,8,2025-03-24,completed
6288,438,19,2025-05-30,completed
6289,496,4,2025-05-29,completed
6290,945,1,2025-09-11,completed
6291,543,8,2025-10-24,completed
6292,991,6,2025-10-15,completed
6293,323,15,2025-12-01,completed
6294,329,15,2025-10-06,completed
6295,999,1,2025-12-13,completed
6296,869,6,2025-10-17,completed
6297,628,8,2025-04-12,completed
6298,218,14,2025-07-03,completed
6299,50,19,2025-01-18,completed
6300,392,14,2025-02-19,completed
6301,207,16,2025-05-11,completed
6302,712,10,2025-01-02,completed
6303,91,18,2025-02-03,completed
6304,866,17,2025-10-04,completed
6305,674,15,2025-09-17,completed
6306,462,3,2025-02-11,completed
6307,886,6,2025-10-02,completed
6308,824,9,2025-11-03,completed
6309,225,10,2025-04-18,completed
6310,65,18,2025-01-22,completed
6311,477,13,2025-05-08,completed
6312,242,9,2025-07-15,completed
6313,494,8,2025-05-30,completed
6314,767,15,2025-12-10,completed
6315,371,16,2025-03-14,completed
6316,197,2,2025-07-04,completed
6317,746,4,2025-05-10,completed
6318,222,5,2025-04-13,completed
6319,258,20,2025-05-05,completed
6320,619,17,2025-04-12,completed
6321,428,18,2025-01-31,completed
6322,682,13,2025-09-28,completed
6323,839,17,2025-09-23,completed
6324,918,8,2025-04-30,completed
6325,356,9,2025-10-14,completed
6326,636,15,2025-08-09,completed
6327,285,18,2025-09-03,cancelled
6328,455,11,2025-10-12,completed
6329,644,19,2025-09-10,completed
6330,197,2,2025-11-28,completed
6331,548,18,2025-04-10,completed
6332,758,5,2025-09-20,completed
6333,930,2,2025-06-13,completed
6334,310,5,2025-02-10,completed
6335,48,3,2025-05-02,completed
6336,370,15,2025-11-15,completed
6337,129,18,2025-03-19,completed
6338,281,16,2025-05-04,cancelled
6339,859,20,2025-07-12,completed
6340,241,14,2025-02-07,completed
6341,161,7,2025-01-13,completed
6342,39,6,2025-01-13,cancelled
6343,183,6,2025-05-09,completed
6344,328,20,2025-12-15,completed
6345,759,16,2025-04-27,completed
6346,482,14,2025-04-17,completed
6347,961,3,2025-08-07,completed
6348,798,6,2025-07-02,completed
6349,94,6,2025-04-10,completed
6350,853,9,2025-12-16,completed
6351,717,2,2025-08-14,completed
6352,6,14,2025-01-11,completed
6353,448,9,2025-12-20,completed
6354,249,7,2025-05-29,completed
6355,152,1,2025-06-27,completed
6356,532,4,2025-12-04,completed
6357,606,1,2025-09-02,completed
6358,766,13,2025-09-09,completed
6359,574,12,2025-12-21,completed
6360,340,10,2025-04-09,completed
6361,197,12,2025-04-27,completed
6362,690,2,2025-05-11,completed
6363,812,4,2025-06-13,completed
6364,623,8,2025-01-09,completed
6365,594,8,2025-07-31,completed
6366,867,10,2025-02-19,completed
6367,927,18,2025-12-16,completed
6368,921,10,2025-08-13,completed
6369,890,11,2025-10-12,completed
6370,136,12,2025-09-12,completed
6371,79,5,2025-11-28,completed
6372,889,19,2025-12-30,completed
6373,122,10,2025-06-30,completed
6374,887,10,2025-05-22,completed
6375,779,11,2025-05-21,completed
6376,887,12,2025-10-23,completed
6377,901,13,2025-04-28,completed
6378,686,15,2025-06-29,completed
6379,6,9,2025-05-16,completed
6380,912,5,2025-02-21,completed
6381,608,14,2025-10-08,completed
6382,557,1,2025-12-20,completed
6383,313,4,2025-03-27,completed
6384,261,8,2025-05-18,cancelled
6385,326,16,2025-12-02,completed
6386,339,16,2025-11-02,completed
6387,188,17,2025-02-22,completed
6388,697,19,2025-06-09,completed
6389,611,6,2025-06-23,completed
6390,685,5,2025-12-10,completed
6391,437,8,2025-09-30,completed
6392,185,13,2025-02-22,completed
6393,534,18,2025-05-15,completed
6394,876,1,2025-11-17,completed
6395,350,15,2025-10-26,completed
6396,925,17,2025-06-04,completed
6397,852,10,2025-09-21,completed
6398,886,3,2025-12-27,completed
6399,347,18,2025-12-05,completed
6400,90,4,2025-07-07,completed
6401,987,10,2025-06-21,completed
6402,877,18,2025-10-21,completed
6403,824,8,2025-04-10,completed
6404,681,20,2025-07-26,completed
6405,679,3,2025-10-20,completed
6406,261,8,2025-03-21,completed
6407,71,4,2025-11-01,completed
6408,32,12,2025-08-26,completed
6409,198,1,2025-03-13,completed
6410,499,8,2025-04-05,completed
6411,465,13,2025-03-19,completed
6412,839,12,2025-05-21,completed
6413,542,5,2025-02-28,completed
6414,772,1,2025-05-13,completed
6415,638,15,2025-03-23,completed
6416,639,2,2025-02-14,completed
6417,647,19,2025-03-17,completed
6418,347,11,2025-06-03,completed
6419,876,20,2025-07-15,completed
6420,822,3,2025-10-13,completed
6421,605,5,2025-10-01,completed
6422,643,13,2025-07-28,completed
6423,246,13,2025-05-10,completed
6424,289,20,2025-07-05,completed
6425,159,4,2025-04-06,completed
6426,661,11,2025-07-09,completed
6427,803,18,2025-10-15,completed
6428,32,5,2025-05-18,completed
6429,575,2,2025-10-05,completed
6430,572,13,2025-01-03,completed
6431,778,1,2025-06-12,completed
6432,381,7,2025-04-15,completed
6433,227,3,2025-05-23,completed
6434,235,15,2025-01-01,completed
6435,44,14,2025-04-02,completed
6436,367,20,2025-04-28,completed
6437,615,8,2025-02-28,completed
6438,534,18,2025-08-18,completed
6439,188,4,2025-09-13,completed
6440,738,13,2025-02-04,completed
6441,840,8,2025-08-21,completed
6442,489,12,2025-07-20,completed
6443,324,7,2025-05-02,completed
6444,236,11,2025-09-25,completed
6445,592,9,2025-03-08,completed
6446,2,18,2025-07-24,completed
6447,356,14,2025-11-09,completed
6448,618,17,2025-01-18,completed
6449,884,17,2025-10-26,completed
6450,833,5,2025-10-22,completed
6451,983,13,2025-01-01,completed
6452,367,5,2025-05-12,completed
6453,446,6,2025-12-13,completed
6454,672,16,2025-01-20,completed
6455,230,13,2025-05-12,completed
6456,401,10,2025-01-24,completed
6457,915,8,2025-07-20,completed
6458,34,13,2025-04-19,completed
6459,263,12,2025-10-19,completed
6460,522,9,2025-07-29,completed
6461,92,1,2025-09-21,completed
6462,785,13,2025-09-25,completed
6463,257,14,2025-03-20,completed
6464,748,6,2025-10-08,completed
6465,751,5,2025-06-29,completed
6466,483,3,2025-04-16,completed
6467,178,12,2025-07-03,completed
6468,107,6,2025-02-23,completed
6469,448,14,2025-12-06,completed
6470,892,5,2025-10-10,completed
6471,958,2,2025-08-05,completed
6472,852,15,2025-02-06,completed
6473,812,5,2025-11-23,completed
6474,409,16,2025-11-27,completed
6475,856,19,2025-02-19,cancelled
6476,636,17,2025-01-28,completed
6477,494,6,2025-07-02,completed
6478,64,14,2025-12-22,completed
6479,953,1,2025-03-24,completed
6480,893,10,2025-01-01,completed
6481,621,20,2025-08-16,completed
6482,429,5,2025-11-06,completed
6483,552,1,2025-12-28,completed
6484,355,19,2025-04-14,completed
6485,269,16,2025-06-05,completed
6486,884,7,2025-07-30,completed
6487,63,1,2025-09-14,completed
6488,235,11,2025-10-16,completed
6489,612,9,2025-06-23,completed
6490,810,15,2025-05-14,completed
6491,955,7,2025-04-21,completed
6492,970,2,2025-06-12,completed
6493,826,15,2025-03-06,completed
6494,469,15,2025-07-03,completed
6495,541,6,2025-07-09,completed
6496,497,19,2025-08-27,completed
6497,759,6,2025-07-01,completed
6498,821,14,2025-12-21,completed
6499,236,8,2025-02-04,completed
6500,205,8,2025-02-12,completed
6501,642,9,2025-11-04,completed
6502,649,17,2025-05-09,completed
6503,385,7,2025-07-17,completed
6504,644,18,2025-07-11,completed
6505,738,11,2025-12-20,completed
6506,138,4,2025-09-18,completed
6507,352,9,2025-04-05,completed
6508,296,3,2025-06-02,completed
6509,336,6,2025-12-14,completed
6510,1000,14,2025-02-02,completed
6511,492,9,2025-12-05,completed
6512,430,7,2025-09-26,completed
6513,174,15,2025-01-10,completed
6514,373,1,2025-12-28,completed
6515,857,17,2025-04-03,completed
6516,253,7,2025-03-11,completed
6517,795,14,2025-11-24,completed
6518,628,8,2025-05-07,completed
6519,436,16,2025-11-27,completed
6520,505,10,2025-08-22,completed
6521,457,11,2025-06-23,completed
6522,579,6,2025-02-16,completed
6523,555,4,2025-07-21,completed
6524,869,15,2025-08-31,completed
6525,26,7,2025-07-10,completed
6526,230,8,2025-04-24,completed
6527,297,3,2025-12-02,completed
6528,237,6,2025-12-28,completed
6529,836,4,2025-10-22,completed
6530,664,6,2025-09-20,completed
6531,971,9,2025-11-07,completed
6532,618,15,2025-03-11,completed
6533,354,3,2025-03-07,completed
6534,205,10,2025-10-14,completed
6535,83,11,2025-02-11,completed
6536,30,20,2025-06-30,completed
6537,760,12,2025-11-04,completed
6538,888,13,2025-06-28,completed
6539,710,6,2025-10-10,completed
6540,667,14,2025-05-16,completed
6541,139,12,2025-02-06,completed
6542,574,11,2025-12-25,completed
6543,599,1,2025-07-03,completed
6544,469,15,2025-08-31,completed
6545,141,14,2025-06-30,completed
6546,121,5,2025-07-17,completed
6547,533,5,2025-03-20,completed
6548,732,10,2025-11-07,completed
6549,415,17,2025-09-22,completed
6550,265,7,2025-07-04,completed
6551,110,18,2025-09-20,completed
6552,632,17,2025-03-15,completed
6553,607,8,2025-02-02,completed
6554,507,9,2025-11-28,completed
6555,170,17,2025-02-10,completed
6556,279,19,2025-06-02,completed
6557,636,9,2025-01-12,completed
6558,955,2,2025-02-02,completed
6559,519,4,2025-11-15,completed
6560,422,16,2025-04-11,completed
6561,700,1,2025-01-06,completed
6562,88,6,2025-05-14,completed
6563,369,7,2025-04-07,completed
6564,339,16,2025-05-01,completed
6565,218,15,2025-04-06,cancelled
6566,4,12,2025-04-12,completed
6567,953,14,2025-10-30,completed
6568,468,11,2025-04-01,completed
6569,539,6,2025-12-28,completed
6570,332,13,2025-11-06,completed
6571,793,16,2025-03-23,completed
6572,307,7,2025-07-15,completed
6573,963,6,2025-12-28,completed
6574,84,1,2025-04-17,completed
6575,460,11,2025-12-10,completed
6576,989,13,2025-09-12,completed
6577,403,8,2025-05-26,completed
6578,464,6,2025-10-19,completed
6579,775,1,2025-08-09,completed
6580,343,6,2025-01-19,completed
6581,268,5,2025-01-10,completed
6582,59,11,2025-01-12,completed
6583,964,13,2025-03-21,completed
6584,160,12,2025-12-22,cancelled
6585,262,6,2025-10-17,completed
6586,759,3,2025-11-20,completed
6587,271,11,2025-07-02,completed
6588,187,3,2025-11-27,completed
6589,591,1,2025-07-05,completed
6590,523,16,2025-06-06,completed
6591,369,11,2025-06-07,completed
6592,966,1,2025-07-22,completed
6593,804,6,2025-06-08,completed
6594,360,14,2025-08-08,completed
6595,185,3,2025-02-15,completed
6596,949,17,2025-12-26,completed
6597,675,10,2025-04-15,completed
6598,870,12,2025-08-13,completed
6599,835,10,2025-11-19,completed
6600,1,14,2025-02-18,completed
6601,630,20,2025-12-17,completed
6602,57,1,2025-08-23,completed
6603,552,10,2025-08-23,completed
6604,254,9,2025-07-28,completed
6605,85,13,2025-08-15,completed
6606,111,4,2025-03-15,completed
6607,679,12,2025-08-29,completed
6608,460,11,2025-12-06,completed
6609,851,16,2025-03-31,completed
6610,597,2,2025-12-13,completed
6611,666,6,2025-06-30,completed
6612,414,2,2025-08-02,cancelled
6613,499,1,2025-01-10,cancelled
6614,668,3,2025-04-18,completed
6615,16,19,2025-07-03,completed
6616,893,4,2025-05-21,completed
6617,968,8,2025-03-02,completed
6618,308,12,2025-06-04,completed
6619,233,6,2025-03-16,cancelled
6620,620,8,2025-02-13,completed
6621,241,6,2025-01-05,cancelled
6622,168,3,2025-05-15,completed
6623,603,16,2025-11-01,completed
6624,135,15,2025-03-19,completed
6625,202,17,2025-11-01,completed
6626,201,13,2025-12-28,completed
6627,80,15,2025-07-05,completed
6628,516,14,2025-11-10,completed
6629,201,10,2025-01-29,completed
6630,587,19,2025-05-17,completed
6631,38,1,2025-09-11,completed
6632,201,19,2025-09-05,completed
6633,343,3,2025-05-15,completed
6634,938,6,2025-03-26,completed
6635,366,19,2025-01-18,completed
6636,206,10,2025-04-15,completed
6637,781,6,2025-01-08,completed
6638,272,10,2025-10-25,completed
6639,871,15,2025-03-18,completed
6640,31,17,2025-08-17,completed
6641,716,15,2025-05-27,completed
6642,754,17,2025-01-15,completed
6643,292,10,2025-04-21,completed
6644,906,8,2025-05-14,completed
6645,54,7,2025-02-17,cancelled
6646,517,1,2025-10-17,completed
6647,998,13,2025-11-26,completed
6648,810,10,2025-11-16,completed
6649,713,2,2025-06-04,completed
6650,932,10,2025-03-19,completed
6651,69,8,2025-01-15,completed
6652,830,13,2025-10-07,completed
6653,908,4,2025-01-11,completed
6654,168,18,2025-10-17,completed
6655,394,16,2025-05-01,completed
6656,851,16,2025-03-19,completed
6657,51,7,2025-06-13,cancelled
6658,461,3,2025-01-25,completed
6659,579,12,2025-01-03,completed
6660,717,5,2025-07-07,completed
6661,692,8,2025-08-20,completed
6662,797,19,2025-07-15,completed
6663,883,4,2025-02-27,completed
6664,291,3,2025-10-20,completed
6665,418,1,2025-03-20,completed
6666,266,9,2025-09-22,completed
6667,55,5,2025-10-08,completed
6668,704,6,2025-01-10,completed
6669,103,2,2025-11-25,completed
6670,884,1,2025-11-27,completed
6671,743,19,2025-05-29,completed
6672,858,10,2025-02-23,completed
6673,347,2,2025-08-13,completed
6674,422,13,2025-01-20,completed
6675,465,7,2025-03-24,completed
6676,535,10,2025-10-04,completed
6677,172,18,2025-03-28,completed
6678,56,20,2025-10-12,completed
6679,704,1,2025-01-03,completed
6680,863,16,2025-10-26,completed
6681,909,2,2025-07-05,completed
6682,608,5,2025-11-19,completed
6683,309,8,2025-12-19,completed
6684,679,18,2025-04-29,completed
6685,404,5,2025-07-21,completed
6686,999,3,2025-08-18,completed
6687,80,4,2025-05-18,completed
6688,7,1,2025-11-09,completed
6689,256,2,2025-06-17,completed
6690,692,7,2025-09-04,completed
6691,814,19,2025-01-24,completed
6692,34,6,2025-05-25,completed
6693,852,5,2025-08-28,completed
6694,821,20,2025-06-17,completed
6695,95,1,2025-02-01,completed
6696,478,5,2025-10-23,completed
6697,996,8,2025-06-19,completed
6698,817,6,2025-07-05,completed
6699,61,11,2025-02-28,completed
6700,917,12,2025-10-17,cancelled
6701,553,2,2025-09-12,completed
6702,253,17,2025-09-26,completed
6703,337,7,2025-07-31,completed
6704,583,6,2025-10-08,completed
6705,203,6,2025-10-05,completed
6706,906,19,2025-01-31,completed
6707,811,16,2025-10-16,cancelled
6708,689,1,2025-06-07,cancelled
6709,403,1,2025-12-08,completed
6710,598,18,2025-03-24,completed
6711,862,10,2025-01-24,completed
6712,625,14,2025-03-29,completed
6713,523,12,2025-03-10,completed
6714,794,7,2025-02-19,completed
6715,481,20,2025-03-06,completed
6716,741,20,2025-09-15,completed
6717,114,20,2025-09-18,completed
6718,242,7,2025-08-03,completed
6719,431,3,2025-11-03,completed
6720,681,8,2025-06-23,completed
6721,643,11,2025-09-04,completed
6722,370,3,2025-12-07,completed
6723,798,16,2025-04-22,completed
6724,831,5,2025-09-20,completed
6725,508,17,2025-08-31,completed
6726,310,11,2025-02-01,completed
6727,699,6,2025-05-19,cancelled
6728,648,13,2025-09-14,completed
6729,613,11,2025-12-22,completed
6730,321,19,2025-10-13,completed
6731,577,17,2025-07-21,completed
6732,468,10,2025-01-06,cancelled
6733,17,18,2025-12-13,completed
6734,598,5,2025-02-03,completed
6735,112,8,2025-01-31,completed
6736,984,10,2025-06-22,completed
6737,673,18,2025-05-24,completed
6738,81,10,2025-04-25,completed
6739,216,9,2025-01-29,completed
6740,11,7,2025-07-06,completed
6741,37,11,2025-11-28,completed
6742,152,6,2025-07-13,cancelled
6743,25,13,2025-08-12,completed
6744,968,11,2025-01-21,completed
6745,624,6,2025-09-06,cancelled
6746,848,1,2025-01-28,completed
6747,182,3,2025-12-10,completed
6748,628,4,2025-10-04,completed
6749,79,14,2025-06-18,completed
6750,338,6,2025-10-06,completed
6751,143,5,2025-02-07,completed
6752,841,11,2025-02-21,completed
6753,394,3,2025-07-22,completed
6754,108,7,2025-08-25,completed
6755,283,19,2025-10-30,completed
6756,300,11,2025-08-27,completed
6757,926,16,2025-12-14,cancelled
6758,530,9,2025-09-13,completed
6759,829,10,2025-08-15,completed
6760,511,19,2025-04-01,completed
6761,59,17,2025-04-11,completed
6762,786,7,2025-11-06,completed
6763,511,20,2025-11-15,completed
6764,366,19,2025-03-14,completed
6765,796,19,2025-11-07,completed
6766,25,6,2025-12-28,completed
6767,14,7,2025-12-26,completed
6768,281,19,2025-12-27,completed
6769,469,11,2025-12-11,completed
6770,16,5,2025-11-28,completed
6771,205,11,2025-01-17,completed
6772,822,19,2025-10-24,completed
6773,247,11,2025-02-08,cancelled
6774,187,12,2025-04-19,completed
6775,32,20,2025-01-19,completed
6776,175,20,2025-11-26,completed
6777,875,4,2025-04-21,completed
6778,563,7,2025-09-24,completed
6779,319,1,2025-05-20,completed
6780,866,14,2025-12-18,completed
6781,58,17,2025-03-09,completed
6782,60,14,2025-03-05,completed
6783,142,8,2025-05-07,completed
6784,780,14,2025-01-30,completed
6785,963,19,2025-10-17,completed
6786,143,3,2025-09-10,completed
6787,611,15,2025-03-17,completed
6788,906,18,2025-11-05,completed
6789,337,3,2025-01-15,completed
6790,626,4,2025-01-12,completed
6791,990,13,2025-11-26,completed
6792,948,12,2025-07-07,completed
6793,582,1,2025-10-01,completed
6794,189,8,2025-10-16,completed
6795,482,8,2025-01-14,completed
6796,484,16,2025-10-26,completed
6797,230,19,2025-03-09,completed
6798,742,3,2025-07-20,completed
6799,29,12,2025-11-07,completed
6800,310,4,2025-12-20,completed
6801,830,15,2025-03-06,cancelled
6802,481,12,2025-10-15,completed
6803,722,14,2025-07-17,completed
6804,878,17,2025-08-22,completed
6805,656,6,2025-10-15,completed
6806,816,12,2025-11-04,completed
6807,983,9,2025-12-28,completed
6808,304,6,2025-05-19,completed
6809,398,17,2025-09-19,completed
6810,385,18,2025-02-17,completed
6811,391,11,2025-11-15,completed
6812,525,19,2025-05-08,completed
6813,981,9,2025-04-13,completed
6814,986,5,2025-08-17,completed
6815,498,14,2025-05-22,completed
6816,867,14,2025-01-29,completed
6817,332,12,2025-05-28,cancelled
6818,737,10,2025-05-25,completed
6819,226,19,2025-12-24,completed
6820,347,3,2025-01-21,completed
6821,998,12,2025-12-22,completed
6822,177,6,2025-10-23,completed
6823,328,9,2025-06-21,completed
6824,999,5,2025-11-11,completed
6825,565,18,2025-09-25,completed
6826,978,2,2025-06-27,completed
6827,366,5,2025-12-23,completed
6828,336,6,2025-05-17,completed
6829,319,20,2025-07-16,completed
6830,890,9,2025-03-06,completed
6831,164,2,2025-08-20,completed
6832,278,12,2025-07-16,completed
6833,495,5,2025-01-02,completed
6834,916,18,2025-04-10,completed
6835,776,18,2025-09-11,completed
6836,685,2,2025-11-02,cancelled
6837,896,20,2025-11-16,completed
6838,48,19,2025-06-27,completed
6839,228,6,2025-05-06,completed
6840,572,7,2025-01-31,completed
6841,420,15,2025-09-25,completed
6842,167,8,2025-10-13,completed
6843,376,4,2025-06-01,completed
6844,668,18,2025-02-23,completed
6845,649,19,2025-02-10,completed
6846,497,1,2025-09-28,cancelled
6847,610,4,2025-02-12,completed
6848,648,4,2025-01-16,completed
6849,326,8,2025-10-16,completed
6850,766,4,2025-11-02,completed
6851,457,19,2025-06-28,completed
6852,114,18,2025-02-02,completed
6853,98,9,2025-08-11,completed
6854,187,16,2025-02-04,completed
6855,19,16,2025-04-15,completed
6856,563,1,2025-02-05,completed
6857,997,17,2025-11-26,completed
6858,780,1,2025-01-11,completed
6859,637,19,2025-08-31,completed
6860,222,15,2025-10-03,completed
6861,146,7,2025-06-30,completed
6862,833,12,2025-02-03,completed
6863,992,19,2025-04-20,completed
6864,492,4,2025-01-23,completed
6865,668,6,2025-06-15,cancelled
6866,973,6,2025-10-07,completed
6867,392,18,2025-01-03,completed
6868,56,17,2025-11-22,completed
6869,14,11,2025-06-29,completed
6870,94,6,2025-12-10,completed
6871,736,20,2025-06-04,completed
6872,793,20,2025-10-07,completed
6873,78,8,2025-02-12,completed
6874,404,5,2025-05-16,completed
6875,115,9,2025-05-09,completed
6876,502,2,2025-02-26,completed
6877,395,9,2025-09-12,completed
6878,425,2,2025-04-08,completed
6879,295,6,2025-04-24,completed
6880,272,9,2025-06-20,completed
6881,970,15,2025-05-18,completed
6882,204,19,2025-09-19,completed
6883,630,6,2025-11-28,completed
6884,205,10,2025-08-25,completed
6885,473,15,2025-12-29,completed
6886,197,15,2025-03-17,completed
6887,313,9,2025-12-08,completed
6888,607,18,2025-02-21,completed
6889,530,3,2025-11-08,cancelled
6890,319,1,2025-06-10,completed
6891,118,11,2025-12-22,completed
6892,833,10,2025-10-02,completed
6893,260,12,2025-11-25,completed
6894,506,4,2025-03-19,cancelled
6895,136,15,2025-11-14,completed
6896,648,1,2025-07-31,completed
6897,418,8,2025-09-07,completed
6898,243,10,2025-07-10,completed
6899,690,15,2025-11-23,completed
6900,789,19,2025-03-27,completed
6901,670,18,2025-11-09,completed
6902,66,15,2025-11-10,completed
6903,954,5,2025-03-22,completed
6904,536,17,2025-06-12,completed
6905,277,2,2025-04-19,completed
6906,686,2,2025-04-21,completed
6907,635,6,2025-06-05,completed
6908,84,13,2025-08-28,completed
6909,930,12,2025-05-21,completed
6910,938,2,2025-11-25,completed
6911,724,17,2025-12-02,completed
6912,563,5,2025-06-26,completed
6913,111,18,2025-03-30,completed
6914,75,14,2025-11-23,completed
6915,124,6,2025-06-19,completed
6916,792,1,2025-03-06,completed
6917,18,12,2025-03-11,completed
6918,282,14,2025-08-25,completed
6919,177,15,2025-01-12,completed
6920,957,6,2025-06-10,completed
6921,493,12,2025-09-06,completed
6922,69,12,2025-03-15,completed
6923,747,18,2025-11-10,completed
6924,708,10,2025-02-24,completed
6925,256,1,2025-10-05,completed
6926,432,11,2025-09-27,completed
6927,542,12,2025-10-19,completed
6928,594,8,2025-04-14,completed
6929,819,19,2025-06-16,completed
6930,474,13,2025-06-18,completed
6931,479,8,2025-10-18,completed
6932,257,8,2025-05-22,completed
6933,194,14,2025-08-03,completed
6934,660,10,2025-10-29,completed
6935,426,11,2025-03-10,completed
6936,37,20,2025-09-07,completed
6937,128,13,2025-08-20,completed
6938,584,10,2025-06-08,completed
6939,93,3,2025-02-19,completed
6940,977,7,2025-03-17,completed
6941,529,13,2025-07-20,completed
6942,890,14,2025-09-05,completed
6943,407,20,2025-02-07,completed
6944,344,2,2025-08-28,completed
6945,890,14,2025-07-24,completed
6946,54,13,2025-12-04,completed
6947,824,9,2025-04-28,completed
6948,361,10,2025-11-03,completed
6949,528,1,2025-07-25,completed
6950,210,19,2025-09-01,completed
6951,173,1,2025-10-01,completed
6952,165,9,2025-04-30,completed
6953,904,19,2025-10-26,completed
6954,591,10,2025-06-08,completed
6955,549,12,2025-10-01,completed
6956,612,11,2025-03-13,completed
6957,982,3,2025-02-07,completed
6958,936,20,2025-06-18,completed
6959,764,13,2025-10-20,completed
6960,892,16,2025-07-12,completed
6961,202,9,2025-03-30,completed
6962,708,10,2025-02-25,cancelled
6963,91,8,2025-05-23,completed
6964,671,6,2025-01-29,completed
6965,301,14,2025-12-30,completed
6966,114,10,2025-10-11,completed
6967,183,2,2025-07-09,completed
6968,68,11,2025-01-12,completed
6969,50,6,2025-10-19,completed
6970,740,1,2025-05-10,completed
6971,666,12,2025-11-06,completed
6972,542,8,2025-09-09,completed
6973,103,2,2025-11-09,completed
6974,909,7,2025-08-26,completed
6975,442,16,2025-10-23,completed
6976,694,9,2025-08-17,completed
6977,740,2,2025-10-30,completed
6978,544,17,2025-09-04,completed
6979,907,13,2025-03-13,completed
6980,797,9,2025-09-27,completed
6981,720,4,2025-07-08,completed
6982,396,18,2025-12-09,completed
6983,96,7,2025-11-07,completed
6984,685,11,2025-06-12,completed
6985,981,8,2025-08-08,completed
6986,156,19,2025-11-24,completed
6987,798,8,2025-11-30,completed
6988,616,16,2025-10-03,completed
6989,988,9,2025-01-04,completed
6990,587,20,2025-04-12,completed
6991,861,11,2025-01-16,completed
6992,809,10,2025-12-04,completed
6993,762,19,2025-08-26,completed
6994,426,6,2025-07-01,completed
6995,551,16,2025-02-15,completed
6996,636,8,2025-04-21,completed
6997,30,1,2025-01-29,cancelled
6998,336,5,2025-01-22,cancelled
6999,785,19,2025-08-01,completed
7000,530,6,2025-08-25,cancelled
7001,286,8,2025-05-15,completed
7002,441,7,2025-06-30,completed
7003,145,1,2025-09-23,completed
7004,31,4,2025-08-13,completed
7005,80,12,2025-09-08,completed
7006,439,18,2025-12-08,completed
7007,518,2,2025-07-11,completed
7008,664,15,2025-06-03,completed
7009,862,18,2025-10-26,completed
7010,433,6,2025-02-16,completed
7011,854,12,2025-07-28,completed
7012,56,11,2025-07-13,completed
7013,572,19,2025-10-21,completed
7014,2,5,2025-08-25,completed
7015,591,8,2025-12-07,completed
7016,634,16,2025-11-19,completed
7017,948,4,2025-02-02,completed
7018,308,2,2025-01-19,completed
7019,159,3,2025-09-08,completed
7020,350,2,2025-04-09,completed
7021,756,7,2025-09-11,completed
7022,490,2,2025-11-04,completed
7023,434,18,2025-03-16,completed
7024,781,18,2025-06-03,completed
7025,435,15,2025-02-18,completed
7026,334,11,2025-11-23,completed
7027,396,18,2025-05-30,completed
7028,768,1,2025-02-24,completed
7029,75,16,2025-07-21,completed
7030,689,18,2025-04-22,completed
7031,564,15,2025-06-04,completed
7032,967,11,2025-06-24,completed
7033,541,11,2025-11-02,completed
7034,261,11,2025-09-06,cancelled
7035,380,8,2025-03-07,completed
7036,632,16,2025-12-19,completed
7037,872,5,2025-05-14,completed
7038,242,9,2025-02-24,completed
7039,411,16,2025-10-21,completed
7040,375,3,2025-11-02,completed
7041,618,12,2025-08-24,completed
7042,17,3,2025-04-05,completed
7043,27,13,2025-01-13,completed
7044,537,13,2025-04-18,completed
7045,877,4,2025-01-04,completed
7046,836,11,2025-12-30,completed
7047,412,10,2025-09-18,completed
7048,706,12,2025-09-23,completed
7049,802,8,2025-10-30,completed
7050,502,19,2025-04-11,completed
7051,203,17,2025-12-05,completed
7052,359,18,2025-10-14,completed
7053,342,19,2025-02-04,cancelled
7054,288,3,2025-08-09,completed
7055,528,6,2025-08-15,completed
7056,849,9,2025-09-16,completed
7057,510,20,2025-11-08,completed
7058,931,9,2025-12-26,completed
7059,480,15,2025-02-18,completed
7060,154,18,2025-05-07,completed
7061,815,5,2025-07-08,completed
7062,305,15,2025-02-22,completed
7063,620,4,2025-11-24,completed
7064,358,20,2025-11-04,completed
7065,378,19,2025-06-05,completed
7066,960,7,2025-05-19,completed
7067,422,19,2025-03-24,completed
7068,951,19,2025-07-04,completed
7069,578,8,2025-11-26,cancelled
7070,422,4,2025-07-11,completed
7071,788,4,2025-11-11,completed
7072,690,6,2025-06-30,completed
7073,981,5,2025-07-09,completed
7074,109,11,2025-03-10,completed
7075,841,16,2025-09-24,completed
7076,807,17,2025-08-04,completed
7077,399,10,2025-06-15,completed
7078,929,8,2025-01-09,completed
7079,606,12,2025-12-26,completed
7080,119,19,2025-01-31,completed
7081,234,13,2025-10-15,completed
7082,188,18,2025-11-08,completed
7083,202,14,2025-06-12,completed
7084,894,6,2025-09-16,completed
7085,170,4,2025-02-13,completed
7086,881,12,2025-09-18,completed
7087,374,16,2025-05-31,completed
7088,498,12,2025-04-11,completed
7089,688,5,2025-12-06,completed
7090,398,19,2025-08-07,completed
7091,321,15,2025-05-18,completed
7092,672,4,2025-07-23,completed
7093,997,2,2025-05-05,completed
7094,223,8,2025-07-31,completed
7095,249,20,2025-04-25,completed
7096,624,11,2025-11-06,completed
7097,80,2,2025-04-11,completed
7098,877,5,2025-09-07,completed
7099,58,17,2025-10-19,completed
7100,653,3,2025-05-19,completed
7101,909,18,2025-05-06,completed
7102,870,4,2025-06-16,completed
7103,739,20,2025-05-03,completed
7104,858,10,2025-08-03,cancelled
7105,577,3,2025-02-12,completed
7106,127,19,2025-12-31,completed
7107,627,9,2025-09-15,cancelled
7108,487,13,2025-02-07,completed
7109,796,16,2025-09-12,completed
7110,399,4,2025-06-29,completed
7111,387,4,2025-05-20,completed
7112,934,11,2025-08-02,completed
7113,730,8,2025-09-02,completed
7114,361,20,2025-12-28,completed
7115,566,2,2025-06-23,completed
7116,438,8,2025-02-05,completed
7117,944,18,2025-03-27,completed
7118,180,13,2025-06-22,completed
7119,556,18,2025-04-17,completed
7120,64,2,2025-02-22,completed
7121,870,18,2025-05-20,completed
7122,229,1,2025-10-26,completed
7123,947,9,2025-01-09,completed
7124,871,9,2025-10-28,completed
7125,222,19,2025-05-02,completed
7126,251,8,2025-03-21,completed
7127,849,19,2025-09-14,completed
7128,885,20,2025-10-06,cancelled
7129,315,8,2025-02-25,completed
7130,78,1,2025-05-25,completed
7131,255,18,2025-05-13,cancelled
7132,65,15,2025-01-09,completed
7133,460,19,2025-08-29,completed
7134,592,7,2025-04-16,completed
7135,68,20,2025-02-25,completed
7136,807,19,2025-03-24,completed
7137,139,19,2025-03-30,completed
7138,983,8,2025-05-04,completed
7139,469,18,2025-06-07,completed
7140,809,19,2025-10-21,completed
7141,389,15,2025-06-13,completed
7142,807,10,2025-09-02,cancelled
7143,116,8,2025-04-18,completed
7144,515,18,2025-09-28,completed
7145,769,15,2025-05-05,cancelled
7146,750,16,2025-07-24,completed
7147,776,3,2025-03-22,completed
7148,370,11,2025-02-04,completed
7149,393,4,2025-12-15,completed
7150,908,14,2025-11-27,completed
7151,777,5,2025-09-05,completed
7152,579,13,2025-11-19,completed
7153,762,3,2025-08-09,completed
7154,924,6,2025-02-13,completed
7155,477,8,2025-10-14,completed
7156,577,20,2025-08-26,completed
7157,174,16,2025-08-04,completed
7158,381,14,2025-05-09,completed
7159,356,6,2025-12-30,completed
7160,883,19,2025-05-04,completed
7161,415,11,2025-07-06,completed
7162,432,5,2025-11-08,completed
7163,403,19,2025-09-27,completed
7164,424,16,2025-09-22,cancelled
7165,317,6,2025-09-05,completed
7166,431,17,2025-10-24,completed
7167,589,4,2025-01-19,completed
7168,971,11,2025-07-09,completed
7169,257,16,2025-06-10,completed
7170,642,3,2025-05-25,completed
7171,270,9,2025-02-12,completed
7172,697,10,2025-10-29,completed
7173,486,18,2025-02-15,completed
7174,17,10,2025-08-03,completed
7175,472,5,2025-07-23,completed
7176,788,7,2025-08-19,completed
7177,13,7,2025-11-19,completed
7178,839,17,2025-07-24,completed
7179,72,2,2025-08-02,completed
7180,636,12,2025-08-10,completed
7181,276,8,2025-08-12,completed
7182,966,16,2025-05-21,completed
7183,603,11,2025-05-16,completed
7184,537,2,2025-01-16,completed
7185,443,6,2025-10-01,completed
7186,600,18,2025-06-21,completed
7187,707,2,2025-08-20,completed
7188,280,16,2025-09-09,completed
7189,826,14,2025-10-01,completed
7190,757,20,2025-12-11,completed
7191,378,18,2025-06-11,completed
7192,440,2,2025-07-31,completed
7193,626,17,2025-08-22,completed
7194,880,8,2025-10-11,completed
7195,653,14,2025-05-14,completed
7196,955,8,2025-02-11,completed
7197,392,8,2025-05-06,completed
7198,173,9,2025-08-29,completed
7199,679,4,2025-02-19,completed
7200,546,8,2025-08-02,completed
7201,325,14,2025-02-04,completed
7202,850,14,2025-10-29,completed
7203,261,17,2025-12-06,completed
7204,807,16,2025-07-07,completed
7205,704,1,2025-07-13,completed
7206,702,13,2025-05-06,completed
7207,239,8,2025-04-12,completed
7208,117,6,2025-02-09,completed
7209,213,16,2025-06-19,completed
7210,242,9,2025-07-01,completed
7211,831,6,2025-02-01,completed
7212,613,12,2025-07-07,completed
7213,421,11,2025-05-20,completed
7214,736,11,2025-01-05,completed
7215,402,6,2025-03-08,completed
7216,157,16,2025-08-06,completed
7217,402,16,2025-11-01,completed
7218,103,15,2025-03-12,completed
7219,384,4,2025-09-18,cancelled
7220,338,5,2025-12-31,completed
7221,928,8,2025-08-03,completed
7222,637,1,2025-10-06,completed
7223,863,11,2025-04-06,completed
7224,25,6,2025-03-06,completed
7225,960,4,2025-04-15,completed
7226,169,2,2025-08-06,completed
7227,46,4,2025-02-05,completed
7228,708,16,2025-03-01,completed
7229,170,18,2025-10-23,completed
7230,820,15,2025-04-23,completed
7231,873,1,2025-12-17,completed
7232,391,7,2025-07-13,cancelled
7233,44,18,2025-07-14,completed
7234,17,4,2025-04-05,completed
7235,743,16,2025-08-31,completed
7236,632,9,2025-08-24,completed
7237,298,1,2025-06-12,completed
7238,451,19,2025-02-11,completed
7239,441,13,2025-12-09,completed
7240,647,17,2025-07-05,completed
7241,55,2,2025-02-26,completed
7242,201,10,2025-08-06,completed
7243,27,16,2025-12-20,completed
7244,214,15,2025-07-28,completed
7245,710,1,2025-01-11,completed
7246,807,17,2025-07-18,completed
7247,327,10,2025-08-11,completed
7248,168,16,2025-11-07,completed
7249,887,12,2025-01-17,completed
7250,49,4,2025-08-06,completed
7251,143,9,2025-09-22,completed
7252,693,3,2025-11-30,completed
7253,146,6,2025-08-06,completed
7254,30,6,2025-08-31,completed
7255,22,19,2025-04-08,completed
7256,36,7,2025-03-23,completed
7257,925,6,2025-01-27,completed
7258,337,7,2025-08-15,completed
7259,558,13,2025-05-16,completed
7260,422,15,2025-07-08,completed
7261,232,7,2025-08-23,completed
7262,200,8,2025-05-13,completed
7263,124,10,2025-02-24,completed
7264,121,3,2025-01-23,completed
7265,343,18,2025-01-04,completed
7266,709,1,2025-02-13,completed
7267,626,20,2025-09-02,completed
7268,539,3,2025-12-25,completed
7269,348,5,2025-12-11,completed
7270,594,6,2025-01-06,completed
7271,680,13,2025-09-06,completed
7272,715,15,2025-12-02,completed
7273,323,20,2025-08-03,completed
7274,104,18,2025-02-26,completed
7275,573,15,2025-01-04,completed
7276,168,7,2025-09-13,completed
7277,97,12,2025-11-09,completed
7278,396,15,2025-12-09,completed
7279,394,4,2025-11-17,cancelled
7280,386,14,2025-10-04,completed
7281,135,7,2025-04-17,completed
7282,382,12,2025-01-22,completed
7283,887,4,2025-07-01,completed
7284,312,11,2025-05-29,completed
7285,533,12,2025-12-11,cancelled
7286,848,7,2025-03-10,completed
7287,213,8,2025-04-26,completed
7288,852,15,2025-08-09,completed
7289,675,15,2025-10-17,completed
7290,436,16,2025-09-19,completed
7291,594,7,2025-02-23,completed
7292,411,16,2025-06-03,completed
7293,336,2,2025-12-24,completed
7294,273,17,2025-03-03,completed
7295,933,3,2025-03-27,completed
7296,934,3,2025-02-01,completed
7297,648,8,2025-12-09,completed
7298,297,7,2025-07-08,completed
7299,293,14,2025-09-29,completed
7300,314,18,2025-02-05,completed
7301,165,5,2025-04-07,completed
7302,803,3,2025-07-23,completed
7303,900,15,2025-08-04,completed
7304,774,1,2025-01-21,completed
7305,629,6,2025-11-12,completed
7306,55,8,2025-04-05,completed
7307,319,4,2025-06-25,completed
7308,669,10,2025-10-09,completed
7309,846,18,2025-02-21,completed
7310,444,9,2025-09-07,completed
7311,610,12,2025-05-30,completed
7312,652,4,2025-08-16,completed
7313,404,5,2025-03-22,completed
7314,320,11,2025-11-14,completed
7315,759,12,2025-08-30,completed
7316,411,12,2025-05-13,completed
7317,764,16,2025-08-16,completed
7318,629,19,2025-05-03,completed
7319,40,3,2025-02-21,completed
7320,379,8,2025-03-23,completed
7321,406,14,2025-07-06,completed
7322,576,7,2025-01-30,completed
7323,228,3,2025-11-14,completed
7324,246,4,2025-11-05,completed
7325,587,10,2025-07-27,completed
7326,505,20,2025-10-11,completed
7327,229,10,2025-04-19,completed
7328,859,17,2025-05-30,completed
7329,819,12,2025-03-16,completed
7330,518,1,2025-10-07,completed
7331,389,15,2025-02-24,completed
7332,991,12,2025-02-09,completed
7333,956,14,2025-10-30,completed
7334,262,15,2025-05-17,completed
7335,527,19,2025-12-05,completed
7336,495,8,2025-06-28,completed
7337,846,12,2025-10-02,completed
7338,575,7,2025-08-22,completed
7339,273,7,2025-06-25,completed
7340,409,5,2025-02-15,completed
7341,964,9,2025-01-30,completed
7342,436,11,2025-09-12,completed
7343,963,7,2025-04-07,completed
7344,471,15,2025-06-25,completed
7345,674,11,2025-11-29,completed
7346,393,12,2025-06-15,completed
7347,934,19,2025-10-21,completed
7348,290,5,2025-06-05,completed
7349,602,7,2025-05-11,completed
7350,681,1,2025-11-15,completed
7351,608,3,2025-09-19,completed
7352,512,5,2025-06-21,cancelled
7353,29,14,2025-04-02,completed
7354,887,7,2025-08-17,completed
7355,837,1,2025-03-24,completed
7356,941,12,2025-01-14,completed
7357,633,8,2025-06-21,completed
7358,557,11,2025-01-23,cancelled
7359,264,15,2025-08-03,completed
7360,797,16,2025-07-20,completed
7361,832,10,2025-03-17,completed
7362,664,10,2025-04-04,completed
7363,872,11,2025-07-31,completed
7364,7,13,2025-11-07,completed
7365,308,14,2025-05-18,cancelled
7366,732,16,2025-02-19,completed
7367,744,3,2025-10-11,completed
7368,425,6,2025-10-29,completed
7369,829,11,2025-06-11,cancelled
7370,687,1,2025-12-05,completed
7371,387,17,2025-06-02,completed
7372,287,19,2025-10-10,completed
7373,68,9,2025-05-30,completed
7374,521,9,2025-07-01,completed
7375,102,12,2025-08-25,completed
7376,177,4,2025-12-05,completed
7377,764,8,2025-11-28,completed
7378,115,11,2025-05-16,completed
7379,392,13,2025-11-25,completed
7380,68,20,2025-08-27,completed
7381,711,19,2025-04-26,completed
7382,739,5,2025-04-30,completed
7383,958,3,2025-07-27,completed
7384,477,6,2025-11-05,completed
7385,630,15,2025-05-03,completed
7386,4,19,2025-05-24,completed
7387,648,15,2025-07-20,completed
7388,894,15,2025-06-27,cancelled
7389,195,10,2025-07-19,completed
7390,120,9,2025-10-30,completed
7391,536,8,2025-09-04,completed
7392,255,2,2025-04-06,completed
7393,112,18,2025-08-24,completed
7394,230,5,2025-01-11,completed
7395,562,11,2025-04-09,completed
7396,505,2,2025-09-05,completed
7397,333,9,2025-11-26,completed
7398,578,8,2025-04-13,completed
7399,851,14,2025-04-15,completed
7400,562,4,2025-10-22,completed
7401,939,2,2025-08-31,completed
7402,406,20,2025-04-09,completed
7403,886,6,2025-06-03,cancelled
7404,142,2,2025-06-28,completed
7405,325,1,2025-02-26,completed
7406,988,20,2025-06-18,completed
7407,998,17,2025-05-16,completed
7408,655,17,2025-09-02,completed
7409,102,18,2025-05-22,completed
7410,371,1,2025-09-18,completed
7411,959,15,2025-06-07,completed
7412,872,11,2025-08-09,completed
7413,744,16,2025-05-01,cancelled
7414,903,13,2025-03-25,completed
7415,709,10,2025-09-03,completed
7416,311,13,2025-04-03,completed
7417,469,12,2025-05-19,completed
7418,538,16,2025-07-27,completed
7419,120,14,2025-10-27,completed
7420,74,8,2025-04-10,completed
7421,435,14,2025-04-28,completed
7422,975,1,2025-05-30,completed
7423,416,17,2025-11-27,completed
7424,430,15,2025-04-10,completed
7425,83,7,2025-12-01,completed
7426,500,7,2025-09-06,completed
7427,433,20,2025-07-08,completed
7428,530,7,2025-05-25,completed
7429,48,17,2025-04-17,completed
7430,119,18,2025-10-23,completed
7431,968,1,2025-09-18,completed
7432,142,12,2025-05-13,completed
7433,590,19,2025-01-26,completed
7434,37,10,2025-07-02,completed
7435,944,13,2025-10-28,completed
7436,275,4,2025-09-02,completed
7437,652,11,2025-04-28,completed
7438,582,6,2025-01-31,completed
7439,674,14,2025-04-03,completed
7440,596,9,2025-07-15,completed
7441,272,3,2025-04-27,completed
7442,110,17,2025-06-17,completed
7443,257,3,2025-02-05,completed
7444,495,3,2025-06-03,completed
7445,866,14,2025-05-23,completed
7446,314,13,2025-04-16,completed
7447,193,16,2025-12-16,completed
7448,869,20,2025-11-08,completed
7449,328,14,2025-02-03,completed
7450,586,12,2025-01-28,completed
7451,555,1,2025-06-28,completed
7452,145,1,2025-03-19,completed
7453,175,8,2025-09-11,cancelled
7454,266,11,2025-06-12,completed
7455,359,8,2025-07-13,completed
7456,764,7,2025-03-01,completed
7457,162,1,2025-02-03,completed
7458,894,7,2025-03-30,completed
7459,326,5,2025-07-07,completed
7460,11,8,2025-02-16,completed
7461,519,12,2025-02-03,completed
7462,472,5,2025-05-11,completed
7463,320,20,2025-08-07,completed
7464,796,11,2025-11-27,completed
7465,709,5,2025-01-31,completed
7466,327,1,2025-06-01,cancelled
7467,737,13,2025-11-15,completed
7468,894,7,2025-05-13,completed
7469,772,5,2025-07-03,completed
7470,530,12,2025-12-22,completed
7471,784,15,2025-10-31,completed
7472,399,19,2025-05-13,completed
7473,902,13,2025-11-15,completed
7474,591,11,2025-09-13,completed
7475,788,7,2025-06-27,completed
7476,856,13,2025-07-15,completed
7477,166,5,2025-04-27,completed
7478,11,15,2025-06-17,completed
7479,533,3,2025-12-14,completed
7480,220,11,2025-09-22,completed
7481,134,8,2025-04-16,completed
7482,158,11,2025-01-12,completed
7483,164,7,2025-03-13,completed
7484,277,13,2025-04-10,completed
7485,977,17,2025-02-25,cancelled
7486,584,18,2025-08-16,completed
7487,459,6,2025-03-22,completed
7488,832,18,2025-01-14,completed
7489,363,18,2025-11-26,completed
7490,829,9,2025-11-03,completed
7491,536,16,2025-12-25,completed
7492,827,9,2025-11-08,completed
7493,660,15,2025-04-24,completed
7494,28,14,2025-12-17,completed
7495,202,15,2025-12-16,completed
7496,652,14,2025-05-11,completed
7497,698,12,2025-08-30,completed
7498,366,5,2025-06-28,completed
7499,635,15,2025-03-26,completed
7500,172,19,2025-12-05,cancelled
7501,936,1,2025-06-20,completed
7502,623,5,2025-05-19,completed
7503,597,9,2025-11-12,completed
7504,703,14,2025-12-17,completed
7505,488,5,2025-04-03,completed
7506,714,8,2025-06-01,completed
7507,881,17,2025-10-25,completed
7508,864,6,2025-10-14,completed
7509,490,15,2025-05-24,completed
7510,436,11,2025-10-01,cancelled
7511,796,19,2025-02-18,completed
7512,274,8,2025-01-07,completed
7513,904,4,2025-10-28,completed
7514,668,9,2025-12-01,cancelled
7515,744,7,2025-03-07,completed
7516,463,15,2025-09-18,completed
7517,60,6,2025-09-03,completed
7518,779,20,2025-01-04,completed
7519,449,14,2025-03-04,completed
7520,46,20,2025-04-04,completed
7521,734,8,2025-05-08,completed
7522,336,1,2025-05-03,completed
7523,960,13,2025-11-26,completed
7524,761,16,2025-09-18,cancelled
7525,208,12,2025-03-27,completed
7526,173,1,2025-06-29,completed
7527,79,1,2025-04-26,completed
7528,312,9,2025-12-24,completed
7529,476,5,2025-09-22,completed
7530,725,14,2025-11-25,completed
7531,361,3,2025-01-31,completed
7532,948,18,2025-06-08,completed
7533,989,12,2025-02-23,completed
7534,209,17,2025-01-05,completed
7535,891,16,2025-04-25,completed
7536,77,7,2025-02-11,completed
7537,401,13,2025-09-03,completed
7538,161,10,2025-07-25,completed
7539,926,18,2025-05-04,completed
7540,923,1,2025-02-23,completed
7541,840,14,2025-10-14,completed
7542,810,6,2025-05-07,completed
7543,926,4,2025-12-03,completed
7544,811,20,2025-08-29,completed
7545,200,7,2025-04-29,completed
7546,311,11,2025-04-16,completed
7547,624,18,2025-07-05,completed
7548,883,11,2025-08-16,completed
7549,851,6,2025-05-25,completed
7550,419,14,2025-12-04,completed
7551,117,8,2025-09-26,completed
7552,416,16,2025-03-29,completed
7553,108,18,2025-05-12,cancelled
7554,889,10,2025-06-04,completed
7555,808,20,2025-01-28,cancelled
7556,603,2,2025-02-04,completed
7557,683,17,2025-03-23,completed
7558,207,14,2025-08-28,cancelled
7559,698,15,2025-11-09,completed
7560,983,17,2025-01-19,completed
7561,258,10,2025-07-27,completed
7562,109,19,2025-10-17,completed
7563,31,11,2025-11-09,completed
7564,83,9,2025-07-30,completed
7565,182,9,2025-08-10,completed
7566,778,9,2025-04-11,completed
7567,529,2,2025-11-30,completed
7568,690,3,2025-07-19,completed
7569,562,14,2025-08-12,completed
7570,258,19,2025-01-17,completed
7571,54,17,2025-01-24,completed
7572,196,13,2025-05-14,completed
7573,398,3,2025-06-05,completed
7574,154,15,2025-09-25,completed
7575,233,19,2025-06-17,completed
7576,882,12,2025-03-27,completed
7577,490,8,2025-05-12,completed
7578,631,17,2025-04-17,completed
7579,818,1,2025-05-24,completed
7580,4,17,2025-10-09,completed
7581,910,20,2025-05-12,completed
7582,2,3,2025-04-04,completed
7583,67,20,2025-11-30,completed
7584,771,1,2025-05-21,completed
7585,830,6,2025-02-16,completed
7586,372,4,2025-09-16,completed
7587,257,10,2025-03-24,completed
7588,683,3,2025-12-04,completed
7589,348,17,2025-09-20,completed
7590,327,15,2025-03-01,completed
7591,729,10,2025-07-23,completed
7592,326,7,2025-09-01,completed
7593,873,1,2025-01-06,completed
7594,472,16,2025-12-01,cancelled
7595,81,11,2025-12-10,completed
7596,928,13,2025-11-23,completed
7597,860,1,2025-10-31,completed
7598,399,2,2025-04-20,completed
7599,946,12,2025-12-17,completed
7600,763,10,2025-06-14,completed
7601,859,16,2025-03-08,completed
7602,561,10,2025-02-15,completed
7603,978,9,2025-03-08,completed
7604,438,9,2025-07-19,completed
7605,429,9,2025-01-03,completed
7606,104,11,2025-04-01,completed
7607,500,14,2025-11-10,completed
7608,708,14,2025-10-03,completed
7609,146,4,2025-11-28,completed
7610,91,2,2025-05-31,completed
7611,86,9,2025-11-06,completed
7612,235,13,2025-03-12,completed
7613,491,8,2025-05-08,completed
7614,763,20,2025-02-06,completed
7615,84,12,2025-04-26,completed
7616,286,15,2025-12-10,completed
7617,872,12,2025-12-29,completed
7618,869,8,2025-07-14,completed
7619,418,5,2025-07-23,completed
7620,260,5,2025-12-03,cancelled
7621,563,18,2025-02-18,completed
7622,61,10,2025-10-07,completed
7623,581,16,2025-08-19,completed
7624,242,11,2025-04-18,completed
7625,37,8,2025-12-22,completed
7626,330,16,2025-06-08,completed
7627,648,10,2025-06-08,completed
7628,958,10,2025-12-31,completed
7629,367,18,2025-06-08,completed
7630,674,3,2025-10-12,completed
7631,502,11,2025-04-11,completed
7632,205,19,2025-09-25,completed
7633,669,6,2025-10-09,completed
7634,370,14,2025-08-12,completed
7635,418,6,2025-06-03,completed
7636,3,2,2025-12-21,completed
7637,233,14,2025-02-15,completed
7638,2,14,2025-09-08,completed
7639,173,17,2025-07-25,completed
7640,60,13,2025-11-25,completed
7641,324,16,2025-08-14,completed
7642,953,17,2025-10-29,completed
7643,928,19,2025-05-07,completed
7644,979,4,2025-01-14,completed
7645,839,18,2025-11-30,completed
7646,328,1,2025-03-25,completed
7647,25,15,2025-07-29,completed
7648,591,9,2025-11-07,completed
7649,60,4,2025-06-29,completed
7650,547,9,2025-08-27,completed
7651,155,18,2025-12-07,cancelled
7652,766,10,2025-07-12,completed
7653,255,12,2025-04-19,completed
7654,74,1,2025-12-25,completed
7655,360,17,2025-02-09,completed
7656,660,3,2025-12-22,completed
7657,849,14,2025-08-29,completed
7658,179,9,2025-02-07,completed
7659,528,18,2025-01-14,completed
7660,102,20,2025-08-22,completed
7661,723,12,2025-01-01,completed
7662,529,16,2025-02-16,completed
7663,457,11,2025-02-24,completed
7664,954,15,2025-12-05,completed
7665,258,2,2025-02-03,cancelled
7666,518,14,2025-05-18,completed
7667,977,14,2025-06-22,completed
7668,313,5,2025-01-22,cancelled
7669,898,1,2025-09-10,completed
7670,903,1,2025-04-24,completed
7671,391,18,2025-12-17,completed
7672,136,16,2025-05-03,completed
7673,473,17,2025-12-10,completed
7674,638,10,2025-08-14,completed
7675,66,19,2025-05-13,completed
7676,146,11,2025-05-24,completed
7677,139,8,2025-07-22,completed
7678,725,20,2025-03-26,completed
7679,264,18,2025-07-05,completed
7680,126,14,2025-02-14,completed
7681,342,5,2025-02-04,completed
7682,316,5,2025-09-02,completed
7683,180,6,2025-03-04,completed
7684,45,9,2025-05-26,completed
7685,623,20,2025-05-12,completed
7686,115,8,2025-10-08,completed
7687,142,15,2025-11-12,completed
7688,614,16,2025-02-19,completed
7689,835,18,2025-10-04,completed
7690,364,10,2025-12-06,cancelled
7691,342,12,2025-05-14,completed
7692,505,20,2025-03-12,completed
7693,266,15,2025-02-05,completed
7694,28,10,2025-03-20,completed
7695,735,17,2025-03-19,cancelled
7696,56,7,2025-01-28,completed
7697,332,14,2025-06-11,completed
7698,924,7,2025-10-30,completed
7699,806,5,2025-10-25,completed
7700,229,11,2025-11-07,completed
7701,350,10,2025-04-02,completed
7702,78,5,2025-08-31,completed
7703,640,12,2025-01-19,completed
7704,117,14,2025-02-26,completed
7705,214,16,2025-06-25,completed
7706,424,7,2025-05-30,completed
7707,222,12,2025-09-16,completed
7708,876,14,2025-02-07,completed
7709,616,9,2025-08-09,completed
7710,772,5,2025-09-23,completed
7711,333,12,2025-06-15,completed
7712,151,2,2025-05-31,completed
7713,552,7,2025-01-03,completed
7714,304,20,2025-01-25,completed
7715,244,8,2025-07-23,completed
7716,456,10,2025-04-19,completed
7717,625,9,2025-05-25,completed
7718,968,2,2025-07-28,completed
7719,386,8,2025-06-26,cancelled
7720,835,15,2025-01-08,cancelled
7721,331,4,2025-01-15,completed
7722,418,11,2025-10-23,completed
7723,223,14,2025-11-02,completed
7724,124,3,2025-10-20,completed
7725,117,15,2025-01-30,completed
7726,798,2,2025-12-22,completed
7727,322,17,2025-06-29,completed
7728,664,17,2025-10-30,completed
7729,369,20,2025-06-16,completed
7730,453,17,2025-09-28,completed
7731,296,12,2025-02-05,cancelled
7732,529,6,2025-06-29,completed
7733,479,10,2025-12-28,completed
7734,810,16,2025-10-20,completed
7735,976,11,2025-08-05,completed
7736,510,6,2025-06-19,completed
7737,821,14,2025-10-02,completed
7738,430,11,2025-03-20,completed
7739,550,12,2025-03-06,completed
7740,170,9,2025-05-14,completed
7741,396,12,2025-06-23,completed
7742,727,4,2025-12-04,completed
7743,813,19,2025-09-01,completed
7744,952,9,2025-02-11,completed
7745,106,13,2025-12-18,completed
7746,775,18,2025-09-27,completed
7747,526,11,2025-06-12,completed
7748,82,18,2025-04-16,completed
7749,344,8,2025-02-18,completed
7750,633,2,2025-10-31,completed
7751,514,2,2025-02-10,completed
7752,191,16,2025-01-06,completed
7753,467,11,2025-05-18,completed
7754,580,7,2025-02-02,completed
7755,888,10,2025-09-06,completed
7756,87,19,2025-03-10,completed
7757,525,13,2025-12-19,completed
7758,903,6,2025-04-03,completed
7759,646,11,2025-01-02,completed
7760,480,7,2025-09-09,completed
7761,824,9,2025-02-19,completed
7762,5,15,2025-07-23,completed
7763,83,14,2025-07-05,completed
7764,800,17,2025-10-03,completed
7765,433,4,2025-07-03,completed
7766,521,18,2025-01-28,completed
7767,813,3,2025-01-27,completed
7768,96,12,2025-04-03,completed
7769,979,11,2025-05-20,completed
7770,212,17,2025-09-30,completed
7771,580,17,2025-07-26,completed
7772,507,4,2025-09-05,completed
7773,214,11,2025-09-06,completed
7774,599,14,2025-01-01,completed
7775,716,3,2025-10-16,completed
7776,990,16,2025-02-14,completed
7777,635,16,2025-08-06,completed
7778,323,8,2025-03-02,completed
7779,68,4,2025-06-03,completed
7780,560,11,2025-08-12,completed
7781,646,13,2025-04-08,completed
7782,357,2,2025-05-06,completed
7783,717,11,2025-03-21,completed
7784,686,15,2025-05-10,completed
7785,519,4,2025-05-17,completed
7786,751,15,2025-06-23,completed
7787,782,11,2025-03-23,completed
7788,72,15,2025-03-19,completed
7789,752,14,2025-02-11,completed
7790,268,2,2025-04-03,completed
7791,342,14,2025-10-28,completed
7792,622,6,2025-03-18,completed
7793,18,11,2025-01-22,completed
7794,323,6,2025-03-19,completed
7795,295,12,2025-01-05,completed
7796,1,17,2025-05-16,completed
7797,813,13,2025-07-31,completed
7798,558,18,2025-08-02,completed
7799,917,8,2025-03-14,completed
7800,324,12,2025-10-01,completed
7801,322,13,2025-12-18,completed
7802,2,18,2025-10-31,completed
7803,704,17,2025-01-06,completed
7804,672,16,2025-10-01,completed
7805,612,4,2025-01-20,completed
7806,327,7,2025-10-29,completed
7807,597,3,2025-05-15,completed
7808,363,14,2025-01-26,completed
7809,385,17,2025-04-09,completed
7810,879,6,2025-04-13,completed
7811,370,1,2025-11-13,completed
7812,648,6,2025-10-23,completed
7813,286,13,2025-12-25,completed
7814,573,6,2025-11-14,completed
7815,298,5,2025-08-11,completed
7816,90,13,2025-12-26,completed
7817,343,5,2025-02-22,completed
7818,104,13,2025-06-01,completed
7819,921,13,2025-04-01,completed
7820,493,3,2025-01-26,completed
7821,524,4,2025-12-26,completed
7822,968,3,2025-06-14,completed
7823,89,19,2025-06-14,completed
7824,467,14,2025-02-17,completed
7825,293,5,2025-11-27,completed
7826,833,11,2025-01-13,completed
7827,267,15,2025-05-28,completed
7828,765,12,2025-10-29,completed
7829,238,14,2025-09-16,completed
7830,565,6,2025-12-16,completed
7831,700,6,2025-08-07,completed
7832,362,4,2025-03-16,completed
7833,139,4,2025-04-19,completed
7834,703,18,2025-12-13,completed
7835,872,15,2025-04-05,completed
7836,870,4,2025-05-02,completed
7837,447,17,2025-12-08,completed
7838,208,9,2025-11-05,completed
7839,252,8,2025-10-29,completed
7840,268,7,2025-05-05,completed
7841,250,13,2025-02-24,completed
7842,68,11,2025-07-19,completed
7843,493,5,2025-02-28,completed
7844,456,3,2025-07-28,completed
7845,957,12,2025-01-28,completed
7846,506,12,2025-11-19,completed
7847,846,18,2025-09-07,completed
7848,672,2,2025-05-14,completed
7849,775,19,2025-04-21,completed
7850,157,15,2025-02-02,completed
7851,356,18,2025-04-06,completed
7852,33,6,2025-12-23,completed
7853,124,20,2025-01-13,completed
7854,125,7,2025-07-07,cancelled
7855,157,2,2025-05-31,completed
7856,55,1,2025-12-24,completed
7857,663,6,2025-08-05,completed
7858,382,18,2025-09-25,completed
7859,829,9,2025-08-18,completed
7860,192,9,2025-07-21,completed
7861,672,9,2025-10-07,completed
7862,889,8,2025-09-25,completed
7863,381,5,2025-06-06,completed
7864,113,20,2025-03-03,completed
7865,636,17,2025-08-31,completed
7866,424,18,2025-04-24,completed
7867,415,13,2025-12-26,completed
7868,555,12,2025-11-21,completed
7869,97,5,2025-08-04,completed
7870,355,15,2025-09-09,completed
7871,25,8,2025-03-17,completed
7872,147,1,2025-12-25,completed
7873,608,4,2025-03-15,completed
7874,118,5,2025-08-21,cancelled
7875,727,11,2025-10-22,completed
7876,329,1,2025-12-15,completed
7877,959,16,2025-10-17,completed
7878,807,16,2025-11-15,completed
7879,317,7,2025-07-28,completed
7880,791,5,2025-05-16,completed
7881,714,3,2025-09-04,completed
7882,353,2,2025-05-15,completed
7883,977,2,2025-12-15,completed
7884,960,4,2025-07-02,completed
7885,253,16,2025-09-12,completed
7886,723,20,2025-03-31,completed
7887,287,6,2025-09-16,completed
7888,924,1,2025-01-07,completed
7889,14,12,2025-08-13,completed
7890,275,9,2025-10-08,completed
7891,223,10,2025-07-25,completed
7892,967,15,2025-08-21,completed
7893,194,20,2025-07-14,completed
7894,88,11,2025-04-13,completed
7895,898,16,2025-02-28,completed
7896,806,8,2025-11-16,completed
7897,454,5,2025-03-03,completed
7898,746,10,2025-03-11,cancelled
7899,84,20,2025-12-30,completed
7900,17,20,2025-10-25,completed
7901,606,13,2025-07-18,completed
7902,900,3,2025-11-26,completed
7903,577,9,2025-12-07,completed
7904,985,2,2025-05-16,completed
7905,668,9,2025-05-05,completed
7906,715,1,2025-04-28,completed
7907,221,5,2025-05-03,completed
7908,695,6,2025-12-23,cancelled
7909,146,10,2025-11-28,completed
7910,427,7,2025-08-31,completed
7911,469,10,2025-04-14,completed
7912,765,14,2025-07-18,cancelled
7913,235,6,2025-04-13,completed
7914,941,16,2025-12-27,completed
7915,51,17,2025-12-28,completed
7916,24,3,2025-09-12,completed
7917,340,8,2025-03-09,completed
7918,392,19,2025-11-02,completed
7919,337,13,2025-11-12,completed
7920,644,5,2025-12-07,completed
7921,835,9,2025-09-12,completed
7922,582,4,2025-11-23,completed
7923,12,17,2025-09-16,completed
7924,546,15,2025-07-16,completed
7925,819,16,2025-02-22,completed
7926,787,15,2025-02-15,completed
7927,962,1,2025-04-26,completed
7928,392,12,2025-06-07,completed
7929,762,8,2025-04-11,completed
7930,683,1,2025-11-30,completed
7931,603,6,2025-01-01,completed
7932,954,2,2025-04-07,completed
7933,984,16,2025-06-22,completed
7934,395,8,2025-07-31,completed
7935,677,10,2025-06-12,completed
7936,512,6,2025-09-21,completed
7937,105,6,2025-01-08,completed
7938,835,14,2025-05-29,completed
7939,403,1,2025-05-09,completed
7940,149,2,2025-01-04,completed
7941,183,17,2025-12-18,completed
7942,362,9,2025-01-11,completed
7943,380,14,2025-02-16,completed
7944,414,12,2025-09-13,completed
7945,234,12,2025-10-07,completed
7946,521,16,2025-08-06,completed
7947,470,6,2025-10-06,cancelled
7948,728,13,2025-04-28,completed
7949,27,4,2025-05-20,completed
7950,257,3,2025-03-08,completed
7951,950,16,2025-12-22,completed
7952,739,3,2025-09-15,completed
7953,559,2,2025-04-07,completed
7954,200,7,2025-02-03,completed
7955,337,1,2025-10-31,completed
7956,815,3,2025-11-05,completed
7957,633,6,2025-12-15,completed
7958,33,1,2025-07-21,completed
7959,205,3,2025-01-25,completed
7960,227,2,2025-08-11,completed
7961,261,6,2025-02-15,completed
7962,772,1,2025-12-07,completed
7963,816,10,2025-01-13,completed
7964,734,5,2025-03-14,completed
7965,146,12,2025-05-15,completed
7966,424,19,2025-04-18,completed
7967,135,11,2025-03-21,completed
7968,862,5,2025-11-21,completed
7969,737,1,2025-02-17,completed
7970,792,4,2025-07-31,completed
7971,699,6,2025-01-08,completed
7972,289,3,2025-04-15,completed
7973,937,1,2025-12-11,completed
7974,400,16,2025-01-20,completed
7975,960,6,2025-07-31,completed
7976,933,15,2025-11-04,completed
7977,323,5,2025-04-24,completed
7978,864,4,2025-06-14,completed
7979,421,4,2025-04-06,completed
7980,995,9,2025-08-26,completed
7981,309,2,2025-06-22,completed
7982,545,3,2025-04-29,completed
7983,746,6,2025-05-20,completed
7984,770,15,2025-02-17,completed
7985,685,13,2025-12-27,completed
7986,2,17,2025-04-30,completed
7987,724,9,2025-09-19,completed
7988,263,15,2025-06-04,completed
7989,682,7,2025-04-19,completed
7990,464,13,2025-07-23,completed
7991,806,2,2025-03-09,completed
7992,823,6,2025-11-03,cancelled
7993,639,1,2025-12-13,completed
7994,959,12,2025-08-24,completed
7995,736,2,2025-05-20,completed
7996,79,15,2025-05-10,completed
7997,112,3,2025-10-22,completed
7998,73,10,2025-04-26,completed
7999,823,7,2025-08-12,completed
8000,778,1,2025-12-29,completed
8001,639,20,2025-01-17,completed
8002,469,6,2025-04-10,completed
8003,133,10,2025-01-14,completed
8004,386,20,2025-05-04,cancelled
8005,850,9,2025-06-24,completed
8006,124,9,2025-02-17,completed
8007,36,17,2025-12-31,completed
8008,67,12,2025-11-15,completed
8009,375,8,2025-06-26,completed
8010,800,8,2025-03-04,completed
8011,147,17,2025-10-28,completed
8012,752,4,2025-07-11,completed
8013,161,3,2025-12-05,completed
8014,170,11,2025-08-03,completed
8015,57,20,2025-07-20,completed
8016,312,3,2025-07-11,completed
8017,216,12,2025-04-06,completed
8018,711,8,2025-06-23,completed
8019,164,9,2025-07-14,completed
8020,585,5,2025-11-11,completed
8021,279,8,2025-04-09,completed
8022,103,13,2025-09-25,completed
8023,787,12,2025-12-24,completed
8024,391,3,2025-09-03,completed
8025,654,14,2025-09-17,completed
8026,253,3,2025-05-22,completed
8027,338,5,2025-03-07,completed
8028,153,3,2025-03-31,completed
8029,439,9,2025-03-19,completed
8030,579,2,2025-09-03,completed
8031,689,1,2025-01-05,completed
8032,599,6,2025-01-28,completed
8033,757,1,2025-09-09,completed
8034,578,12,2025-06-15,completed
8035,263,9,2025-03-12,completed
8036,118,4,2025-03-25,completed
8037,902,8,2025-11-06,completed
8038,975,5,2025-02-27,completed
8039,353,18,2025-10-22,completed
8040,357,18,2025-04-15,completed
8041,193,15,2025-04-09,completed
8042,139,11,2025-07-17,completed
8043,780,11,2025-07-11,completed
8044,10,3,2025-09-09,completed
8045,526,10,2025-02-18,completed
8046,243,10,2025-10-08,completed
8047,486,8,2025-10-28,completed
8048,555,7,2025-01-06,completed
8049,857,20,2025-08-19,completed
8050,507,16,2025-01-08,completed
8051,232,3,2025-04-23,completed
8052,492,7,2025-04-26,completed
8053,43,12,2025-04-26,completed
8054,533,12,2025-06-27,completed
8055,627,1,2025-09-16,completed
8056,645,4,2025-09-19,completed
8057,93,9,2025-02-09,completed
8058,470,17,2025-04-27,completed
8059,518,16,2025-09-09,completed
8060,891,17,2025-06-17,cancelled
8061,556,6,2025-03-22,completed
8062,436,17,2025-12-21,completed
8063,874,8,2025-04-11,completed
8064,89,1,2025-08-18,completed
8065,673,2,2025-09-22,cancelled
8066,124,17,2025-09-29,completed
8067,600,1,2025-02-25,completed
8068,66,3,2025-07-08,completed
8069,667,8,2025-07-05,completed
8070,252,4,2025-02-09,completed
8071,484,3,2025-07-01,completed
8072,13,19,2025-05-27,completed
8073,641,15,2025-04-22,completed
8074,29,10,2025-09-12,completed
8075,997,12,2025-06-06,completed
8076,139,13,2025-09-29,completed
8077,710,8,2025-03-11,completed
8078,393,9,2025-12-29,completed
8079,28,2,2025-02-12,completed
8080,783,15,2025-05-06,completed
8081,538,4,2025-03-19,completed
8082,260,14,2025-11-21,completed
8083,289,16,2025-03-12,completed
8084,482,18,2025-03-01,completed
8085,845,4,2025-02-19,completed
8086,345,13,2025-05-30,completed
8087,524,11,2025-11-14,completed
8088,690,10,2025-03-02,completed
8089,619,4,2025-06-17,completed
8090,845,20,2025-02-09,completed
8091,233,12,2025-02-16,completed
8092,560,18,2025-10-18,completed
8093,427,15,2025-12-29,completed
8094,481,1,2025-01-04,completed
8095,167,15,2025-01-20,completed
8096,199,1,2025-02-06,completed
8097,363,3,2025-01-08,completed
8098,986,9,2025-07-17,completed
8099,610,9,2025-02-06,completed
8100,479,12,2025-08-03,cancelled
8101,678,12,2025-07-26,completed
8102,753,7,2025-11-25,completed
8103,89,9,2025-06-22,completed
8104,573,13,2025-02-06,completed
8105,31,20,2025-06-20,completed
8106,587,8,2025-04-25,completed
8107,448,9,2025-06-24,completed
8108,603,12,2025-08-25,completed
8109,92,2,2025-12-22,completed
8110,271,9,2025-11-10,completed
8111,522,8,2025-03-27,completed
8112,672,7,2025-07-18,completed
8113,783,11,2025-11-12,completed
8114,113,3,2025-11-01,completed
8115,781,12,2025-10-13,completed
8116,272,17,2025-01-10,completed
8117,932,13,2025-12-25,completed
8118,727,15,2025-06-29,completed
8119,195,6,2025-09-17,completed
8120,147,4,2025-01-05,completed
8121,568,19,2025-07-07,completed
8122,418,7,2025-04-08,completed
8123,606,6,2025-10-25,completed
8124,191,15,2025-07-23,completed
8125,235,15,2025-04-21,completed
8126,24,3,2025-01-24,completed
8127,215,3,2025-01-10,completed
8128,933,1,2025-11-03,completed
8129,346,10,2025-03-05,completed
8130,399,13,2025-10-02,completed
8131,414,5,2025-04-07,completed
8132,494,19,2025-11-14,completed
8133,970,3,2025-04-27,completed
8134,438,8,2025-07-23,completed
8135,234,3,2025-01-16,completed
8136,208,7,2025-04-20,completed
8137,586,13,2025-08-12,completed
8138,375,13,2025-11-28,completed
8139,907,5,2025-05-15,completed
8140,325,18,2025-04-25,completed
8141,589,1,2025-01-23,completed
8142,5,14,2025-09-23,completed
8143,431,4,2025-01-26,completed
8144,580,12,2025-12-22,completed
8145,564,13,2025-07-24,completed
8146,934,19,2025-10-05,completed
8147,365,12,2025-04-25,completed
8148,100,4,2025-02-28,completed
8149,107,20,2025-11-27,completed
8150,243,13,2025-07-27,completed
8151,998,6,2025-03-01,completed
8152,390,7,2025-10-26,completed
8153,362,10,2025-11-05,completed
8154,628,15,2025-01-28,completed
8155,206,18,2025-05-14,completed
8156,848,14,2025-08-05,completed
8157,193,6,2025-07-13,completed
8158,909,7,2025-02-06,completed
8159,965,11,2025-02-02,completed
8160,952,19,2025-02-07,completed
8161,546,13,2025-04-08,completed
8162,849,4,2025-06-05,completed
8163,317,7,2025-06-09,completed
8164,330,19,2025-02-02,completed
8165,743,9,2025-11-24,completed
8166,707,17,2025-05-26,completed
8167,956,6,2025-02-04,completed
8168,898,12,2025-10-24,completed
8169,493,10,2025-12-10,completed
8170,906,9,2025-08-30,completed
8171,358,2,2025-09-25,completed
8172,682,10,2025-04-03,completed
8173,990,17,2025-11-28,completed
8174,874,6,2025-08-28,completed
8175,233,2,2025-11-29,completed
8176,678,11,2025-09-28,completed
8177,587,8,2025-08-05,completed
8178,286,13,2025-01-07,completed
8179,356,9,2025-01-19,completed
8180,653,10,2025-09-12,completed
8181,56,20,2025-07-01,completed
8182,136,14,2025-04-16,completed
8183,593,5,2025-10-18,completed
8184,732,10,2025-10-31,completed
8185,564,10,2025-04-02,completed
8186,857,17,2025-03-17,completed
8187,730,19,2025-01-10,completed
8188,857,11,2025-11-27,completed
8189,962,20,2025-04-27,completed
8190,473,12,2025-07-27,completed
8191,222,11,2025-05-10,completed
8192,137,12,2025-02-08,completed
8193,128,2,2025-11-11,completed
8194,224,2,2025-04-13,completed
8195,244,20,2025-12-18,completed
8196,268,4,2025-03-08,cancelled
8197,392,7,2025-12-23,completed
8198,926,11,2025-05-28,completed
8199,236,3,2025-12-05,completed
8200,978,17,2025-12-27,completed
8201,696,8,2025-04-14,completed
8202,27,19,2025-06-23,completed
8203,130,9,2025-02-03,completed
8204,780,12,2025-04-01,completed
8205,649,8,2025-02-15,completed
8206,754,12,2025-01-01,completed
8207,465,20,2025-07-05,completed
8208,741,12,2025-12-21,completed
8209,702,15,2025-12-28,completed
8210,86,7,2025-05-01,cancelled
8211,723,14,2025-07-06,completed
8212,519,15,2025-03-28,completed
8213,218,2,2025-08-10,completed
8214,743,17,2025-04-26,completed
8215,442,15,2025-10-09,completed
8216,785,14,2025-12-11,completed
8217,101,10,2025-01-22,completed
8218,367,18,2025-06-16,completed
8219,271,1,2025-08-07,completed
8220,626,19,2025-12-26,completed
8221,954,6,2025-01-18,completed
8222,830,20,2025-11-01,completed
8223,448,9,2025-11-21,completed
8224,73,18,2025-09-29,completed
8225,919,18,2025-04-16,completed
8226,271,6,2025-12-19,completed
8227,495,19,2025-12-20,completed
8228,420,16,2025-04-21,completed
8229,469,2,2025-12-20,completed
8230,292,1,2025-01-27,completed
8231,379,1,2025-08-02,completed
8232,869,8,2025-12-01,completed
8233,824,2,2025-08-27,completed
8234,977,15,2025-10-27,completed
8235,646,13,2025-10-31,completed
8236,159,11,2025-04-14,completed
8237,853,17,2025-12-19,completed
8238,447,15,2025-02-18,completed
8239,158,3,2025-03-15,completed
8240,479,18,2025-05-22,completed
8241,619,8,2025-04-10,completed
8242,892,19,2025-09-02,completed
8243,174,18,2025-12-12,completed
8244,286,17,2025-05-30,completed
8245,537,1,2025-09-24,completed
8246,118,20,2025-07-09,completed
8247,599,1,2025-05-17,completed
8248,149,2,2025-07-10,completed
8249,79,18,2025-03-22,completed
8250,143,20,2025-01-08,completed
8251,239,15,2025-08-11,completed
8252,290,2,2025-08-08,completed
8253,292,12,2025-06-13,completed
8254,366,12,2025-12-28,completed
8255,836,4,2025-06-06,completed
8256,798,15,2025-02-08,completed
8257,767,5,2025-12-10,completed
8258,661,19,2025-09-22,completed
8259,195,18,2025-02-07,completed
8260,669,9,2025-09-03,completed
8261,622,12,2025-04-29,completed
8262,800,10,2025-10-04,completed
8263,792,10,2025-01-09,completed
8264,451,2,2025-03-27,completed
8265,153,3,2025-06-08,completed
8266,12,13,2025-04-29,completed
8267,623,4,2025-03-13,completed
8268,467,8,2025-02-15,completed
8269,199,13,2025-04-01,cancelled
8270,651,7,2025-07-04,completed
8271,747,16,2025-03-16,completed
8272,796,18,2025-08-22,completed
8273,732,11,2025-04-23,completed
8274,941,12,2025-08-28,completed
8275,105,8,2025-02-04,completed
8276,20,9,2025-07-07,completed
8277,765,8,2025-01-05,cancelled
8278,776,13,2025-05-24,completed
8279,839,20,2025-06-17,completed
8280,419,3,2025-12-31,completed
8281,230,18,2025-12-02,completed
8282,279,11,2025-06-05,completed
8283,586,9,2025-12-01,completed
8284,335,5,2025-04-30,cancelled
8285,189,14,2025-01-30,completed
8286,755,9,2025-07-10,completed
8287,731,5,2025-07-04,completed
8288,669,2,2025-06-10,completed
8289,405,19,2025-03-27,completed
8290,355,16,2025-11-22,completed
8291,591,4,2025-01-20,completed
8292,19,3,2025-01-28,completed
8293,348,4,2025-10-21,completed
8294,363,5,2025-11-23,completed
8295,141,14,2025-12-26,completed
8296,777,13,2025-05-17,completed
8297,677,8,2025-12-01,completed
8298,15,9,2025-04-17,completed
8299,407,18,2025-04-15,completed
8300,733,19,2025-04-10,completed
8301,929,11,2025-12-10,completed
8302,169,13,2025-08-12,completed
8303,891,20,2025-04-08,completed
8304,593,8,2025-04-28,completed
8305,173,5,2025-09-01,completed
8306,547,4,2025-05-28,completed
8307,410,12,2025-05-15,completed
8308,474,14,2025-09-14,cancelled
8309,888,11,2025-12-15,completed
8310,162,17,2025-04-17,completed
8311,324,17,2025-09-28,completed
8312,184,19,2025-06-06,completed
8313,997,14,2025-12-11,completed
8314,870,12,2025-02-22,completed
8315,363,12,2025-07-02,completed
8316,3,12,2025-06-19,completed
8317,85,11,2025-08-15,completed
8318,845,10,2025-06-13,completed
8319,496,17,2025-11-01,completed
8320,211,17,2025-09-30,completed
8321,488,9,2025-09-30,completed
8322,614,13,2025-07-22,completed
8323,227,7,2025-05-06,completed
8324,325,16,2025-05-22,completed
8325,281,4,2025-03-29,completed
8326,566,3,2025-05-04,completed
8327,701,1,2025-09-02,completed
8328,730,20,2025-07-09,completed
8329,506,18,2025-04-14,completed
8330,374,12,2025-01-01,completed
8331,752,20,2025-01-06,completed
8332,440,12,2025-06-10,cancelled
8333,399,17,2025-05-17,completed
8334,78,5,2025-05-08,completed
8335,398,15,2025-09-24,completed
8336,791,16,2025-12-15,completed
8337,319,10,2025-12-03,completed
8338,888,15,2025-12-29,cancelled
8339,16,9,2025-08-28,completed
8340,903,5,2025-12-15,completed
8341,676,15,2025-09-15,completed
8342,87,12,2025-05-03,completed
8343,586,7,2025-07-15,completed
8344,585,8,2025-12-10,completed
8345,666,11,2025-02-03,completed
8346,785,18,2025-09-29,completed
8347,87,10,2025-12-24,completed
8348,995,19,2025-04-11,completed
8349,722,4,2025-04-26,completed
8350,965,17,2025-08-22,completed
8351,319,10,2025-11-23,completed
8352,674,12,2025-12-21,completed
8353,201,18,2025-09-09,completed
8354,962,3,2025-12-22,completed
8355,378,14,2025-05-10,completed
8356,925,12,2025-07-13,completed
8357,296,20,2025-10-30,completed
8358,290,6,2025-12-24,completed
8359,851,8,2025-06-26,completed
8360,126,3,2025-10-07,completed
8361,683,17,2025-08-16,completed
8362,750,20,2025-09-13,completed
8363,410,20,2025-06-12,completed
8364,642,6,2025-08-28,completed
8365,153,2,2025-07-03,completed
8366,789,8,2025-12-28,completed
8367,421,10,2025-03-31,completed
8368,752,20,2025-08-09,completed
8369,47,14,2025-03-22,completed
8370,553,14,2025-06-28,completed
8371,992,10,2025-04-02,cancelled
8372,734,2,2025-06-24,completed
8373,487,20,2025-12-07,completed
8374,729,14,2025-07-18,completed
8375,372,9,2025-03-23,completed
8376,443,17,2025-05-05,completed
8377,307,4,2025-05-26,completed
8378,230,13,2025-06-27,completed
8379,408,2,2025-07-12,completed
8380,520,9,2025-02-27,completed
8381,274,17,2025-10-04,completed
8382,630,14,2025-07-17,completed
8383,766,2,2025-01-31,completed
8384,935,3,2025-07-30,completed
8385,456,6,2025-08-15,cancelled
8386,720,9,2025-05-12,completed
8387,920,5,2025-01-16,completed
8388,352,19,2025-09-01,completed
8389,853,16,2025-11-22,completed
8390,199,5,2025-01-04,completed
8391,229,3,2025-01-21,completed
8392,349,17,2025-12-30,completed
8393,480,2,2025-09-29,completed
8394,542,19,2025-03-11,completed
8395,399,2,2025-09-11,completed
8396,59,13,2025-05-30,completed
8397,465,7,2025-09-27,completed
8398,320,18,2025-04-17,completed
8399,357,19,2025-07-31,completed
8400,474,6,2025-11-01,completed
8401,593,20,2025-08-10,completed
8402,929,5,2025-05-25,completed
8403,6,7,2025-10-28,completed
8404,645,4,2025-10-27,completed
8405,316,10,2025-11-18,completed
8406,935,6,2025-08-06,cancelled
8407,130,7,2025-07-12,completed
8408,500,10,2025-03-28,completed
8409,846,8,2025-02-17,cancelled
8410,178,12,2025-05-24,completed
8411,659,16,2025-08-08,completed
8412,892,15,2025-06-11,completed
8413,836,13,2025-06-22,cancelled
8414,176,6,2025-11-06,completed
8415,664,16,2025-04-24,completed
8416,619,13,2025-03-19,completed
8417,80,11,2025-11-10,completed
8418,734,8,2025-02-05,completed
8419,266,15,2025-05-15,completed
8420,479,20,2025-01-18,completed
8421,524,16,2025-02-09,completed
8422,589,5,2025-02-26,completed
8423,199,18,2025-08-24,completed
8424,227,19,2025-02-19,completed
8425,732,10,2025-03-11,completed
8426,342,11,2025-01-22,completed
8427,465,12,2025-01-15,completed
8428,133,3,2025-12-28,completed
8429,250,16,2025-08-16,completed
8430,815,3,2025-08-09,completed
8431,852,6,2025-04-05,completed
8432,637,6,2025-12-05,completed
8433,332,1,2025-01-20,completed
8434,132,11,2025-06-23,completed
8435,242,9,2025-11-10,completed
8436,762,2,2025-02-22,completed
8437,834,11,2025-08-15,completed
8438,216,19,2025-04-08,completed
8439,607,18,2025-09-26,completed
8440,523,7,2025-12-21,completed
8441,687,15,2025-02-21,completed
8442,132,16,2025-01-18,completed
8443,597,11,2025-10-28,completed
8444,435,8,2025-03-28,completed
8445,675,2,2025-11-07,completed
8446,148,3,2025-04-17,completed
8447,944,1,2025-01-13,completed
8448,119,6,2025-03-08,cancelled
8449,137,9,2025-11-25,completed
8450,54,16,2025-07-07,completed
8451,320,4,2025-04-15,completed
8452,787,20,2025-05-11,completed
8453,936,7,2025-05-18,completed
8454,232,10,2025-09-17,completed
8455,313,20,2025-10-21,completed
8456,332,2,2025-08-29,completed
8457,482,8,2025-09-22,completed
8458,996,16,2025-06-16,completed
8459,786,11,2025-02-10,completed
8460,649,13,2025-03-27,completed
8461,69,15,2025-09-13,completed
8462,845,6,2025-02-19,completed
8463,369,15,2025-05-27,completed
8464,916,20,2025-12-29,completed
8465,974,16,2025-04-25,completed
8466,997,14,2025-12-12,completed
8467,636,15,2025-08-26,completed
8468,734,10,2025-03-16,cancelled
8469,159,14,2025-07-04,completed
8470,461,5,2025-10-11,completed
8471,121,13,2025-05-03,completed
8472,211,1,2025-12-24,completed
8473,267,18,2025-05-13,completed
8474,245,7,2025-02-12,completed
8475,467,4,2025-08-27,completed
8476,861,1,2025-03-23,completed
8477,673,12,2025-07-12,cancelled
8478,455,5,2025-02-04,completed
8479,132,13,2025-04-23,completed
8480,444,9,2025-01-09,completed
8481,303,14,2025-03-14,completed
8482,3,9,2025-03-25,cancelled
8483,638,3,2025-06-10,completed
8484,695,19,2025-01-23,completed
8485,980,16,2025-05-19,completed
8486,982,2,2025-03-06,completed
8487,304,18,2025-11-04,completed
8488,225,4,2025-03-03,completed
8489,184,9,2025-07-31,completed
8490,173,12,2025-01-17,completed
8491,276,18,2025-05-08,completed
8492,524,7,2025-07-20,completed
8493,116,19,2025-12-22,cancelled
8494,863,16,2025-01-17,completed
8495,180,11,2025-03-07,completed
8496,166,3,2025-09-09,cancelled
8497,126,19,2025-04-10,completed
8498,253,8,2025-09-13,completed
8499,981,8,2025-03-12,completed
8500,729,17,2025-02-02,completed
8501,343,1,2025-02-26,completed
8502,366,14,2025-07-12,completed
8503,395,4,2025-08-09,completed
8504,910,5,2025-10-05,completed
8505,258,20,2025-02-18,completed
8506,988,12,2025-05-11,completed
8507,565,4,2025-09-25,completed
8508,412,7,2025-12-15,completed
8509,595,8,2025-05-30,completed
8510,278,7,2025-07-01,completed
8511,31,11,2025-10-14,completed
8512,16,12,2025-04-02,completed
8513,445,3,2025-07-23,completed
8514,852,17,2025-07-17,completed
8515,413,19,2025-06-15,completed
8516,884,6,2025-10-03,completed
8517,403,3,2025-11-04,completed
8518,800,11,2025-06-24,completed
8519,860,4,2025-08-02,completed
8520,56,20,2025-06-18,completed
8521,963,8,2025-09-21,completed
8522,599,16,2025-01-18,completed
8523,620,5,2025-02-07,completed
8524,120,20,2025-10-28,completed
8525,616,18,2025-01-25,completed
8526,146,12,2025-09-02,completed
8527,926,1,2025-10-20,completed
8528,991,7,2025-03-06,completed
8529,618,16,2025-01-27,completed
8530,636,6,2025-07-06,completed
8531,895,20,2025-09-29,completed
8532,59,6,2025-09-12,completed
8533,662,19,2025-06-09,completed
8534,299,8,2025-12-01,completed
8535,219,8,2025-07-16,completed
8536,583,12,2025-09-09,completed
8537,976,12,2025-06-20,cancelled
8538,19,1,2025-06-02,completed
8539,789,19,2025-02-28,completed
8540,39,10,2025-12-01,completed
8541,682,5,2025-08-17,completed
8542,938,5,2025-12-21,completed
8543,952,11,2025-01-14,completed
8544,347,2,2025-10-18,completed
8545,134,19,2025-02-16,completed
8546,583,7,2025-10-24,completed
8547,763,3,2025-05-10,completed
8548,776,3,2025-08-01,completed
8549,779,3,2025-06-25,completed
8550,826,14,2025-01-13,completed
8551,348,3,2025-06-06,completed
8552,984,13,2025-06-08,completed
8553,181,6,2025-09-05,completed
8554,601,10,2025-05-15,completed
8555,628,8,2025-05-26,completed
8556,606,18,2025-09-23,completed
8557,962,1,2025-06-18,completed
8558,231,8,2025-09-09,completed
8559,975,7,2025-10-11,completed
8560,845,14,2025-08-03,completed
8561,857,3,2025-02-22,completed
8562,27,6,2025-03-14,completed
8563,268,14,2025-01-15,completed
8564,279,8,2025-05-11,completed
8565,320,8,2025-12-13,completed
8566,545,1,2025-10-17,completed
8567,454,10,2025-08-11,completed
8568,484,16,2025-12-21,completed
8569,679,17,2025-10-10,completed
8570,216,5,2025-10-16,completed
8571,625,1,2025-03-08,completed
8572,773,14,2025-11-11,completed
8573,165,1,2025-07-05,completed
8574,584,6,2025-03-06,cancelled
8575,679,19,2025-06-27,completed
8576,89,3,2025-04-07,completed
8577,720,16,2025-01-03,completed
8578,549,4,2025-11-07,completed
8579,673,16,2025-08-02,completed
8580,89,7,2025-04-30,completed
8581,492,13,2025-03-08,completed
8582,467,17,2025-07-12,cancelled
8583,961,4,2025-12-08,completed
8584,228,11,2025-09-15,completed
8585,423,8,2025-01-01,cancelled
8586,661,10,2025-04-20,completed
8587,615,15,2025-11-15,completed
8588,228,17,2025-11-18,completed
8589,41,7,2025-06-02,completed
8590,312,2,2025-09-11,completed
8591,654,16,2025-07-03,completed
8592,865,6,2025-10-05,completed
8593,727,20,2025-12-27,completed
8594,841,14,2025-11-13,completed
8595,178,15,2025-07-19,completed
8596,683,6,2025-06-20,completed
8597,328,4,2025-07-28,completed
8598,880,11,2025-07-05,completed
8599,814,1,2025-03-10,completed
8600,314,10,2025-10-26,completed
8601,589,3,2025-02-20,completed
8602,265,12,2025-05-04,completed
8603,316,18,2025-11-08,completed
8604,596,11,2025-03-26,completed
8605,450,3,2025-11-08,completed
8606,439,4,2025-11-30,completed
8607,216,16,2025-10-17,completed
8608,202,8,2025-08-21,completed
8609,682,12,2025-09-11,cancelled
8610,786,3,2025-07-29,completed
8611,178,19,2025-07-07,completed
8612,569,20,2025-12-24,completed
8613,230,17,2025-08-16,completed
8614,194,20,2025-09-18,completed
8615,957,13,2025-04-10,completed
8616,467,2,2025-04-11,completed
8617,409,5,2025-01-02,completed
8618,365,5,2025-12-25,completed
8619,179,1,2025-03-23,completed
8620,350,16,2025-05-07,completed
8621,887,1,2025-04-05,completed
8622,2,15,2025-07-19,completed
8623,795,16,2025-12-03,completed
8624,804,12,2025-03-10,completed
8625,790,7,2025-05-04,completed
8626,805,3,2025-06-08,completed
8627,722,12,2025-02-03,completed
8628,678,16,2025-03-09,completed
8629,727,11,2025-09-07,completed
8630,221,3,2025-06-08,completed
8631,489,10,2025-04-02,completed
8632,964,2,2025-08-09,completed
8633,211,15,2025-05-24,completed
8634,913,7,2025-11-21,completed
8635,547,1,2025-11-24,completed
8636,605,12,2025-02-14,completed
8637,1,19,2025-06-07,completed
8638,446,5,2025-08-07,completed
8639,891,13,2025-05-09,completed
8640,468,17,2025-11-02,completed
8641,8,1,2025-02-09,completed
8642,152,19,2025-04-08,completed
8643,79,16,2025-11-30,completed
8644,310,10,2025-07-02,completed
8645,894,17,2025-01-17,completed
8646,797,7,2025-08-10,completed
8647,601,4,2025-08-20,completed
8648,172,2,2025-01-07,completed
8649,295,19,2025-01-26,completed
8650,364,10,2025-04-01,completed
8651,124,12,2025-04-08,completed
8652,552,9,2025-09-21,completed
8653,401,15,2025-11-20,completed
8654,668,13,2025-08-17,completed
8655,894,20,2025-10-10,completed
8656,951,9,2025-03-30,completed
8657,629,5,2025-06-25,completed
8658,857,13,2025-12-17,completed
8659,409,17,2025-07-04,completed
8660,560,13,2025-01-16,completed
8661,568,17,2025-06-03,completed
8662,225,2,2025-06-02,completed
8663,931,4,2025-05-30,completed
8664,340,13,2025-01-26,completed
8665,599,4,2025-11-11,completed
8666,155,19,2025-02-26,completed
8667,417,5,2025-07-15,completed
8668,417,17,2025-08-22,completed
8669,409,2,2025-03-25,completed
8670,543,3,2025-05-02,completed
8671,214,9,2025-05-22,completed
8672,871,6,2025-08-04,completed
8673,632,20,2025-07-07,completed
8674,418,5,2025-04-27,completed
8675,500,4,2025-04-02,completed
8676,87,2,2025-03-17,completed
8677,476,12,2025-09-26,completed
8678,441,17,2025-08-23,completed
8679,913,15,2025-05-06,completed
8680,217,18,2025-10-24,completed
8681,290,10,2025-05-18,completed
8682,93,15,2025-08-24,completed
8683,893,11,2025-02-20,completed
8684,806,11,2025-10-05,completed
8685,731,4,2025-06-23,completed
8686,919,14,2025-11-02,completed
8687,254,20,2025-12-05,completed
8688,374,13,2025-05-01,completed
8689,69,2,2025-08-04,completed
8690,400,5,2025-06-01,completed
8691,217,7,2025-07-13,completed
8692,468,16,2025-07-31,completed
8693,111,10,2025-06-18,completed
8694,300,6,2025-12-28,completed
8695,69,9,2025-02-06,completed
8696,585,16,2025-05-01,completed
8697,681,4,2025-08-17,completed
8698,13,8,2025-03-25,completed
8699,543,12,2025-07-28,completed
8700,223,10,2025-03-15,completed
8701,793,15,2025-04-15,completed
8702,289,8,2025-12-04,completed
8703,555,18,2025-11-20,completed
8704,86,14,2025-07-16,completed
8705,961,10,2025-07-18,completed
8706,135,15,2025-10-13,completed
8707,853,5,2025-02-14,completed
8708,681,6,2025-03-11,completed
8709,889,14,2025-03-06,completed
8710,127,13,2025-01-08,completed
8711,289,1,2025-07-10,completed
8712,789,11,2025-08-15,completed
8713,203,10,2025-12-20,cancelled
8714,570,3,2025-07-06,completed
8715,310,1,2025-05-12,completed
8716,531,19,2025-11-27,completed
8717,252,20,2025-07-23,completed
8718,420,3,2025-01-09,completed
8719,983,14,2025-09-24,completed
8720,430,10,2025-08-24,completed
8721,538,6,2025-06-27,completed
8722,220,2,2025-09-23,completed
8723,881,11,2025-11-30,completed
8724,525,3,2025-04-21,completed
8725,963,1,2025-01-21,cancelled
8726,870,6,2025-04-16,completed
8727,37,10,2025-03-02,completed
8728,696,13,2025-09-29,completed
8729,549,13,2025-01-10,completed
8730,75,4,2025-07-20,completed
8731,127,8,2025-08-31,completed
8732,451,15,2025-05-30,completed
8733,621,13,2025-05-19,completed
8734,594,14,2025-12-26,completed
8735,91,17,2025-01-04,completed
8736,654,5,2025-10-16,completed
8737,656,5,2025-11-11,completed
8738,330,5,2025-11-05,completed
8739,645,12,2025-12-01,completed
8740,717,7,2025-07-08,completed
8741,154,15,2025-09-15,completed
8742,316,18,2025-05-09,completed
8743,262,11,2025-08-03,completed
8744,979,2,2025-05-26,completed
8745,640,19,2025-10-12,completed
8746,114,13,2025-03-20,completed
8747,91,20,2025-10-11,cancelled
8748,525,18,2025-12-17,completed
8749,988,12,2025-05-05,completed
8750,693,5,2025-05-31,completed
8751,975,4,2025-07-11,completed
8752,313,8,2025-06-01,completed
8753,725,18,2025-08-25,completed
8754,349,4,2025-08-29,completed
8755,67,7,2025-11-02,completed
8756,188,14,2025-10-27,completed
8757,916,8,2025-04-15,completed
8758,307,13,2025-08-04,completed
8759,534,2,2025-10-07,completed
8760,912,15,2025-04-26,completed
8761,554,16,2025-10-20,completed
8762,184,15,2025-07-02,cancelled
8763,509,12,2025-06-30,completed
8764,777,12,2025-09-21,completed
8765,843,20,2025-08-24,completed
8766,779,9,2025-03-15,completed
8767,736,13,2025-06-22,completed
8768,265,2,2025-06-05,completed
8769,180,1,2025-03-06,completed
8770,372,2,2025-06-29,completed
8771,792,15,2025-03-22,completed
8772,889,6,2025-07-13,completed
8773,240,19,2025-12-18,completed
8774,963,14,2025-04-05,completed
8775,983,5,2025-04-09,completed
8776,595,7,2025-12-29,completed
8777,248,13,2025-09-29,completed
8778,282,7,2025-01-22,cancelled
8779,925,6,2025-03-05,completed
8780,734,1,2025-08-04,completed
8781,131,5,2025-12-28,completed
8782,762,13,2025-02-18,completed
8783,655,11,2025-06-19,completed
8784,155,17,2025-08-02,completed
8785,180,20,2025-02-13,completed
8786,145,12,2025-07-23,completed
8787,705,5,2025-02-23,completed
8788,390,5,2025-04-27,completed
8789,797,15,2025-01-01,completed
8790,698,19,2025-07-25,completed
8791,565,13,2025-12-09,cancelled
8792,879,7,2025-03-07,completed
8793,870,6,2025-06-11,completed
8794,680,12,2025-01-20,completed
8795,673,15,2025-04-09,completed
8796,828,14,2025-10-22,completed
8797,336,10,2025-10-09,completed
8798,684,1,2025-01-25,completed
8799,597,6,2025-10-27,completed
8800,992,3,2025-01-24,completed
8801,616,8,2025-10-17,completed
8802,506,7,2025-08-16,completed
8803,517,12,2025-12-18,completed
8804,952,9,2025-04-22,completed
8805,408,9,2025-09-10,completed
8806,805,5,2025-09-05,completed
8807,827,5,2025-07-18,completed
8808,155,12,2025-05-25,completed
8809,23,10,2025-03-13,completed
8810,789,9,2025-04-07,completed
8811,89,12,2025-10-14,completed
8812,766,15,2025-04-16,completed
8813,956,12,2025-06-06,completed
8814,992,4,2025-08-07,completed
8815,769,1,2025-11-20,completed
8816,914,18,2025-03-11,completed
8817,479,13,2025-09-19,completed
8818,517,9,2025-01-30,completed
8819,364,5,2025-05-21,cancelled
8820,198,18,2025-11-10,completed
8821,900,4,2025-01-02,completed
8822,166,7,2025-03-10,completed
8823,43,2,2025-01-14,cancelled
8824,599,5,2025-05-01,cancelled
8825,478,8,2025-11-06,completed
8826,179,3,2025-10-19,completed
8827,128,8,2025-01-28,completed
8828,830,2,2025-06-06,completed
8829,464,3,2025-04-13,completed
8830,580,2,2025-02-23,completed
8831,28,5,2025-03-30,completed
8832,532,4,2025-06-23,completed
8833,871,15,2025-11-01,completed
8834,981,14,2025-09-25,completed
8835,302,17,2025-11-12,completed
8836,384,18,2025-10-08,completed
8837,407,3,2025-08-21,completed
8838,331,3,2025-11-03,completed
8839,792,15,2025-01-03,completed
8840,219,5,2025-10-07,completed
8841,692,2,2025-12-28,completed
8842,176,1,2025-07-04,completed
8843,316,20,2025-10-17,completed
8844,778,13,2025-08-25,completed
8845,896,8,2025-05-24,completed
8846,579,2,2025-03-02,completed
8847,395,13,2025-12-25,completed
8848,42,10,2025-02-17,completed
8849,986,11,2025-03-27,completed
8850,68,6,2025-03-31,completed
8851,278,11,2025-01-12,cancelled
8852,357,9,2025-02-13,completed
8853,623,20,2025-03-06,completed
8854,65,11,2025-10-21,completed
8855,987,11,2025-08-08,completed
8856,507,18,2025-09-29,completed
8857,550,18,2025-09-28,completed
8858,456,5,2025-12-06,completed
8859,489,12,2025-04-28,completed
8860,894,4,2025-05-06,completed
8861,541,14,2025-12-07,completed
8862,724,17,2025-05-09,completed
8863,869,10,2025-11-11,completed
8864,378,10,2025-05-05,completed
8865,614,5,2025-09-19,completed
8866,23,14,2025-05-01,completed
8867,77,7,2025-03-17,completed
8868,625,12,2025-04-22,completed
8869,112,15,2025-06-26,completed
8870,641,15,2025-06-17,completed
8871,807,1,2025-05-25,completed
8872,392,13,2025-09-22,completed
8873,463,2,2025-04-10,completed
8874,298,2,2025-09-15,completed
8875,621,20,2025-03-04,completed
8876,878,3,2025-10-05,completed
8877,375,3,2025-08-24,completed
8878,679,11,2025-09-22,completed
8879,741,19,2025-04-08,completed
8880,626,14,2025-01-31,completed
8881,911,13,2025-05-17,completed
8882,52,18,2025-05-13,completed
8883,727,11,2025-11-19,completed
8884,992,2,2025-11-29,cancelled
8885,594,19,2025-06-30,completed
8886,390,18,2025-10-31,completed
8887,356,7,2025-10-04,completed
8888,393,11,2025-01-03,completed
8889,507,2,2025-04-08,completed
8890,843,18,2025-01-15,completed
8891,255,7,2025-07-09,completed
8892,786,10,2025-04-04,completed
8893,169,16,2025-06-02,completed
8894,325,16,2025-11-20,completed
8895,765,12,2025-01-11,completed
8896,898,11,2025-04-20,completed
8897,783,18,2025-10-20,completed
8898,866,8,2025-06-12,completed
8899,159,2,2025-05-22,completed
8900,53,11,2025-05-29,completed
8901,694,19,2025-09-04,completed
8902,685,1,2025-07-27,completed
8903,801,2,2025-02-05,completed
8904,367,9,2025-06-26,completed
8905,692,12,2025-05-05,completed
8906,168,8,2025-03-07,completed
8907,414,1,2025-05-01,completed
8908,632,3,2025-09-14,completed
8909,504,15,2025-12-10,completed
8910,840,8,2025-12-15,completed
8911,538,10,2025-03-25,completed
8912,311,15,2025-09-17,completed
8913,337,13,2025-01-11,completed
8914,738,16,2025-10-09,completed
8915,18,7,2025-09-13,completed
8916,131,14,2025-12-10,completed
8917,676,9,2025-01-06,completed
8918,357,20,2025-06-24,completed
8919,526,5,2025-11-29,completed
8920,64,17,2025-12-19,completed
8921,290,7,2025-03-02,completed
8922,718,19,2025-04-10,completed
8923,857,6,2025-09-13,completed
8924,479,17,2025-07-19,cancelled
8925,756,12,2025-05-11,completed
8926,481,13,2025-03-18,completed
8927,925,3,2025-04-27,completed
8928,605,13,2025-07-30,completed
8929,851,4,2025-11-22,completed
8930,276,8,2025-03-07,completed
8931,969,20,2025-02-08,completed
8932,147,17,2025-06-11,completed
8933,458,5,2025-03-19,completed
8934,703,7,2025-11-18,completed
8935,68,15,2025-08-27,completed
8936,629,2,2025-11-21,completed
8937,656,10,2025-07-27,completed
8938,199,5,2025-01-20,completed
8939,562,9,2025-05-26,completed
8940,928,2,2025-04-25,completed
8941,202,9,2025-12-04,completed
8942,435,15,2025-08-05,completed
8943,961,18,2025-05-28,completed
8944,457,20,2025-09-12,cancelled
8945,929,13,2025-05-27,completed
8946,533,16,2025-01-20,completed
8947,724,3,2025-12-21,completed
8948,401,9,2025-08-23,completed
8949,534,10,2025-11-20,completed
8950,645,10,2025-09-09,completed
8951,567,17,2025-10-18,completed
8952,732,18,2025-03-21,completed
8953,887,12,2025-03-10,completed
8954,83,9,2025-01-23,completed
8955,843,19,2025-01-28,completed
8956,762,20,2025-05-03,completed
8957,184,13,2025-07-05,completed
8958,20,17,2025-09-14,completed
8959,738,12,2025-04-11,completed
8960,775,14,2025-12-17,completed
8961,113,15,2025-05-14,completed
8962,132,5,2025-09-13,completed
8963,395,3,2025-11-02,completed
8964,473,14,2025-05-24,completed
8965,124,20,2025-07-12,completed
8966,378,19,2025-03-12,completed
8967,498,14,2025-05-21,completed
8968,839,8,2025-03-02,completed
8969,295,4,2025-03-10,completed
8970,713,17,2025-12-28,completed
8971,150,16,2025-01-09,completed
8972,675,2,2025-11-22,completed
8973,116,3,2025-07-28,completed
8974,813,13,2025-05-01,completed
8975,424,19,2025-07-31,completed
8976,707,17,2025-02-05,completed
8977,263,2,2025-11-09,cancelled
8978,74,14,2025-07-30,completed
8979,739,15,2025-12-01,completed
8980,788,2,2025-10-21,cancelled
8981,77,1,2025-09-25,completed
8982,677,15,2025-04-10,completed
8983,950,2,2025-12-25,completed
8984,364,5,2025-05-13,completed
8985,482,13,2025-03-19,completed
8986,490,1,2025-05-02,completed
8987,619,1,2025-01-06,completed
8988,483,3,2025-09-21,completed
8989,463,3,2025-05-15,completed
8990,227,7,2025-04-29,completed
8991,589,13,2025-11-27,completed
8992,27,20,2025-05-27,completed
8993,349,11,2025-01-17,completed
8994,589,3,2025-06-12,completed
8995,787,4,2025-03-13,completed
8996,349,15,2025-03-20,completed
8997,846,11,2025-08-03,completed
8998,725,5,2025-03-24,completed
8999,332,18,2025-09-01,completed
9000,964,2,2025-01-06,completed
9001,306,20,2025-09-03,completed
9002,510,10,2025-06-05,completed
9003,374,4,2025-06-21,completed
9004,941,1,2025-08-01,completed
9005,786,20,2025-01-02,completed
9006,939,5,2025-12-28,completed
9007,416,19,2025-08-18,completed
9008,71,9,2025-12-28,completed
9009,498,20,2025-06-03,completed
9010,903,2,2025-05-25,completed
9011,873,11,2025-12-29,completed
9012,774,16,2025-04-21,completed
9013,588,14,2025-10-20,completed
9014,527,1,2025-12-01,completed
9015,942,20,2025-01-15,completed
9016,273,19,2025-02-06,completed
9017,760,8,2025-10-14,completed
9018,833,5,2025-01-16,completed
9019,302,1,2025-10-26,completed
9020,652,14,2025-07-12,completed
9021,543,11,2025-02-09,completed
9022,926,1,2025-07-30,completed
9023,204,1,2025-08-21,completed
9024,104,9,2025-04-22,completed
9025,817,3,2025-08-17,completed
9026,310,11,2025-05-15,completed
9027,765,8,2025-11-18,completed
9028,377,15,2025-03-20,completed
9029,961,12,2025-09-17,completed
9030,65,7,2025-08-20,completed
9031,522,16,2025-12-28,completed
9032,439,8,2025-06-24,completed
9033,376,10,2025-06-03,completed
9034,616,4,2025-01-01,completed
9035,150,4,2025-12-31,completed
9036,861,8,2025-10-27,completed
9037,26,4,2025-08-03,completed
9038,760,15,2025-05-10,completed
9039,974,4,2025-11-12,completed
9040,212,11,2025-06-03,completed
9041,140,17,2025-08-31,completed
9042,661,13,2025-09-04,completed
9043,188,3,2025-05-14,completed
9044,373,18,2025-02-17,completed
9045,675,12,2025-11-24,completed
9046,461,17,2025-07-15,completed
9047,28,14,2025-07-15,completed
9048,570,6,2025-11-05,completed
9049,131,8,2025-03-09,completed
9050,257,17,2025-04-27,completed
9051,428,15,2025-12-27,completed
9052,458,11,2025-07-19,completed
9053,737,9,2025-11-04,completed
9054,365,13,2025-09-23,completed
9055,471,14,2025-08-22,completed
9056,908,12,2025-07-18,completed
9057,846,6,2025-07-18,completed
9058,884,12,2025-03-26,completed
9059,560,18,2025-01-17,completed
9060,754,2,2025-02-14,completed
9061,764,16,2025-06-01,completed
9062,242,4,2025-08-19,completed
9063,799,1,2025-05-11,completed
9064,374,9,2025-12-14,completed
9065,907,13,2025-09-11,completed
9066,867,15,2025-05-28,completed
9067,371,9,2025-02-02,completed
9068,424,18,2025-03-11,completed
9069,395,8,2025-05-01,completed
9070,213,8,2025-03-08,completed
9071,91,15,2025-05-14,completed
9072,648,12,2025-05-10,completed
9073,305,7,2025-08-18,completed
9074,210,17,2025-02-26,completed
9075,628,4,2025-12-04,completed
9076,129,6,2025-06-16,completed
9077,377,3,2025-02-06,cancelled
9078,101,7,2025-03-17,completed
9079,432,18,2025-05-08,completed
9080,397,6,2025-04-25,cancelled
9081,656,1,2025-08-21,completed
9082,765,1,2025-12-24,completed
9083,72,18,2025-07-11,completed
9084,388,10,2025-06-15,completed
9085,156,7,2025-11-17,completed
9086,806,17,2025-02-03,completed
9087,645,13,2025-02-08,completed
9088,19,5,2025-08-10,completed
9089,881,2,2025-02-16,completed
9090,212,19,2025-11-21,completed
9091,622,11,2025-08-01,completed
9092,285,11,2025-06-03,completed
9093,280,17,2025-08-13,completed
9094,787,1,2025-01-03,completed
9095,11,6,2025-12-04,completed
9096,970,14,2025-11-30,completed
9097,289,19,2025-12-12,cancelled
9098,287,20,2025-05-18,completed
9099,772,1,2025-05-31,completed
9100,837,13,2025-09-16,completed
9101,775,13,2025-02-25,completed
9102,322,12,2025-01-24,completed
9103,68,5,2025-10-01,completed
9104,131,18,2025-08-19,completed
9105,18,14,2025-03-07,completed
9106,427,2,2025-08-20,completed
9107,291,8,2025-02-24,completed
9108,427,2,2025-02-09,completed
9109,94,13,2025-01-16,completed
9110,739,19,2025-06-20,cancelled
9111,180,16,2025-06-02,completed
9112,509,9,2025-04-29,completed
9113,772,20,2025-06-19,completed
9114,469,3,2025-08-21,completed
9115,321,7,2025-08-10,completed
9116,640,1,2025-06-03,completed
9117,739,7,2025-02-09,completed
9118,833,5,2025-03-14,completed
9119,167,6,2025-01-20,completed
9120,746,16,2025-10-03,completed
9121,399,8,2025-01-19,completed
9122,724,18,2025-09-10,completed
9123,190,8,2025-09-13,completed
9124,826,18,2025-05-24,completed
9125,301,9,2025-10-28,completed
9126,180,8,2025-10-03,completed
9127,504,4,2025-09-18,cancelled
9128,394,11,2025-01-26,completed
9129,157,8,2025-06-30,completed
9130,440,12,2025-12-25,completed
9131,73,5,2025-01-14,completed
9132,589,18,2025-06-07,completed
9133,629,16,2025-10-24,completed
9134,938,14,2025-11-13,completed
9135,789,2,2025-12-18,cancelled
9136,273,19,2025-02-16,completed
9137,990,10,2025-08-07,completed
9138,544,18,2025-12-22,completed
9139,550,6,2025-06-22,cancelled
9140,438,18,2025-02-14,completed
9141,266,9,2025-02-27,completed
9142,222,8,2025-03-27,cancelled
9143,889,20,2025-05-25,completed
9144,541,4,2025-07-10,completed
9145,713,3,2025-05-15,completed
9146,253,17,2025-03-19,completed
9147,930,19,2025-04-08,completed
9148,343,11,2025-06-28,completed
9149,50,6,2025-05-26,completed
9150,822,10,2025-09-28,completed
9151,659,18,2025-06-11,completed
9152,652,19,2025-05-06,completed
9153,594,12,2025-07-08,completed
9154,708,12,2025-08-29,completed
9155,9,4,2025-06-15,completed
9156,385,9,2025-11-13,completed
9157,869,13,2025-05-14,completed
9158,785,3,2025-12-16,completed
9159,886,16,2025-03-08,completed
9160,458,6,2025-01-23,completed
9161,718,10,2025-08-20,completed
9162,286,16,2025-03-28,completed
9163,109,19,2025-01-08,completed
9164,401,18,2025-09-01,completed
9165,968,16,2025-06-04,completed
9166,687,18,2025-03-07,completed
9167,947,10,2025-05-17,completed
9168,479,11,2025-03-27,completed
9169,834,14,2025-03-15,completed
9170,299,1,2025-01-12,completed
9171,849,15,2025-01-06,completed
9172,809,5,2025-10-22,completed
9173,539,18,2025-10-31,cancelled
9174,614,14,2025-09-29,completed
9175,596,10,2025-05-18,completed
9176,940,5,2025-06-12,completed
9177,134,16,2025-02-23,completed
9178,984,8,2025-12-02,completed
9179,671,11,2025-07-28,completed
9180,333,3,2025-01-03,cancelled
9181,789,8,2025-06-15,completed
9182,238,18,2025-11-20,completed
9183,326,11,2025-04-18,completed
9184,936,1,2025-09-18,completed
9185,533,4,2025-08-13,completed
9186,832,20,2025-02-05,completed
9187,438,14,2025-09-28,completed
9188,825,5,2025-04-20,completed
9189,215,9,2025-02-26,completed
9190,190,18,2025-12-10,completed
9191,507,7,2025-08-05,completed
9192,644,10,2025-04-23,completed
9193,59,16,2025-10-06,completed
9194,590,11,2025-08-10,completed
9195,767,1,2025-10-04,completed
9196,409,15,2025-01-11,completed
9197,830,14,2025-11-26,completed
9198,212,4,2025-04-07,completed
9199,325,19,2025-03-28,completed
9200,299,15,2025-04-10,completed
9201,283,3,2025-04-26,completed
9202,767,10,2025-07-18,completed
9203,438,15,2025-02-24,completed
9204,136,3,2025-07-27,completed
9205,529,1,2025-12-05,completed
9206,879,13,2025-10-02,completed
9207,158,16,2025-07-28,completed
9208,592,16,2025-07-29,completed
9209,594,12,2025-01-14,completed
9210,395,11,2025-03-17,completed
9211,222,17,2025-06-04,completed
9212,451,18,2025-11-08,completed
9213,133,5,2025-07-28,completed
9214,864,7,2025-07-21,completed
9215,281,2,2025-09-20,completed
9216,57,10,2025-04-18,completed
9217,598,6,2025-09-12,completed
9218,75,8,2025-10-26,completed
9219,157,8,2025-09-04,completed
9220,825,14,2025-11-14,completed
9221,598,20,2025-06-18,completed
9222,243,17,2025-12-07,completed
9223,216,19,2025-11-10,completed
9224,588,11,2025-10-04,completed
9225,649,5,2025-01-31,completed
9226,194,18,2025-10-23,completed
9227,669,7,2025-07-30,completed
9228,401,13,2025-07-30,cancelled
9229,903,9,2025-12-27,completed
9230,395,1,2025-09-09,completed
9231,828,17,2025-12-28,completed
9232,178,1,2025-10-31,completed
9233,297,1,2025-10-15,completed
9234,479,7,2025-03-10,completed
9235,876,17,2025-12-14,completed
9236,801,12,2025-01-05,completed
9237,562,8,2025-02-01,completed
9238,157,17,2025-05-06,completed
9239,984,7,2025-12-09,completed
9240,92,12,2025-06-18,completed
9241,559,18,2025-07-16,completed
9242,460,10,2025-12-13,completed
9243,372,17,2025-03-16,completed
9244,857,1,2025-01-11,completed
9245,7,17,2025-05-12,completed
9246,730,18,2025-12-17,completed
9247,612,1,2025-12-17,completed
9248,756,15,2025-04-27,cancelled
9249,59,11,2025-12-12,cancelled
9250,679,19,2025-07-02,completed
9251,367,19,2025-06-29,completed
9252,630,13,2025-01-19,completed
9253,880,16,2025-08-16,completed
9254,755,13,2025-09-26,completed
9255,649,7,2025-07-29,completed
9256,556,10,2025-11-29,completed
9257,943,20,2025-06-23,completed
9258,239,6,2025-06-12,completed
9259,225,15,2025-07-10,completed
9260,774,19,2025-10-08,cancelled
9261,614,14,2025-08-24,completed
9262,242,3,2025-03-08,completed
9263,931,5,2025-06-20,completed
9264,153,18,2025-07-01,completed
9265,686,20,2025-11-19,completed
9266,39,14,2025-03-04,completed
9267,881,4,2025-06-16,completed
9268,682,10,2025-10-20,completed
9269,358,19,2025-08-30,completed
9270,21,14,2025-06-22,completed
9271,574,6,2025-09-29,completed
9272,433,2,2025-07-29,completed
9273,967,17,2025-05-02,cancelled
9274,740,17,2025-01-31,completed
9275,492,18,2025-02-04,cancelled
9276,507,10,2025-04-28,completed
9277,47,16,2025-07-30,completed
9278,461,13,2025-11-18,completed
9279,677,18,2025-11-04,completed
9280,656,6,2025-11-14,completed
9281,656,10,2025-04-10,completed
9282,591,1,2025-06-15,completed
9283,580,3,2025-08-29,cancelled
9284,42,1,2025-07-21,completed
9285,335,6,2025-09-21,completed
9286,28,16,2025-11-19,completed
9287,669,11,2025-02-20,completed
9288,64,18,2025-12-09,completed
9289,813,6,2025-09-06,completed
9290,737,16,2025-11-30,completed
9291,566,3,2025-02-20,completed
9292,929,20,2025-04-23,completed
9293,184,10,2025-06-04,completed
9294,794,12,2025-12-01,completed
9295,444,11,2025-01-10,completed
9296,46,1,2025-03-08,completed
9297,368,3,2025-03-22,completed
9298,913,3,2025-07-03,completed
9299,554,3,2025-01-17,completed
9300,593,12,2025-03-26,completed
9301,905,20,2025-11-20,completed
9302,639,6,2025-01-12,completed
9303,587,18,2025-05-02,completed
9304,69,5,2025-10-16,completed
9305,780,16,2025-12-23,completed
9306,415,12,2025-03-27,completed
9307,372,9,2025-06-08,completed
9308,36,3,2025-07-17,completed
9309,85,16,2025-07-05,completed
9310,757,14,2025-05-07,completed
9311,586,16,2025-11-21,completed
9312,172,6,2025-11-23,completed
9313,719,5,2025-03-26,completed
9314,148,12,2025-05-18,completed
9315,150,11,2025-12-11,completed
9316,1,12,2025-07-05,completed
9317,139,7,2025-09-04,completed
9318,918,20,2025-09-19,completed
9319,687,18,2025-12-04,completed
9320,705,16,2025-07-28,completed
9321,454,3,2025-07-14,completed
9322,158,8,2025-06-04,completed
9323,496,2,2025-03-31,completed
9324,753,16,2025-04-30,completed
9325,466,5,2025-09-26,completed
9326,509,4,2025-01-13,completed
9327,522,1,2025-06-06,completed
9328,657,7,2025-12-02,completed
9329,572,8,2025-07-01,completed
9330,742,15,2025-06-22,completed
9331,275,1,2025-06-05,completed
9332,473,5,2025-08-25,cancelled
9333,763,5,2025-05-13,completed
9334,886,14,2025-06-24,completed
9335,11,13,2025-06-19,completed
9336,834,12,2025-10-24,completed
9337,341,2,2025-12-29,completed
9338,801,15,2025-02-08,cancelled
9339,337,15,2025-07-24,completed
9340,318,3,2025-01-31,completed
9341,826,20,2025-05-28,completed
9342,580,3,2025-05-28,completed
9343,38,6,2025-06-04,completed
9344,119,8,2025-03-26,completed
9345,751,12,2025-02-09,completed
9346,951,18,2025-09-09,completed
9347,116,10,2025-10-24,completed
9348,859,17,2025-05-16,completed
9349,107,2,2025-11-01,completed
9350,106,14,2025-03-02,completed
9351,992,11,2025-03-22,completed
9352,104,16,2025-04-23,completed
9353,868,10,2025-10-10,completed
9354,222,18,2025-10-06,completed
9355,84,9,2025-06-21,completed
9356,858,1,2025-03-29,completed
9357,205,20,2025-05-13,completed
9358,372,12,2025-11-29,completed
9359,509,17,2025-07-18,completed
9360,288,16,2025-06-25,completed
9361,601,19,2025-07-21,completed
9362,361,10,2025-10-19,completed
9363,180,9,2025-01-10,completed
9364,879,3,2025-12-23,completed
9365,913,18,2025-02-14,completed
9366,564,10,2025-05-02,completed
9367,283,5,2025-07-09,completed
9368,596,4,2025-02-24,cancelled
9369,470,7,2025-11-28,completed
9370,750,18,2025-04-30,completed
9371,221,15,2025-01-16,completed
9372,402,18,2025-05-15,completed
9373,569,11,2025-02-26,completed
9374,202,13,2025-01-04,completed
9375,570,18,2025-07-09,completed
9376,459,14,2025-07-29,completed
9377,632,8,2025-02-15,completed
9378,463,17,2025-02-01,completed
9379,88,20,2025-09-19,completed
9380,784,18,2025-11-27,completed
9381,335,11,2025-07-13,cancelled
9382,398,5,2025-07-10,completed
9383,995,4,2025-01-27,completed
9384,197,17,2025-07-17,completed
9385,59,19,2025-02-20,cancelled
9386,96,2,2025-03-30,completed
9387,901,20,2025-03-17,completed
9388,396,17,2025-04-15,cancelled
9389,285,12,2025-12-26,completed
9390,842,10,2025-09-25,completed
9391,621,6,2025-09-23,completed
9392,740,5,2025-09-14,completed
9393,242,18,2025-03-17,completed
9394,318,20,2025-01-18,cancelled
9395,949,11,2025-12-06,completed
9396,681,16,2025-01-06,completed
9397,466,16,2025-09-04,completed
9398,944,15,2025-04-11,completed
9399,953,6,2025-04-11,completed
9400,11,12,2025-10-23,completed
9401,765,13,2025-02-12,completed
9402,843,15,2025-05-20,completed
9403,871,20,2025-04-05,cancelled
9404,246,16,2025-10-03,completed
9405,742,10,2025-07-25,completed
9406,273,15,2025-01-02,completed
9407,822,1,2025-01-06,completed
9408,515,15,2025-11-16,completed
9409,449,6,2025-10-30,completed
9410,981,12,2025-01-31,completed
9411,843,18,2025-02-11,completed
9412,864,2,2025-10-31,completed
9413,506,6,2025-06-19,completed
9414,267,15,2025-05-22,completed
9415,437,5,2025-03-05,completed
9416,927,15,2025-11-05,completed
9417,307,12,2025-04-05,completed
9418,166,5,2025-02-20,completed
9419,699,14,2025-09-13,completed
9420,843,8,2025-04-06,completed
9421,848,1,2025-08-23,completed
9422,137,14,2025-10-25,completed
9423,315,8,2025-11-17,completed
9424,565,14,2025-02-08,completed
9425,29,6,2025-02-25,completed
9426,533,20,2025-04-28,cancelled
9427,741,18,2025-05-27,completed
9428,498,8,2025-01-20,completed
9429,770,6,2025-12-20,completed
9430,973,4,2025-04-07,completed
9431,296,17,2025-08-18,completed
9432,590,17,2025-05-30,completed
9433,495,17,2025-04-30,completed
9434,322,10,2025-04-30,completed
9435,745,11,2025-05-16,completed
9436,828,11,2025-05-04,completed
9437,747,10,2025-07-31,completed
9438,170,15,2025-09-26,completed
9439,596,19,2025-05-19,completed
9440,303,11,2025-11-02,completed
9441,35,12,2025-11-10,completed
9442,278,15,2025-10-11,completed
9443,217,10,2025-02-20,completed
9444,183,13,2025-03-06,completed
9445,684,12,2025-11-14,completed
9446,13,15,2025-04-30,completed
9447,556,15,2025-01-12,completed
9448,813,1,2025-09-26,completed
9449,906,19,2025-01-21,completed
9450,913,13,2025-09-18,completed
9451,893,2,2025-01-31,completed
9452,704,4,2025-05-16,completed
9453,855,15,2025-04-08,completed
9454,892,9,2025-05-31,completed
9455,583,16,2025-04-10,completed
9456,170,16,2025-07-24,completed
9457,494,10,2025-05-29,completed
9458,822,10,2025-02-13,completed
9459,20,4,2025-07-10,completed
9460,234,14,2025-07-02,completed
9461,257,13,2025-06-04,completed
9462,187,15,2025-07-30,completed
9463,284,6,2025-05-09,completed
9464,396,9,2025-11-09,completed
9465,588,20,2025-09-18,completed
9466,71,6,2025-05-21,completed
9467,358,13,2025-06-13,completed
9468,666,16,2025-06-10,completed
9469,281,20,2025-07-17,completed
9470,12,3,2025-05-22,completed
9471,683,10,2025-02-20,cancelled
9472,250,18,2025-06-20,completed
9473,62,17,2025-05-19,completed
9474,106,12,2025-06-03,completed
9475,800,12,2025-09-24,completed
9476,580,8,2025-03-01,completed
9477,907,12,2025-05-21,completed
9478,922,16,2025-05-22,completed
9479,704,6,2025-10-12,cancelled
9480,176,1,2025-09-08,completed
9481,550,10,2025-01-18,completed
9482,350,5,2025-08-03,completed
9483,743,17,2025-11-09,completed
9484,885,14,2025-07-19,completed
9485,395,5,2025-08-26,completed
9486,161,7,2025-08-16,completed
9487,232,13,2025-03-11,completed
9488,505,2,2025-10-02,completed
9489,200,19,2025-05-05,completed
9490,770,3,2025-04-22,completed
9491,966,2,2025-07-11,completed
9492,202,5,2025-07-06,completed
9493,831,1,2025-10-18,completed
9494,819,15,2025-05-21,completed
9495,564,11,2025-05-29,completed
9496,683,11,2025-07-21,completed
9497,739,14,2025-09-09,completed
9498,889,10,2025-10-10,completed
9499,216,2,2025-11-20,cancelled
9500,677,18,2025-07-12,completed
9501,311,18,2025-12-04,completed
9502,831,6,2025-12-15,completed
9503,154,14,2025-01-28,completed
9504,793,3,2025-05-15,completed
9505,537,10,2025-04-16,completed
9506,155,9,2025-05-29,completed
9507,539,20,2025-09-14,completed
9508,613,20,2025-06-05,completed
9509,32,19,2025-12-07,completed
9510,598,8,2025-12-14,completed
9511,3,16,2025-01-18,completed
9512,545,16,2025-02-27,completed
9513,497,2,2025-08-02,completed
9514,571,10,2025-09-09,completed
9515,412,4,2025-02-25,completed
9516,311,9,2025-06-26,completed
9517,814,5,2025-09-29,completed
9518,563,3,2025-06-15,cancelled
9519,415,7,2025-09-05,completed
9520,103,3,2025-12-09,completed
9521,52,17,2025-08-13,completed
9522,712,16,2025-10-19,completed
9523,137,15,2025-04-28,completed
9524,209,11,2025-01-13,completed
9525,344,8,2025-08-02,completed
9526,371,12,2025-12-25,completed
9527,271,6,2025-10-16,completed
9528,935,7,2025-03-06,completed
9529,337,5,2025-06-16,completed
9530,217,20,2025-07-03,cancelled
9531,533,4,2025-03-12,completed
9532,30,16,2025-07-26,completed
9533,800,12,2025-12-17,completed
9534,625,10,2025-02-25,completed
9535,935,6,2025-06-26,completed
9536,243,17,2025-02-16,completed
9537,732,18,2025-10-29,completed
9538,983,8,2025-06-11,completed
9539,53,3,2025-11-14,completed
9540,605,5,2025-12-03,completed
9541,635,20,2025-05-12,completed
9542,435,10,2025-04-16,completed
9543,821,6,2025-04-25,completed
9544,112,9,2025-02-23,completed
9545,616,16,2025-10-22,completed
9546,779,18,2025-06-18,completed
9547,38,12,2025-05-04,completed
9548,397,5,2025-11-03,completed
9549,612,11,2025-08-18,completed
9550,844,15,2025-07-19,cancelled
9551,336,8,2025-12-17,completed
9552,293,9,2025-10-03,completed
9553,732,2,2025-08-09,completed
9554,691,8,2025-07-03,completed
9555,792,16,2025-11-02,completed
9556,183,5,2025-05-21,cancelled
9557,912,2,2025-12-16,completed
9558,563,16,2025-03-14,completed
9559,31,14,2025-12-11,completed
9560,337,3,2025-07-17,completed
9561,736,19,2025-03-26,completed
9562,920,19,2025-11-09,completed
9563,637,7,2025-09-20,completed
9564,885,6,2025-04-02,completed
9565,181,3,2025-01-24,completed
9566,728,9,2025-11-29,completed
9567,123,19,2025-03-26,completed
9568,320,17,2025-08-17,completed
9569,419,13,2025-06-09,completed
9570,932,7,2025-09-01,completed
9571,309,9,2025-06-20,completed
9572,102,20,2025-09-17,completed
9573,422,20,2025-05-01,cancelled
9574,972,13,2025-11-06,completed
9575,42,20,2025-01-27,completed
9576,827,20,2025-09-06,completed
9577,695,19,2025-01-08,completed
9578,383,17,2025-06-04,completed
9579,741,20,2025-11-27,completed
9580,557,17,2025-03-05,completed
9581,39,3,2025-03-27,completed
9582,61,7,2025-05-10,completed
9583,89,1,2025-07-21,cancelled
9584,451,11,2025-01-24,completed
9585,884,6,2025-12-12,completed
9586,594,13,2025-04-20,completed
9587,788,17,2025-08-31,completed
9588,544,1,2025-04-12,completed
9589,68,15,2025-07-17,completed
9590,86,4,2025-01-03,completed
9591,296,15,2025-12-18,completed
9592,361,4,2025-12-26,completed
9593,344,9,2025-02-17,completed
9594,336,7,2025-09-08,completed
9595,826,13,2025-03-24,completed
9596,915,15,2025-02-03,completed
9597,839,13,2025-04-04,completed
9598,90,3,2025-10-16,completed
9599,318,13,2025-04-16,completed
9600,368,8,2025-02-08,completed
9601,639,20,2025-04-30,completed
9602,239,3,2025-03-17,completed
9603,948,7,2025-11-09,completed
9604,110,17,2025-12-02,completed
9605,253,11,2025-06-16,completed
9606,95,4,2025-06-13,completed
9607,784,11,2025-06-03,completed
9608,601,9,2025-08-19,completed
9609,138,6,2025-07-23,completed
9610,149,1,2025-05-17,completed
9611,56,4,2025-03-09,completed
9612,87,10,2025-06-25,completed
9613,703,1,2025-07-11,completed
9614,292,15,2025-07-16,completed
9615,994,16,2025-08-25,completed
9616,357,8,2025-10-29,completed
9617,227,12,2025-07-01,completed
9618,842,17,2025-12-20,completed
9619,623,18,2025-11-11,completed
9620,604,1,2025-12-09,completed
9621,866,5,2025-06-01,completed
9622,735,19,2025-06-11,completed
9623,1,17,2025-04-22,completed
9624,613,11,2025-12-26,completed
9625,367,20,2025-02-03,completed
9626,193,7,2025-07-13,completed
9627,51,19,2025-05-09,completed
9628,35,6,2025-05-21,completed
9629,263,8,2025-12-22,completed
9630,497,13,2025-08-19,completed
9631,988,15,2025-09-20,completed
9632,483,19,2025-01-01,completed
9633,599,11,2025-02-17,completed
9634,218,10,2025-10-14,completed
9635,541,17,2025-11-07,completed
9636,112,4,2025-06-02,completed
9637,22,17,2025-03-20,completed
9638,234,4,2025-11-04,completed
9639,878,2,2025-03-24,completed
9640,972,3,2025-03-25,completed
9641,231,11,2025-07-23,completed
9642,868,6,2025-01-14,completed
9643,136,14,2025-12-31,completed
9644,818,4,2025-11-07,completed
9645,343,20,2025-07-29,completed
9646,910,18,2025-11-05,completed
9647,532,2,2025-04-08,completed
9648,438,17,2025-05-08,completed
9649,544,13,2025-08-22,completed
9650,65,4,2025-05-17,cancelled
9651,366,20,2025-11-30,completed
9652,311,6,2025-09-12,completed
9653,701,16,2025-04-26,completed
9654,482,1,2025-11-29,completed
9655,803,18,2025-11-27,completed
9656,644,17,2025-05-08,completed
9657,983,12,2025-12-20,completed
9658,301,9,2025-09-24,completed
9659,75,19,2025-08-16,completed
9660,229,12,2025-04-15,completed
9661,236,6,2025-02-26,completed
9662,3,11,2025-12-04,completed
9663,638,9,2025-01-03,completed
9664,75,12,2025-01-14,completed
9665,444,13,2025-06-26,completed
9666,134,7,2025-08-10,cancelled
9667,811,7,2025-06-30,completed
9668,370,17,2025-11-04,completed
9669,866,10,2025-06-24,completed
9670,224,6,2025-03-10,completed
9671,910,3,2025-07-19,completed
9672,916,7,2025-08-07,completed
9673,994,12,2025-06-02,completed
9674,314,12,2025-11-07,completed
9675,416,13,2025-08-20,completed
9676,381,3,2025-06-29,completed
9677,238,2,2025-03-01,completed
9678,479,2,2025-11-24,completed
9679,493,8,2025-07-04,completed
9680,840,2,2025-07-14,completed
9681,739,18,2025-09-08,completed
9682,624,15,2025-01-02,completed
9683,440,5,2025-09-11,completed
9684,688,3,2025-08-24,completed
9685,339,8,2025-02-13,completed
9686,702,16,2025-07-21,completed
9687,451,16,2025-12-02,completed
9688,14,7,2025-04-12,completed
9689,92,13,2025-01-19,cancelled
9690,271,4,2025-02-16,completed
9691,477,14,2025-06-02,completed
9692,825,13,2025-04-06,completed
9693,721,11,2025-04-03,completed
9694,529,10,2025-11-12,completed
9695,488,20,2025-03-13,completed
9696,763,6,2025-09-18,completed
9697,457,18,2025-03-16,completed
9698,202,13,2025-11-08,completed
9699,679,17,2025-10-12,completed
9700,461,6,2025-12-22,completed
9701,2,9,2025-02-11,completed
9702,451,3,2025-01-22,completed
9703,572,14,2025-09-16,completed
9704,758,15,2025-05-27,completed
9705,763,18,2025-07-01,completed
9706,773,14,2025-04-22,completed
9707,426,20,2025-11-21,cancelled
9708,444,18,2025-02-19,completed
9709,211,4,2025-06-21,completed
9710,305,16,2025-05-17,cancelled
9711,746,10,2025-02-23,completed
9712,213,10,2025-10-10,completed
9713,588,20,2025-08-01,completed
9714,199,12,2025-02-26,completed
9715,191,3,2025-11-16,completed
9716,540,15,2025-04-20,completed
9717,460,1,2025-03-01,completed
9718,156,7,2025-01-04,completed
9719,960,20,2025-02-22,completed
9720,771,3,2025-12-31,completed
9721,795,1,2025-11-04,completed
9722,830,7,2025-04-11,completed
9723,370,19,2025-09-08,completed
9724,512,7,2025-03-01,completed
9725,493,5,2025-05-02,completed
9726,608,18,2025-08-15,completed
9727,252,10,2025-12-06,completed
9728,56,13,2025-10-27,cancelled
9729,595,16,2025-06-15,completed
9730,296,13,2025-08-07,completed
9731,364,16,2025-04-03,completed
9732,437,8,2025-06-04,completed
9733,347,17,2025-01-23,completed
9734,294,12,2025-04-21,completed
9735,989,15,2025-11-01,completed
9736,4,10,2025-11-17,completed
9737,491,20,2025-07-26,completed
9738,209,12,2025-01-01,completed
9739,446,15,2025-05-21,completed
9740,498,3,2025-05-10,completed
9741,615,8,2025-03-12,completed
9742,114,17,2025-11-23,completed
9743,217,8,2025-02-09,completed
9744,293,12,2025-10-21,completed
9745,344,13,2025-08-08,completed
9746,613,15,2025-08-07,completed
9747,594,16,2025-05-28,completed
9748,189,7,2025-03-06,completed
9749,80,11,2025-11-19,completed
9750,706,16,2025-12-03,completed
9751,680,20,2025-12-07,completed
9752,388,16,2025-02-01,completed
9753,970,20,2025-01-28,completed
9754,946,2,2025-09-06,completed
9755,747,16,2025-08-20,completed
9756,124,10,2025-05-14,completed
9757,76,14,2025-02-23,completed
9758,835,5,2025-05-13,completed
9759,805,3,2025-01-19,completed
9760,442,12,2025-05-17,completed
9761,674,20,2025-06-17,completed
9762,721,19,2025-11-04,completed
9763,511,8,2025-06-26,cancelled
9764,71,13,2025-05-28,completed
9765,473,17,2025-12-04,completed
9766,984,9,2025-08-24,completed
9767,806,9,2025-11-20,completed
9768,276,18,2025-09-16,completed
9769,617,17,2025-01-05,completed
9770,11,4,2025-12-29,completed
9771,110,5,2025-08-29,completed
9772,916,5,2025-11-15,completed
9773,283,11,2025-03-09,completed
9774,351,15,2025-06-27,completed
9775,331,2,2025-03-25,completed
9776,873,14,2025-08-17,completed
9777,572,6,2025-01-27,completed
9778,362,18,2025-04-03,completed
9779,63,14,2025-05-31,completed
9780,320,13,2025-09-06,completed
9781,548,9,2025-02-17,completed
9782,189,17,2025-12-21,completed
9783,712,10,2025-08-05,completed
9784,983,2,2025-07-03,completed
9785,52,1,2025-02-11,completed
9786,891,18,2025-05-30,completed
9787,153,10,2025-12-05,completed
9788,611,4,2025-04-09,completed
9789,313,15,2025-02-19,completed
9790,420,12,2025-02-13,completed
9791,596,9,2025-08-28,completed
9792,306,16,2025-11-26,completed
9793,514,18,2025-06-04,completed
9794,706,14,2025-08-27,completed
9795,750,12,2025-10-04,completed
9796,730,14,2025-06-12,completed
9797,498,18,2025-03-24,completed
9798,509,20,2025-10-02,completed
9799,522,5,2025-09-02,completed
9800,993,10,2025-09-21,completed
9801,226,2,2025-05-04,completed
9802,622,19,2025-07-08,completed
9803,270,8,2025-10-14,completed
9804,216,14,2025-04-25,completed
9805,486,9,2025-03-30,completed
9806,958,16,2025-01-29,completed
9807,303,8,2025-03-13,completed
9808,26,17,2025-09-24,completed
9809,732,3,2025-05-17,cancelled
9810,464,7,2025-01-17,completed
9811,813,19,2025-12-02,completed
9812,340,18,2025-09-14,completed
9813,81,15,2025-07-24,completed
9814,818,1,2025-07-06,completed
9815,691,6,2025-05-25,completed
9816,602,19,2025-10-30,completed
9817,447,10,2025-09-24,completed
9818,493,2,2025-05-18,completed
9819,15,17,2025-08-11,completed
9820,267,1,2025-04-03,completed
9821,895,9,2025-08-16,completed
9822,496,20,2025-07-16,completed
9823,484,14,2025-08-01,completed
9824,646,13,2025-04-02,completed
9825,622,16,2025-06-24,completed
9826,822,17,2025-03-04,completed
9827,11,6,2025-11-16,completed
9828,275,20,2025-01-28,completed
9829,426,1,2025-06-13,completed
9830,306,14,2025-06-26,completed
9831,510,17,2025-09-30,completed
9832,502,7,2025-05-05,completed
9833,823,3,2025-06-23,completed
9834,414,12,2025-10-13,cancelled
9835,450,16,2025-10-08,completed
9836,147,4,2025-12-26,completed
9837,19,6,2025-03-12,completed
9838,280,3,2025-08-22,completed
9839,867,17,2025-09-23,completed
9840,993,17,2025-06-24,completed
9841,175,19,2025-03-10,completed
9842,522,15,2025-12-30,completed
9843,783,16,2025-01-07,completed
9844,269,9,2025-02-23,completed
9845,760,14,2025-10-29,completed
9846,71,13,2025-05-15,completed
9847,301,14,2025-01-28,completed
9848,558,12,2025-07-21,completed
9849,692,9,2025-05-19,completed
9850,573,11,2025-04-23,completed
9851,748,5,2025-10-05,completed
9852,830,8,2025-02-26,completed
9853,908,1,2025-03-11,completed
9854,679,3,2025-01-10,completed
9855,981,17,2025-01-17,completed
9856,989,19,2025-10-30,completed
9857,755,5,2025-01-30,completed
9858,662,5,2025-05-12,completed
9859,160,5,2025-10-12,completed
9860,739,7,2025-03-11,completed
9861,886,12,2025-11-14,completed
9862,793,5,2025-12-13,completed
9863,780,20,2025-02-22,completed
9864,503,13,2025-11-16,completed
9865,870,1,2025-08-13,completed
9866,219,19,2025-02-19,completed
9867,757,19,2025-02-18,completed
9868,539,17,2025-06-30,completed
9869,227,5,2025-10-07,completed
9870,870,6,2025-12-06,completed
9871,141,17,2025-09-19,completed
9872,619,12,2025-05-23,completed
9873,244,19,2025-02-09,completed
9874,564,3,2025-07-13,completed
9875,56,10,2025-08-07,completed
9876,917,1,2025-09-08,completed
9877,467,3,2025-06-22,completed
9878,360,15,2025-12-16,completed
9879,654,16,2025-08-23,completed
9880,666,1,2025-07-10,completed
9881,504,6,2025-10-13,cancelled
9882,855,6,2025-11-02,completed
9883,725,3,2025-03-04,completed
9884,440,7,2025-12-24,completed
9885,486,2,2025-09-04,completed
9886,657,16,2025-10-05,completed
9887,262,14,2025-11-20,completed
9888,802,20,2025-04-03,completed
9889,551,11,2025-08-18,completed
9890,567,3,2025-10-21,completed
9891,944,2,2025-06-11,completed
9892,108,19,2025-05-17,completed
9893,437,1,2025-03-13,completed
9894,489,20,2025-03-10,completed
9895,482,12,2025-06-19,completed
9896,911,16,2025-11-20,completed
9897,663,1,2025-11-22,completed
9898,532,17,2025-05-17,completed
9899,172,20,2025-02-09,completed
9900,506,1,2025-06-12,completed
9901,974,7,2025-12-08,completed
9902,117,13,2025-11-12,completed
9903,370,6,2025-03-30,completed
9904,918,11,2025-07-02,completed
9905,761,7,2025-02-18,completed
9906,721,10,2025-10-22,completed
9907,268,1,2025-05-04,completed
9908,878,7,2025-09-03,cancelled
9909,929,14,2025-08-17,completed
9910,427,4,2025-02-08,completed
9911,286,17,2025-04-18,completed
9912,19,19,2025-04-20,completed
9913,204,16,2025-05-07,completed
9914,667,2,2025-10-21,completed
9915,874,11,2025-07-27,completed
9916,494,2,2025-08-11,completed
9917,8,9,2025-01-09,completed
9918,346,5,2025-06-08,completed
9919,13,13,2025-03-28,completed
9920,421,4,2025-11-13,completed
9921,433,6,2025-09-27,completed
9922,422,2,2025-03-03,completed
9923,191,4,2025-08-17,completed
9924,151,7,2025-12-29,completed
9925,184,11,2025-08-21,completed
9926,537,11,2025-07-13,completed
9927,812,17,2025-01-24,completed
9928,237,11,2025-05-28,completed
9929,66,15,2025-06-19,completed
9930,64,3,2025-01-18,completed
9931,818,17,2025-12-17,completed
9932,753,8,2025-07-22,completed
9933,580,1,2025-03-23,completed
9934,197,5,2025-04-29,completed
9935,288,12,2025-04-21,completed
9936,438,10,2025-12-11,completed
9937,523,17,2025-11-04,completed
9938,959,5,2025-02-26,completed
9939,726,6,2025-05-30,cancelled
9940,430,6,2025-09-11,completed
9941,481,9,2025-02-15,completed
9942,230,15,2025-02-16,completed
9943,863,3,2025-08-17,completed
9944,953,16,2025-02-23,completed
9945,815,20,2025-11-23,completed
9946,553,10,2025-04-09,completed
9947,791,7,2025-07-14,completed
9948,248,4,2025-05-07,completed
9949,29,7,2025-08-20,completed
9950,243,2,2025-06-23,completed
9951,250,2,2025-08-14,completed
9952,432,14,2025-02-04,completed
9953,669,14,2025-01-12,completed
9954,478,9,2025-03-24,completed
9955,96,11,2025-10-01,completed
9956,764,16,2025-04-23,completed
9957,441,19,2025-05-14,completed
9958,349,19,2025-10-12,completed
9959,290,1,2025-11-22,completed
9960,353,10,2025-12-21,completed
9961,751,6,2025-02-05,completed
9962,200,15,2025-12-24,completed
9963,412,13,2025-08-07,completed
9964,383,20,2025-11-22,completed
9965,478,12,2025-06-10,completed
9966,111,17,2025-07-18,completed
9967,553,9,2025-02-06,completed
9968,216,2,2025-01-18,completed
9969,478,3,2025-11-04,completed
9970,485,10,2025-12-27,completed
9971,137,7,2025-09-12,completed
9972,556,2,2025-09-28,completed
9973,524,12,2025-07-05,completed
9974,931,8,2025-09-15,completed
9975,40,7,2025-06-08,completed
9976,813,14,2025-08-25,completed
9977,923,9,2025-08-15,completed
9978,368,2,2025-05-09,completed
9979,497,6,2025-04-22,completed
9980,650,7,2025-09-16,completed
9981,461,8,2025-04-25,completed
9982,135,6,2025-03-02,completed
9983,797,12,2025-12-19,completed
9984,617,13,2025-11-30,completed
9985,426,16,2025-07-14,completed
9986,176,13,2025-12-12,cancelled
9987,932,14,2025-11-18,completed
9988,478,18,2025-02-13,completed
9989,61,16,2025-02-28,cancelled
9990,572,18,2025-12-25,completed
9991,113,12,2025-08-20,completed
9992,997,3,2025-01-06,completed
9993,164,18,2025-07-24,completed
9994,4,16,2025-04-15,completed
9995,555,6,2025-12-05,completed
9996,354,2,2025-04-26,completed
9997,779,1,2025-08-31,completed
9998,162,2,2025-01-18,completed
9999,110,3,2025-09-23,completed
10000,13,1,2025-05-20,completed
